sample_id,id,logK,max_age,M_ref,L1,L2,vbk,cv_len,maturity_a,l50,weight_a,weight_b,sex_ratio,h,Lc,age1,age2,reproductive_cycle,rmax,epr_unfished_rmax,alpha,generation_time,inflection_point,amat50,shape,subsample_method,clean_index
124328,124328,13.5871379063055,24,0.177806581960962,55.2424803358032,291.372398726652,0.783808489388782,0.106810652744025,-21.1994253622829,106.904576515511,5.72362619551685e-07,3.50140812301208,0.459534097959057,0.311026911198381,138.515799664355,0,10,1,0.0925,523.6834,0.0034,7.4899,0.7017,1,6.10849268701425,Inverse Transform.D,115768
22566,22566,14.3511952661761,14,0.153494205089455,44.6702066859441,221.188540398836,0.654646906867314,0.198042103461921,-21.8903157588745,161.750962653486,5.48944629209815e-07,3.54923056118889,0.488863090162591,0.478662452284719,135.404223719463,0,10,1,0.1924,285.1179,0.0129,8.2309,0.547,2,2.55457830812686,Inverse Transform.D,20997
331674,331674,13.8186946611376,14,0.215273195371326,63.4731345398667,227.160589723094,0.772042677338683,0.244582289783284,-14.5982219690712,207.160589723095,5.73575828325337e-07,3.43737850997613,0.501971801391369,0.337677021991927,169.086932533023,0,10,1,0.1194,124.5118,0.0164,6.7514,0.6734,2,5.14015819728399,Inverse Transform.D,308727
432706,432706,13.6243359353109,14,0.266288217972162,77.2795308926431,198.928648028523,0.543288949409487,0.211513988720253,-13.6967722335481,147.725247183027,5.41452551756924e-07,3.511920775432,0.498383446095837,0.416285903283565,175.761104255247,0,10,1,0.2073,76.7592,0.0372,6.1241,0.5884,2,3.18334149823329,Inverse Transform.D,402806
126032,126032,13.1541950358664,15,0.200488233127961,54.9999566910475,282.846599590423,0.338630896681093,0.0899276946671307,-19.1555406990867,262.846599590423,5.9393513081334e-07,3.3975966467599,0.534449024936473,0.524764200912333,148.264017497584,0,10,1,0.1619,130.5113,0.0338,10.1699,0.5398,6,2.45994641219633,Inverse Transform.D,117344
413574,413574,13.8377168427789,13,0.257883786378269,49.2930135234898,196.166674166452,0.7162446163127,0.0901894705370069,-20.3253746904036,149.690710675598,5.50570880856999e-07,3.5426047080706,0.454722312619403,0.413315957049051,121.832329537802,0,10,1,0.2007,88.8296,0.0317,6.1147,0.5948,2,3.29539188562784,Inverse Transform.D,385032
401774,401774,13.648667326005,17,0.185833530177578,51.1707100369809,212.480689406643,0.462120022083388,0.0876199292950332,-23.3231596886753,198.238455488016,5.65361881980469e-07,3.46632769941524,0.457374149324051,0.510867094943154,136.787553199638,0,10,1,0.1725,81.0198,0.0516,9.6518,0.5377,4,2.43306574994773,Inverse Transform.D,374031
382852,382852,13.8172223358812,13,0.0771325451007627,70.8233113181443,264.788285167287,0.493349820734346,0.135327551886439,-24.34816999923,244.788285167287,5.28591754066674e-07,3.55561667922498,0.47514629751179,0.578644238868723,167.461110111811,0,10,1,0.1751,1080.7137,0.0051,10.7126,0.5153,4,2.16509120790751,Inverse Transform.D,356402
82865,82865,13.9252554039722,14,0.261179524327921,55.9972538609191,246.879766092619,0.522726660848586,0.238466045027599,-24.78917833049,226.879766092619,5.33013299825657e-07,3.46818227764929,0.51683650576982,0.458302550986369,129.540307043787,0,10,1,0.2009,106.1397,0.0319,7.0964,0.5667,2,2.83453138350809,Inverse Transform.D,77105
117513,117513,13.6773604544663,17,0.228780399911478,53.407229277875,262.786995155514,0.270365880509922,0.169163540331647,-17.056134317853,200.491179040573,5.75320865751957e-07,3.40866250856983,0.520268616659176,0.396504660892073,129.053940810815,0,10,1,0.1143,90.2202,0.0291,9.3456,0.6207,4,3.79841048191223,Inverse Transform.D,109380
363764,363764,13.8103554334349,14,0.203951169197684,59.9657432942566,324.528695725732,0.405466935973709,0.215326544130221,-16.1627207852442,152.662181826517,5.47818723057651e-07,3.50344813715842,0.534352902427581,0.489161057218189,124.965970754977,0,10,1,0.2115,551.7775,0.0069,7.7666,0.5402,2,2.46510280447607,Inverse Transform.D,338658
46020,46020,13.942595410863,12,0.195564835563104,51.3829341784981,310.036985607645,0.747049211147335,0.0964439797680825,-22.5136893163965,224.957572468791,5.59031436179858e-07,3.52220556820803,0.528069215549592,0.448941793014437,175.248148041166,0,10,1,0.2046,695.7421,0.0047,6.8733,0.5693,2,2.87395873200395,Inverse Transform.D,42782
187767,187767,13.1422930020252,17,0.228806235099592,65.7626300834032,198.70442307787,0.419518104903455,0.104497315036133,-20.8348741256413,175.151081998737,5.72890330221035e-07,3.48493329905957,0.50764560461766,0.513140183849914,140.569271739163,0,10,1,0.2038,60.1189,0.0701,8.4081,0.5322,4,2.36415068699128,Inverse Transform.D,174788
156800,156800,14.2730366217944,15,0.108373317545767,47.1089613796245,258.443506526369,0.640205070772293,0.128616718947887,-16.4262539932179,194.81220340249,5.49280715008219e-07,3.41474292428599,0.552017559420938,0.555830535099127,164.127258184039,0,10,1,0.2055,401.6897,0.0125,9.8001,0.5021,2,2.02186682491012,Inverse Transform.D,146021
116321,116321,13.0870510990003,16,0.222912941666461,58.1255816956089,202.295849919319,0.416329712704241,0.199411694938317,-18.2798492339453,183.194528790647,5.68399131032297e-07,3.48481649891828,0.547907667671186,0.502163812039063,138.199153597431,0,10,1,0.1994,73.6758,0.0548,8.3329,0.538,4,2.43688636618091,Inverse Transform.D,108255
302828,302828,12.4154522859961,12,0.245681837783326,75.3525969693734,195.95572255319,0.237159477881625,0.175292033050209,-16.8107351984527,167.147118320014,5.37676103573e-07,3.52081262051491,0.509772804974235,0.50530167359194,166.407805591345,0,10,1,0.1862,48.8807,0.0836,8.4056,0.5492,4,2.58427834062634,Inverse Transform.D,281841
393679,393679,13.7245829978528,12,0.157537170579298,84.8341871496065,241.255599416251,0.497814344456017,0.248363381018862,-24.7221222641228,179.3745676312,5.68810542659563e-07,3.52241721017384,0.497576387037756,0.473534557542784,134.867123206476,0,10,1,0.1888,328.8657,0.0109,7.9179,0.5578,2,2.70406532189852,Inverse Transform.D,366486
490124,490124,13.2206511794505,14,0.565814222061783,45.9698989968413,310.696973082375,0.520369528179926,0.122749237669632,-20.9012862855107,171.203585221382,5.64459527061696e-07,3.41280300884481,0.503814452358785,0.345463781902142,120.718563725224,0,10,1,0.2082,62.5768,0.0337,3.9675,0.6687,2,4.99880880973014,Inverse Transform.D,456293
473649,473649,13.1122623581737,20,0.0770586829332705,87.3773496360337,194.63522863282,0.68082929934047,0.187949868524447,-20.2128583219143,174.63522863282,5.40417612239802e-07,3.55299752714876,0.533878780327164,0.585787493369875,133.216758955476,0,10,1,0.195,457.0463,0.0124,12.3438,0.4688,2,1.70190320783388,Inverse Transform.D,440905
454410,454410,14.4642302583639,17,0.198381395983112,51.1692818105738,195.951490271837,0.515830902745395,0.13800988602452,-9.51582667219636,163.068085961972,5.61641572578897e-07,3.46859518835624,0.47328166193658,0.463862167985327,129.30255839078,0,10,1,0.1855,73.3155,0.0472,8.1426,0.5559,2,2.67708401427,Inverse Transform.D,422965
167073,167073,13.5760610017783,17,0.189079406092677,45.4716351041101,254.430819244369,0.634813235688497,0.177918256493285,-23.1598723195516,139.389770277443,5.69614117069427e-07,3.48220813409084,0.505185461437922,0.448731921580669,138.985220216006,0,10,1,0.2012,272.118,0.012,7.4804,0.5565,1,2.68557217677475,Inverse Transform.D,155550
288992,288992,13.6252069528962,9,0.540502496821643,49.0800122977297,216.937928464554,0.621632361018383,0.164546850975603,-17.3562164205518,212.388405095311,5.25608273161363e-07,3.43785565220745,0.500968396243955,0.345702583015811,177.197358264182,0,10,1,0.1688,16.4106,0.1288,4.7565,0.6741,2,5.1616402004199,Inverse Transform.D,268897
223788,223788,13.9081941082159,18,0.236398218471431,57.9089553469691,215.988312370791,0.62927698123906,0.241645528934896,-26.3081502115073,195.988312370791,5.28861414816867e-07,3.45593605035826,0.517908656193573,0.433987060217515,134.314917837042,0,10,1,0.1935,83.8831,0.0366,7.0266,0.5756,2,2.97207458580288,Inverse Transform.D,208267
469169,469169,13.5229201831078,13,0.137263725623333,70.022249664926,213.097556909438,0.537611125167517,0.0707447630353272,-24.3290262295011,156.133280490285,5.28732936273447e-07,3.48869017158818,0.512589309637635,0.383640711093422,123.632299958006,0,10,1,0.1202,208.4538,0.0119,8.4613,0.6298,2,3.99639775673968,Inverse Transform.D,436741
202332,202332,13.4420065595377,16,0.30125120491279,77.6611166978455,213.651130165091,0.675105739646685,0.188099563354626,-21.608117023793,202.568725339256,5.67261139579508e-07,3.51256280529021,0.510709967211137,0.419375972436707,185.547079246851,0,10,1,0.2134,85.0309,0.034,5.9078,0.5897,2,3.20574212946889,Inverse Transform.D,188328
480937,480937,13.8708070982199,14,0.183097480324982,49.8708339537817,199.657853776589,0.466731584635881,0.200910246418789,-21.186388751403,177.353881459185,6.09827123547576e-07,3.45637563239112,0.551162593261537,0.537055213456126,143.450563564491,0,10,1,0.2122,96.5949,0.048,8.6131,0.5202,2,2.22091565239784,Inverse Transform.D,447741
257421,257421,14.250504119736,12,0.42871710894488,62.3691739043033,264.858189261339,0.694463078779837,0.236116298381239,-20.7110277547473,196.50108888637,5.6182081293351e-07,3.41066301904606,0.508499666668735,0.307507908305498,119.793666920421,0,10,1,0.1412,68.146,0.0261,4.4603,0.7194,2,6.83702518613598,Inverse Transform.D,239542
359930,359930,12.5115153920667,18,0.183082173166546,42.000683532707,283.241622737107,0.478030947046911,0.100127492053434,-15.4961530032218,263.241622737107,5.34825104311302e-07,3.48776788911025,0.505854754559937,0.452480406763358,136.538897145859,0,10,1,0.1427,272.965,0.0121,9.6434,0.5733,4,2.9358237731435,Inverse Transform.D,335082
484851,484851,13.5831986509148,12,0.297457466701127,57.4024000368534,228.982469326833,0.712389589470284,0.0799960447940976,-24.9771470910241,208.982469326833,5.09926380212456e-07,3.54542435924343,0.498370285863974,0.41452484114828,137.766148584922,0,10,1,0.1875,106.3036,0.0266,6.2712,0.6027,2,3.4400571225826,Inverse Transform.D,451391
368030,368030,13.8449047309889,9,0.483340561229391,49.7088083426913,220.819488267941,0.389635083445286,0.20155094913207,-23.3971059903325,200.819488267941,5.28028051842018e-07,3.46119904440203,0.480660846545218,0.326693382794212,126.939841899101,0,10,1,0.119,14.8162,0.131,5.8297,0.7014,4,6.09704444834117,Inverse Transform.D,342620
225567,225567,13.1552205613254,15,0.233131499152276,41.6703463537636,286.287671959444,0.644133659565719,0.222606030898169,-25.5798278778116,179.481056302469,5.4775439185684e-07,3.4802670503715,0.486571962461774,0.435719057645342,193.598314442138,0,10,1,0.207,276.9935,0.0112,6.6712,0.5726,2,2.92489009236527,Inverse Transform.D,209921
496981,496981,14.7318780660564,11,0.564027829266682,58.0737696611153,221.772032719592,0.322848639026384,0.209079460287467,-15.8423304194782,214.483761682904,5.02758659407949e-07,3.55604905349742,0.506476108266638,0.416618558932946,135.273523205234,0,10,1,0.1956,12.2959,0.2323,5.8318,0.6084,4,3.54904584325605,Inverse Transform.D,462708
32235,32235,14.2339167970069,11,0.710799169728023,71.9644378024624,207.808597242528,0.728104748473171,0.201565129542723,-17.0389965501999,187.808597242528,5.48532364714668e-07,3.48771738210365,0.563237276141377,0.303095323353184,145.962495776863,0,10,1,0.1794,21.5191,0.0808,3.3119,0.7304,2,7.34868373188805,Inverse Transform.D,29962
324848,324848,14.0376146097555,15,0.409493851035715,54.8051919037587,203.05229018908,0.732679486889964,0.0675846095196903,-19.2922519617453,166.655152249507,5.8453849810316e-07,3.49701195674756,0.50279002689873,0.313135602022791,123.590837421777,0,10,1,0.1372,45.0668,0.0405,4.7771,0.7121,2,6.52338618659841,Inverse Transform.D,302354
367063,367063,14.2769349425983,16,0.146580787951021,76.7477434503172,222.947493412468,0.385879234867549,0.227374308183789,-23.9885636882657,162.013125136074,5.47437900937729e-07,3.44382795492845,0.488379995880838,0.502145280097408,126.977511383071,0,10,1,0.1789,152.5336,0.0264,9.5121,0.5336,2,2.38149161788532,Inverse Transform.D,341709
346617,346617,13.5436249333723,14,0.184023866734069,71.5901414147002,198.093442013487,0.499580002197392,0.219380268407986,-20.5578633212448,177.141313253327,5.52216437542769e-07,3.52101906503148,0.474361049978399,0.406072459001079,152.375389144269,0,10,1,0.1412,112.5392,0.0243,8.1293,0.6072,2,3.52576833849743,Inverse Transform.D,322713
363210,363210,13.8848694236626,20,0.149382034834509,61.4237473410563,235.121643040131,0.39596464127424,0.0718347216024995,-23.2913649200642,218.629399598028,5.48540090418298e-07,3.44941502198762,0.540091226779367,0.60624958558179,143.306382535763,0,10,1,0.1918,156.3579,0.0394,11.527,0.4847,4,1.84778726855413,Inverse Transform.D,338142
291649,291649,13.941921492595,12,0.176536291522164,67.9386488999025,200.961211910471,0.755203926291167,0.150773880025372,-21.8201502892625,156.397101824849,5.71827605962947e-07,3.51999363146664,0.462471844709098,0.409653498893838,144.222806120426,0,10,1,0.1693,156.7385,0.0177,7.0409,0.6002,2,3.39349261768406,Inverse Transform.D,271366
95281,95281,13.5521633193476,14,0.18989813852845,95.1526519583253,197.836635828013,0.781787708889249,0.111196745419875,-22.4541525576496,187.845525602734,5.63851626478687e-07,3.50575335947414,0.526598959953323,0.313268800392327,155.987498168883,0,10,1,0.0912,133.9823,0.0136,7.26,0.71,2,6.43669417995341,Inverse Transform.D,88681
76824,76824,13.4041526528577,19,0.122739987192038,81.4541229598656,280.725465184671,0.521726892570833,0.178849337110296,-22.2665786627057,150.371513890586,5.82981595641901e-07,3.43917963722465,0.466862576246749,0.425396821007218,116.429929936973,0,10,1,0.1361,475.2791,0.0062,9.8951,0.5774,1,3.00079777508441,Inverse Transform.D,71473
452124,452124,13.7110281033021,15,0.240837792962508,70.2243280356857,227.701741576376,0.376421799427872,0.214237979240716,-14.7792546141566,207.701741576376,5.84626683959436e-07,3.4063127926603,0.513460337575456,0.439018133170254,129.664792493336,0,10,1,0.1619,59.6192,0.0525,8.0722,0.583,4,3.09219282166358,Inverse Transform.D,420843
105980,105980,14.7249279345048,14,0.389068953727063,46.6024354554132,240.122105317611,0.282812502434258,0.0761112758889794,-18.5188877066432,218.898032228849,5.80926160105633e-07,3.39847240083707,0.455951560954992,0.470459181772644,178.509941022696,0,10,1,0.1636,11.2459,0.316,8.3608,0.5744,6,2.95309848287368,Inverse Transform.D,98648
581,581,14.5026496773798,17,0.306596573427939,71.8009222824321,214.849308375128,0.626933405699432,0.0849848228041083,-13.4798138824051,194.849308375128,5.36575291079089e-07,3.49018975485795,0.461244743747596,0.408129344752256,130.062223927329,0,10,1,0.1921,57.978,0.0476,6.1418,0.602,2,3.42694436713488,Inverse Transform.D,555
98376,98376,14.2401154161054,15,0.188337752793428,55.5097837107871,234.321844785608,0.897349506627222,0.149793196236715,-16.034939569454,184.791164997576,5.37924371132037e-07,3.46029063294226,0.531290579320877,0.33174297726749,138.03383816966,0,10,1,0.111,197.0808,0.0101,7.0556,0.6786,2,5.30249175064622,Inverse Transform.D,91546
282274,282274,13.8594001090703,14,0.129669862559183,67.482440628675,291.228235064134,0.47505805501322,0.194308289047331,-24.1744322425904,150.76949210066,5.18362876080892e-07,3.53456698975752,0.49625067261322,0.495151451719467,112.811402455887,0,10,1,0.1821,792.7654,0.0049,9.0458,0.5397,1,2.4586591363358,Inverse Transform.D,262626
205974,205974,14.2141276235542,15,0.190544688197669,87.0119063103902,290.786074234378,0.702306848399165,0.123280359897763,-19.1754760812855,270.786074234378,6.01994528477835e-07,3.40861096546475,0.511209558785204,0.466221654907805,147.694531533388,0,10,1,0.1943,277.6882,0.0126,7.7927,0.5554,2,2.67003314782001,Inverse Transform.D,191721
458345,458345,13.3608617688581,18,0.179705496652077,65.1186881236573,296.759668976517,0.703067846957847,0.195902840793133,-22.5333896024297,183.286250391625,5.30917398257034e-07,3.55069018455047,0.478063949331658,0.451045902347282,133.092943352285,0,10,1,0.2026,665.9438,0.0049,7.6198,0.5518,1,2.61986628251008,Inverse Transform.D,426654
121543,121543,13.7448097562176,18,0.269755690780382,43.7988346606097,277.678648756275,0.472184812296454,0.0805236843880266,-21.1088162995569,230.383538620325,5.34131173555452e-07,3.49271715142595,0.49488105039789,0.405688835498123,107.435642807655,0,10,1,0.1489,143.8757,0.019,7.6067,0.6097,4,3.57446728836055,Inverse Transform.D,113149
280755,280755,13.2785292793242,21,0.198432103791649,64.5377638542493,224.861012982697,0.785600809464501,0.0935286822263151,-19.0540457847002,167.912957718686,5.42363725316935e-07,3.50106481495684,0.518384111784667,0.412918088695896,136.548684717384,0,10,1,0.1843,190.7979,0.0147,7.1184,0.5823,2,3.0805970446259,Inverse Transform.D,261219
467995,467995,14.0601172531377,23,0.210386937324155,54.1303197793047,248.786246081798,0.492841347355529,0.0716167338658124,-18.1649974057141,228.786246081798,5.68526613983301e-07,3.5020679080458,0.519159539787768,0.467663852709496,162.616982763759,0,10,1,0.1641,164.1429,0.0214,9.0421,0.5592,4,2.72413862713922,Inverse Transform.D,435653
254279,254279,14.4409927556387,19,0.299643595888731,62.279406931959,241.843695471921,0.661946420032381,0.0646949488203973,-19.2154061375209,178.25695232273,5.26176549333166e-07,3.42109704424103,0.554634229991468,0.375858751628396,124.680762543264,0,10,1,0.1819,88.4172,0.0272,5.6589,0.6276,2,3.94741968375175,Inverse Transform.D,236613
272425,272425,13.7963886776706,13,0.543956961452476,43.5936011746622,196.012121955212,0.557286993507944,0.0972640210296959,-16.074415617703,188.865626028975,5.06190507964096e-07,3.51335629510298,0.513504458874976,0.321112818544367,133.816367772983,0,10,1,0.1305,12.0034,0.1576,5.1699,0.7066,4,6.29952131706032,Inverse Transform.D,253466
395196,395196,13.4757868631251,17,0.125340949419706,45.5108824379308,276.726799283154,0.862139831603627,0.0712662933859974,-17.9236365488453,188.194184704512,5.61652820354726e-07,3.52008724607587,0.492291106730874,0.463576062630465,115.979859314434,0,10,1,0.1782,770.291,0.0045,8.9901,0.5449,2,2.52657526793954,Inverse Transform.D,367904
27476,27476,13.7193352811878,15,0.194450641434499,81.9569389791387,271.911124929923,0.577451293582001,0.241030057007447,-16.0096078478071,251.911124929923,5.71094911930176e-07,3.47909748540061,0.487248916480181,0.415569096286037,129.702986012539,0,10,1,0.1564,278.1609,0.0102,7.8288,0.5951,2,3.30075490175103,Inverse Transform.D,25556
209090,209090,14.309360423392,16,0.275516951184288,53.4103844358404,201.091659096551,0.657953851147506,0.0707297627814114,-24.5199746045584,181.091659096551,5.93300657458851e-07,3.41444141700093,0.471847478916041,0.459577094840053,147.013934932916,0,10,1,0.2131,39.2345,0.0867,6.7696,0.5645,2,2.80164175034728,Inverse Transform.D,194587
270749,270749,13.9660505525141,12,0.386253217852431,48.469805573901,223.680714256936,0.456865338208347,0.17675102413632,-15.6181569716252,177.104617982774,5.68300886485908e-07,3.39977693708296,0.484839917967744,0.334897753285892,129.57367633189,0,10,1,0.1305,25.5341,0.0789,5.8115,0.6846,2,5.49799865123856,Inverse Transform.D,251919
328350,328350,13.5325967327492,16,0.135276777044995,67.6263394149586,216.738177005881,0.803134295195118,0.206580328894779,-14.9161534574963,196.738177005881,5.56762104766774e-07,3.49851955833281,0.491265685383935,0.423091241221036,159.114975022657,0,10,1,0.1489,252.1704,0.0116,8.7624,0.5833,2,3.09717767011454,Inverse Transform.D,305615
341699,341699,14.2440077149673,12,0.4543469947002,53.5753515094105,205.569413019178,0.683390032162757,0.202085288520902,-17.593053936263,185.569413019178,5.71550312482547e-07,3.41479391047015,0.512054580577859,0.371701769501987,154.591791345232,0,10,1,0.2082,23.5791,0.1004,4.64,0.6394,2,4.21890823182741,Inverse Transform.D,318118
245630,245630,14.3152356065452,15,0.244693383219379,62.3411356016751,274.680968606823,0.471465783576691,0.159695592103526,-25.0259427431863,173.173490627563,5.47521988491672e-07,3.53217266672621,0.485983431123564,0.410964314895952,138.363704210242,0,10,1,0.1739,261.8145,0.0107,6.9534,0.5975,2,3.3440248303254,Inverse Transform.D,228564
491372,491372,12.7556837590815,9,0.521012012552755,41.0061218097736,265.724005716078,0.506663373761997,0.23651787112467,-15.8312511157581,167.045635961469,5.64606385243078e-07,3.42027818528317,0.518708481630654,0.304426704802948,143.462795527258,0,10,1,0.1349,41.4707,0.0422,4.4429,0.7288,2,7.27114426822032,Inverse Transform.D,457455
446496,446496,14.2008144935173,14,0.252038828801605,53.0523922911618,201.29026987974,0.821502577395687,0.167448711814359,-20.8256299442452,174.087743695196,5.55978781573671e-07,3.52565818595007,0.477372236726749,0.422061580262196,141.094177225314,0,10,1,0.2092,98.5716,0.0296,6.1794,0.585,2,3.12559901099518,Inverse Transform.D,415602
498309,498309,14.0719230143785,13,0.231143715682796,58.4300544753165,222.348772846169,0.758220639312781,0.0919695926364511,-16.508109208369,202.348772846169,5.49972920536251e-07,3.54638086316993,0.524829982521387,0.392748881235905,123.834050190672,0,10,1,0.1593,174.1253,0.0149,6.8163,0.6176,2,3.73365622965602,Inverse Transform.D,463951
257142,257142,13.0743624819681,16,0.285548350637492,62.1262511092051,198.401279039579,0.581168969251837,0.168185641150922,-20.5016057016323,168.913480069874,5.1342565439444e-07,3.44048608089097,0.524759339057905,0.295683692737088,117.255459885078,0,10,1,0.0888,41.7949,0.0402,6.3299,0.7406,2,7.87019678326925,Inverse Transform.D,239284
475748,475748,14.0005109588263,19,0.301556059825214,61.1741386182458,272.309788427477,0.673774826879444,0.0508225169498473,-22.0681907559882,240.728761310184,5.52124439238503e-07,3.52259650788425,0.515964310694791,0.295122644382006,166.843345532869,0,10,1,0.0866,180.3232,0.0093,6.4018,0.7434,2,8.02209983478729,Inverse Transform.D,442884
238346,238346,13.7458102645797,14,0.355127866315355,58.8112146413572,217.497837306221,0.47181666387414,0.227317200228572,-15.7525487590916,197.497837306221,5.20474022452e-07,3.49746807978444,0.493799464839413,0.339318080816075,114.220358420225,0,10,1,0.1291,41.8867,0.049,6.1023,0.6776,2,5.27077367633647,Inverse Transform.D,221800
297762,297762,13.3268595264469,14,0.133844820571608,77.301961432931,229.766290664659,0.835916197554548,0.0679398539476097,-23.6292487870412,209.766290664659,5.62272831280991e-07,3.4306731300831,0.523981314702285,0.409019612261986,156.011021420916,0,10,1,0.1353,227.8737,0.0121,8.641,0.6038,2,3.46078145417523,Inverse Transform.D,277099
448301,448301,13.4221387448228,18,0.0946262075108247,61.6927268957273,205.862278010371,0.352782545585805,0.0825583539903164,-23.7552440679848,185.862278010371,5.51992110375742e-07,3.47618061472161,0.520189676039929,0.548516670529781,147.338434945045,0,10,1,0.1369,229.1015,0.0212,13.1037,0.5238,4,2.26289398086311,Inverse Transform.D,417277
43694,43694,13.2609483733092,10,0.53964225154231,73.9352199014805,199.67085146578,0.495964618705631,0.106576851895079,-19.1493737776577,170.354388942472,5.25267240479486e-07,3.52198709905509,0.493820791466214,0.375071672990195,163.75744204672,0,10,1,0.2036,18.3358,0.1309,4.7141,0.6406,2,4.24776820587183,Inverse Transform.D,40610
279957,279957,13.5655697336145,19,0.435656959940427,52.3898545582646,200.043718124754,0.865574313368944,0.238139527663589,-17.8999615858009,180.043718124754,5.94981613413029e-07,3.45300853162445,0.464439709995675,0.303635736892449,138.520515268984,0,10,1,0.1439,33.7204,0.0517,4.237,0.7255,2,7.11465153940217,Inverse Transform.D,260471
211796,211796,13.4141573800088,12,0.380293755856325,56.0358231220209,201.107633982388,0.593665662118676,0.160782057140023,-18.2387415335211,173.283038246548,5.52946253728058e-07,3.41797945349025,0.468792150846802,0.361728477680157,110.22298141892,0,10,1,0.1685,23.5216,0.0964,5.3985,0.6507,2,4.50050309792079,Inverse Transform.D,197106
306230,306230,14.343849199283,18,0.332805845992158,52.608299865374,239.583467462765,0.892363819478063,0.103862088359892,-22.6334779070254,219.583467462765,5.64013696871265e-07,3.49901705280484,0.508309068278773,0.392863427786951,147.255186884735,0,10,1,0.2041,109.076,0.0237,5.405,0.6146,2,3.67223600674776,Inverse Transform.D,285024
336407,336407,13.7513735988,20,0.0862540893822627,57.1589468221011,261.00215190564,0.290398431732859,0.208010896621272,-18.1409324692844,151.29614507064,5.54527440594974e-07,3.5019299668942,0.483954493182368,0.541657559689503,135.576002411173,0,10,1,0.1374,722.6514,0.0065,13.5785,0.5163,2,2.17636318799391,Inverse Transform.D,313147
294919,294919,14.3511515156364,17,0.525873099788956,59.9719404792782,195.36320182262,0.427862687340581,0.117167395818979,-22.1778822953504,175.303352899326,5.69030338826755e-07,3.48433641988367,0.518757544732832,0.288286063394639,179.991693084185,0,10,1,0.0921,10.3407,0.1567,5.4631,0.7613,4,9.09495963976283,Inverse Transform.D,274442
310641,310641,13.7885022661491,15,0.229495510855104,84.3946524926849,249.368358336107,0.815786122537937,0.142881037341431,-22.4108736402733,190.638402126127,5.27416050108447e-07,3.50436410824633,0.502797193975882,0.353454583895542,162.925222071433,0,10,1,0.1476,227.6924,0.0096,6.2321,0.6486,2,4.44646496556321,Inverse Transform.D,289106
70206,70206,13.3565148129109,15,0.31246130810231,77.2717214982328,201.329416671635,0.818819916793862,0.238162328395993,-20.3874986365765,178.357496539035,5.70284598421514e-07,3.43406746455698,0.521482693909436,0.326849216531148,143.588302218832,0,10,1,0.1482,55.4151,0.035,5.1219,0.6845,2,5.49466540211517,Inverse Transform.D,65324
168486,168486,12.5462860562281,16,0.171922180911033,67.5950130437092,213.452659247293,0.532515466174826,0.238213229458779,-14.211248549507,193.452659247293,5.26639215289772e-07,3.45174305916582,0.492029619051314,0.414939681472825,140.983351117128,0,10,1,0.1433,111.5689,0.0254,8.5297,0.5954,2,3.30612801978849,Inverse Transform.D,156864
56077,56077,12.8524062821027,16,0.202664383445509,52.1863518898036,296.23783214854,0.503043760384984,0.1246516992338,-21.0473626404111,276.23783214854,5.46193858351576e-07,3.49177142732094,0.527407287516803,0.523107416197371,144.016050924517,0,10,1,0.1974,308.5165,0.0142,8.8489,0.5287,4,2.32138620693899,Inverse Transform.D,52129
191270,191270,13.5153741869744,18,0.383142893261118,97.2090998433478,356.141609601351,0.845157053072779,0.210801289370283,-23.5907231335905,174.880523830201,5.91927519655853e-07,3.46202504550269,0.506497495888334,0.292522514420995,117.641759772179,0,10,1,0.1379,408.2999,0.0041,4.0956,0.7399,1,7.83283315071559,Inverse Transform.D,178050
405707,405707,14.3228480291812,20,0.499870393892532,54.0633815045641,290.082192785697,0.799795465506307,0.214105639373884,-30.1153470625793,270.082192785697,6.36050329931555e-07,3.39934333948448,0.523775046277825,0.303824236342281,125.772285564893,0,10,1,0.1401,72.6722,0.024,4.269,0.7291,2,7.28559870106538,Inverse Transform.D,377728
140378,140378,13.2906623796761,18,0.133397296336427,58.1852799258835,263.076736781858,0.66758284921211,0.100902050081641,-21.9220696756142,243.076736781858,5.23758095264824e-07,3.5158187529452,0.49695344948673,0.522698156473687,177.067773710052,0,10,1,0.1848,458.5705,0.0096,10.002,0.5181,2,2.19680804561755,Inverse Transform.D,130717
14508,14508,12.7848994698201,18,0.223041155947859,69.6314869554247,234.214499910607,0.524380785244698,0.214782892493531,-21.3387353500669,170.635397810353,5.19352202483425e-07,3.52962714409597,0.490894616342945,0.427245306477424,133.157083996899,0,10,1,0.1838,166.8129,0.0179,7.2643,0.579,2,3.0265936583878,Inverse Transform.D,13472
431475,431475,13.1877126967529,14,0.393882311625004,60.3001126444917,318.474255721833,0.487754480615694,0.213409544480965,-19.4998667888475,298.474255721834,5.44414809149435e-07,3.53127653429614,0.462462518952512,0.408648815271323,134.962288204341,0,10,1,0.1874,140.1786,0.0197,6.0531,0.6094,4,3.56858183761357,Inverse Transform.D,401671
460048,460048,13.8247157761888,15,0.228537710207045,79.3418428009125,288.129115254005,0.632710164068097,0.228303629672155,-22.1725911559049,268.129115254005,5.16175685459288e-07,3.54112787247487,0.521714045573193,0.349920576072436,158.521192392453,0,10,1,0.1211,378.7422,0.0057,7.128,0.6606,2,4.76647995907723,Inverse Transform.D,428241
376682,376682,13.7268880331391,13,0.201963172658085,71.7813416748608,249.18719483467,0.615183493148619,0.148466397635639,-18.0246610785091,229.18719483467,5.41559490977228e-07,3.50096395891295,0.469579757362685,0.401515589772009,116.699800153804,0,10,1,0.1469,198.7556,0.0135,7.5848,0.6127,2,3.63395537889396,Inverse Transform.D,350644
27657,27657,13.1305910049886,13,0.2728669073444,51.0067665670125,191.874666094895,0.62004232309297,0.194632998248562,-17.0574795368617,90.8367133216282,5.21789617618647e-07,3.52355016282969,0.528531594667398,0.371738043003248,137.833749840838,0,10,1,0.1811,79.3474,0.0298,5.65,0.6287,1,3.97181784299899,Inverse Transform.D,25720
384773,384773,13.7799012867376,17,0.0667971898487931,62.0497756591854,224.943890914405,0.741829569043327,0.232970709027723,-21.99968387969,173.364688074009,5.28871287157115e-07,3.46633332784671,0.451253288450285,0.512725735675944,122.903647970389,0,10,1,0.1475,471.4593,0.0089,11.8902,0.528,2,2.3129327335558,Inverse Transform.D,358191
426870,426870,12.9639942076242,15,0.19980646870399,62.0398351581685,242.389814775078,0.46762997618853,0.122092002443969,-16.3913698505409,194.057231428245,6.13759058321446e-07,3.4867623740377,0.534454301769958,0.434799358309542,129.224044924131,0,10,1,0.1576,197.2572,0.0156,8.2457,0.5841,2,3.11051549055383,Inverse Transform.D,397371
201512,201512,13.4795194359751,15,0.291410323112817,59.424852028736,222.232699618725,0.24402547985361,0.157307772990316,-17.5261904265046,198.700042950139,5.8484239247073e-07,3.51496916984535,0.488260451248353,0.431299527409186,136.137219226057,0,10,1,0.1338,41.7955,0.0726,9.0366,0.5975,6,3.3440248303254,Inverse Transform.D,187573
475110,475110,13.7459631357571,19,0.314909687122705,63.5643306801144,248.392010003832,0.148762765535408,0.137332118162885,-20.8085281990016,228.392010003832,5.09622282712128e-07,3.47505395186082,0.504144860217644,0.631520215372145,151.682981721432,0,10,1,0.2006,23.1887,0.2956,10.8364,0.4878,8,1.87765066875007,Inverse Transform.D,442286
281911,281911,13.76006412496,14,0.5250980133,64.512807569671,242.762092565684,0.813610013447066,0.211032007960603,-20.3420935170051,231.239953774238,5.22719081306615e-07,3.43891289968651,0.490782357871576,0.334750991470394,141.976392887784,0,10,1,0.1907,37.7732,0.0533,4.0258,0.6824,2,5.42526067673355,Inverse Transform.D,262287
149149,149149,13.8507705589283,11,0.355707842755805,52.7040235398092,223.607077401728,0.473463994542318,0.14267765362747,-19.9004763918233,203.607077401728,5.19303141801943e-07,3.55870945493668,0.506916556786989,0.417272916254519,148.063037160683,0,10,1,0.1781,58.24,0.0492,6.4789,0.6062,4,3.50650723485731,Inverse Transform.D,138907
76932,76932,14.1605806245395,12,0.121380612367464,49.0321616977463,256.107690801609,0.51208909486497,0.21586994449608,-22.5866047742226,152.417930700426,5.91576723523882e-07,3.52888608697772,0.491278142677779,0.501631878255825,160.101289119471,0,10,1,0.1849,601.2904,0.0067,8.6623,0.5449,2,2.52657526793954,Inverse Transform.D,71572
156997,156997,13.4250593211314,15,0.218416056877359,68.17230507449,280.784335373488,0.214958218443831,0.0827891275286675,-20.5000831567577,260.784335373488,5.12359005241583e-07,3.54897861153459,0.508481247911006,0.441647917051603,109.233150705177,0,10,1,0.1076,163.6713,0.0193,11.2618,0.5971,6,3.33676772570928,Inverse Transform.D,146208
318182,318182,13.8771486143373,12,0.354735014947751,44.4698257858872,258.090299030336,0.45017057827336,0.072290671383962,-19.0120492365025,194.543910928077,5.45652262323102e-07,3.42649034717949,0.521255309944146,0.326693680133509,124.571786902105,0,10,1,0.1147,57.5941,0.0337,6.1929,0.697,2,5.93230163531239,Inverse Transform.D,296140
234323,234323,14.4672605507162,14,0.380450560102371,74.0100159382539,410.935787505703,0.332909591538703,0.22155907866545,-18.5124699500657,390.935787505703,5.45493638525659e-07,3.52176893780427,0.485907494235298,0.317614130045036,172.190205611551,0,10,1,0.0898,229.9685,0.0081,7.2993,0.7121,4,6.52338618659841,Inverse Transform.D,218040
144045,144045,13.6304439640234,10,0.262083456686335,52.0273816173829,301.813230306772,0.656827705480456,0.170794018777087,-17.6097935257885,281.813230306772,5.30633719074263e-07,3.53453456120142,0.512803005843282,0.456658352114621,153.70396963449,0,10,1,0.2118,349.5085,0.0096,6.4314,0.5752,2,2.9657339573743,Inverse Transform.D,134142
398217,398217,13.895151052331,21,0.170696028117064,39.7060539499,253.32075731998,0.836987786186894,0.162113028066233,-18.7316267060362,139.326396996744,4.9473542793647e-07,3.54607893955489,0.475440804584452,0.426441631475427,126.229396592356,0,10,1,0.1874,386.2246,0.0077,7.6798,0.5649,1,2.8075898668982,Inverse Transform.D,370720
431827,431827,13.1489455339926,15,0.265066095303513,77.0811005915762,195.387564443517,0.670356721207655,0.118318930640817,-20.0981511443748,178.746916079526,4.9641210659662e-07,3.50961681532043,0.524698124662899,0.419983982358114,135.273660806328,0,10,1,0.1959,65.7147,0.0441,6.4291,0.5898,2,3.20747274447384,Inverse Transform.D,401994
284572,284572,13.5641831894566,17,0.227826422018248,47.0705651332631,195.409967349066,0.769290393635411,0.236678681569174,-17.6292611033025,160.23107843986,5.37891365873227e-07,3.50889479332851,0.476586467569619,0.37063614029856,134.103031355157,0,10,1,0.1533,89.0879,0.0264,6.626,0.63,2,4.00088647690241,Inverse Transform.D,264785
262293,262293,13.7399973006396,20,0.134915654267507,74.4517805174041,244.596716234091,0.845594583055275,0.220744643267244,-23.4695439289348,224.596716234091,5.48959443297069e-07,3.47834722119105,0.52880323870309,0.496424074248338,130.260096692008,0,10,1,0.203,366.6645,0.0108,9.1909,0.5164,2,2.1774937618492,Inverse Transform.D,244072
190494,190494,13.7830718626717,17,0.311492548669879,48.4349169586717,276.41465944613,0.503707679175817,0.0801074120216072,-19.6138033010812,256.41465944613,5.45027395014663e-07,3.44219818942728,0.475793813945685,0.551286808323521,115.380975222627,0,10,1,0.253,71.8282,0.0684,7.3687,0.5165,4,2.17862495122052,Inverse Transform.D,177323
499389,499389,13.183013051983,16,0.224707116891356,55.2553395565156,255.253791003314,0.396164588587885,0.144231749186292,-21.2438481481134,235.253791003314,5.24442383631768e-07,3.46403678106406,0.544536759021781,0.631656800015779,154.335825129165,0,10,1,0.2601,114.5017,0.0599,8.991,0.4741,4,1.74921634810484,Inverse Transform.D,464962
53645,53645,13.5628565057249,21,0.217613320848068,58.6025147590518,211.140539200985,0.507501453722477,0.170869244402275,-18.5158053861906,191.140539200985,5.1685869522787e-07,3.4904382214391,0.480086495650391,0.573600121183794,131.830780389009,0,10,1,0.267,80.2715,0.067,8.142,0.4878,2,1.87765066875007,Inverse Transform.D,49872
252888,252888,13.9230741118775,22,0.375719109888001,53.5927335295433,332.770780514372,0.567964324530102,0.114360821992159,-22.4562396615763,312.770780514372,5.49091086603907e-07,3.49616954538491,0.495758819764524,0.514641979451819,148.485627316847,0,10,1,0.2654,155.7684,0.0272,6.281,0.5374,4,2.42925158845161,Inverse Transform.D,235327
186758,186758,13.5988158395964,15,0.216580436455526,62.8208903730479,232.780074556374,0.363606158247958,0.157328375475481,-16.3591884819859,200.565079142905,5.64745917819968e-07,3.54625812723564,0.513974728628493,0.611525751409301,130.317043997602,0,10,1,0.2551,151.3802,0.0416,8.789,0.482,4,1.82216587157345,Inverse Transform.D,173850
22163,22163,13.2569140990159,16,0.395188087123362,66.4960285901698,253.048666962189,0.580955219535512,0.111238969583064,-25.72106010548,233.048666962189,5.66844526759622e-07,3.52820606091677,0.513813652627814,0.454390505560167,159.209929600132,0,10,1,0.2348,78.8359,0.0423,5.8304,0.5742,4,2.94994911695967,Inverse Transform.D,20619
439764,439764,14.3995812813104,9,0.249627637394778,55.4963993559253,233.385187587608,0.354929814848134,0.0731906667817384,-21.7136578055522,184.889306157674,5.95287778531582e-07,3.48602793469793,0.480971233468392,0.528568042117565,142.089732572968,0,10,1,0.2261,92.1432,0.0487,7.1153,0.5441,4,2.51599546730446,Inverse Transform.D,409363
165160,165160,13.5540732526118,13,0.19749095762504,48.5010521805752,198.273304034956,0.563600258844822,0.184617836913094,-21.7039082959058,172.32139960995,5.52663129928008e-07,3.50585475026384,0.489359339862284,0.528901302838666,145.959171008018,0,10,1,0.2335,98.2419,0.0457,7.7519,0.5221,2,2.24296743795262,Inverse Transform.D,153770
91923,91923,14.1294142640221,20,0.249217882088788,71.1539620452288,235.867642700115,0.592356813492202,0.0799776322674006,-17.6359593804435,202.321563391579,5.55006246925374e-07,3.54691440171485,0.457832874890263,0.499074838284392,149.715778404385,0,10,1,0.2417,149.8597,0.0266,7.0933,0.5322,2,2.36415068699128,Inverse Transform.D,85552
284551,284551,13.6615645469839,14,0.162420190186082,53.6127136353377,212.491460179079,0.55561640898808,0.23225566893816,-21.7241293912232,121.870091898485,5.34620547774652e-07,3.54019061697778,0.515939500798649,0.541751613610556,111.475606297499,0,10,1,0.2529,224.8449,0.021,7.9935,0.5014,1,2.01455074190253,Inverse Transform.D,264766
431877,431877,14.4711254472267,17,0.362718198140756,59.462702431176,221.25871789629,0.313037671090371,0.148383592441678,-22.8825607175382,201.25871789629,5.82720327967058e-07,3.47362530115656,0.452137003066919,0.57453724847048,116.466191221368,0,10,1,0.2551,20.6745,0.2613,7.6429,0.5082,4,2.08679182496756,Inverse Transform.D,402040
378274,378274,13.1813497036898,14,0.355570082277244,65.5093329716501,308.604126736472,0.754597552073292,0.217232615174726,-13.8760123814266,288.604126736472,5.20323518121971e-07,3.54177994101762,0.477092621141753,0.414416107739241,158.726114327866,0,10,1,0.2323,256.5142,0.011,5.2464,0.596,2,3.31690466266033,Inverse Transform.D,352137
303414,303414,14.024026214083,15,0.242598355958257,47.1388237880362,202.319274459902,0.712522245607435,0.0916666438337415,-18.2561872928483,195.640568015689,5.40997357775634e-07,3.49231747303374,0.522834023500687,0.521667138899896,152.772959385234,0,10,1,0.251,75.877,0.0575,7.1721,0.523,2,2.2534935729943,Inverse Transform.D,282394
491612,491612,14.5875214112368,17,0.288575773669004,67.7137526102288,200.907361415885,0.761233999872507,0.151050128880888,-22.8955787397089,150.459490174505,5.71565720205326e-07,3.44088673781039,0.558825786354711,0.400387956150051,141.12132795699,0,10,1,0.2208,66.8059,0.04,5.4479,0.5984,2,3.36042039929068,Inverse Transform.D,457683
126412,126412,13.7550923039974,12,0.298756270926483,68.8875898165402,260.242731264883,0.740440814085485,0.0888590300921351,-20.5809187891793,240.242731264883,5.41231171247265e-07,3.47243163955889,0.483733470214153,0.481100877014278,128.422354755715,0,10,1,0.2536,119.9196,0.0309,6.0964,0.5515,2,2.61573270052166,Inverse Transform.D,117698
105023,105023,13.5700463183739,15,0.158569626237674,51.9329523014161,234.76038713862,0.368214495499998,0.127680336590856,-24.4930051281705,131.732161961216,5.26291060995168e-07,3.46705558386533,0.486985279481748,0.605571178750369,175.520996745581,0,10,1,0.26,178.8972,0.0343,9.0538,0.4729,2,1.73839170863839,Inverse Transform.D,97750
438477,438477,13.1292962406715,11,0.222886021300477,61.2192782754439,244.755360952003,0.434359100420119,0.186460924334824,-23.9104949136304,224.755360952003,5.6318201713946e-07,3.5231791463758,0.476615902885722,0.557691776007707,142.927273636622,0,10,1,0.2358,155.8708,0.0324,7.7664,0.5198,4,2.21630235748211,Inverse Transform.D,408167
199929,199929,13.7019670625721,13,0.375122133327153,45.7762610289897,197.15829797329,0.600049603617573,0.0619347415864468,-19.1963443251594,188.363078103688,5.36972750266931e-07,3.44984969702404,0.489391257914217,0.496646618873853,159.056306047741,0,10,1,0.2496,19.7612,0.1997,6.2713,0.5492,4,2.58427834062634,Inverse Transform.D,186082
278517,278517,14.0456875978139,16,0.245110228891956,70.044830839721,276.845884021012,0.430867451940572,0.120081008132547,-24.9859678493718,256.845884021012,5.37698340737793e-07,3.55222128772493,0.493654910347033,0.615818237252759,152.082681970373,0,10,1,0.2648,204.5428,0.0313,8.4847,0.4816,4,1.81840046301156,Inverse Transform.D,259139
9863,9863,14.383784397155,14,0.531722852047417,49.4018754417438,332.898828041498,0.595199809178687,0.151067387219518,-21.9358232579565,144.631579734932,5.60966928818935e-07,3.48922461091176,0.48874084214874,0.358425184044531,122.233771657014,0,10,1,0.2455,160.5573,0.0139,3.7607,0.648,1,4.43117247823821,Inverse Transform.D,9182
413389,413389,13.872498693537,19,0.164520393808254,52.2921432968617,195.347468178866,0.385950235207145,0.0511901817284524,-14.7535580588689,175.347468178866,5.43200250977472e-07,3.47171972724047,0.49170763894047,0.623510659526752,158.364675799276,0,10,1,0.2203,75.3368,0.0879,10.6502,0.4735,4,1.74379573256778,Inverse Transform.D,384859
89824,89824,13.8615899511405,18,0.333970289354432,80.4682146653362,238.326969546716,0.534472582239162,0.21670239418745,-23.0558857641124,224.022861788405,5.20486528168624e-07,3.54055751190248,0.479732015637468,0.475432182234474,129.485396783045,0,10,1,0.2566,88.2641,0.0411,6.0138,0.5519,2,2.6212457354347,Inverse Transform.D,83606
165874,165874,13.55279042876,14,0.180261856314784,42.4300737359132,191.065379115723,0.642273793309616,0.0947859175503254,-26.0943604888324,171.065379115723,5.6866815402295e-07,3.54778552928121,0.469998336003884,0.579692562087089,125.413946057805,0,10,1,0.2553,120.1642,0.0459,8.2678,0.4933,2,1.93183775772937,Inverse Transform.D,154442
95961,95961,13.0529039888487,15,0.206896473054085,60.2041630758482,256.340965270034,0.438744244713218,0.168783063068986,-16.3255747081075,123.528248581217,5.22097695944725e-07,3.43663644265641,0.510776528471756,0.528871051908493,144.712542767562,0,10,1,0.2636,159.1075,0.0282,7.4654,0.5064,1,2.06741269527937,Inverse Transform.D,89321
142451,142451,14.3208294986368,11,0.220733520679454,57.4432702378086,247.314644220433,0.482752260139903,0.209163448819891,-23.3411845530376,182.342254727926,5.86589677531658e-07,3.40378585603573,0.480923245642804,0.516047895809034,136.663420136077,0,10,1,0.2409,108.9435,0.0392,7.0626,0.5336,2,2.38149161788532,Inverse Transform.D,132643
357669,357669,13.1702096229132,18,0.820733820250014,64.6829515091058,299.931164505403,0.69747470798437,0.213851710315794,-24.025402409899,279.931164505403,5.44538219230783e-07,3.52240154480483,0.483312155729065,0.354763644903494,130.297440085763,0,10,1,0.2467,44.9605,0.0489,3.4247,0.6646,2,4.8794790556847,Inverse Transform.D,332984
478264,478264,14.7032776497311,13,0.507627699816715,63.5605671720421,219.029742792077,0.74012011928072,0.210546581912786,-19.6302322932451,195.801392102772,5.40051236102709e-07,3.44844411722952,0.520349769275683,0.391175154804925,148.380225951436,0,10,1,0.2607,31.5982,0.0813,4.1222,0.6195,2,3.77318694531119,Inverse Transform.D,445254
454679,454679,13.549526472307,12,0.312824691596421,54.8025774148083,200.172018846497,0.652511212940499,0.227623336529359,-17.866846820966,139.609306150351,5.70942225938168e-07,3.46783540746891,0.473786703791024,0.437976412966813,166.216049339837,0,10,1,0.2576,53.3799,0.0584,5.3701,0.5723,2,2.92021827408731,Inverse Transform.D,423218
174556,174556,13.2842658956951,19,0.424294638066503,67.4731775936736,200.733571119381,0.845560920665954,0.166913454700261,-23.6145912949798,180.733571119381,5.17779197365172e-07,3.47611247152628,0.509596849744739,0.405357330086909,137.30703887113,0,10,1,0.267,36.9505,0.0738,4.391,0.6033,2,3.45134327181638,Inverse Transform.D,162506
125696,125696,14.1549848912308,14,0.175725189092384,62.7206682886327,244.160727015309,0.651536007502986,0.203179191285744,-22.6151970058505,224.160727015309,4.75546990779935e-07,3.51318300159995,0.497752969206782,0.571464635270548,142.604108907191,0,10,1,0.2659,232.1624,0.023,8.0204,0.4913,2,1.91195260387325,Inverse Transform.D,117030
421369,421369,14.680775813433,14,0.285789670958012,65.5389756065506,228.430754187556,0.479328239088807,0.107422659685835,-16.3422631486303,220.134920002733,5.74309449885063e-07,3.42184444307003,0.480478586869987,0.518891629554453,129.998999560025,0,10,1,0.23,44.7817,0.0963,7.4085,0.5334,4,2.37900602187418,Inverse Transform.D,392235
91952,91952,13.8761738359462,16,0.288756015647588,86.3694124955037,214.148974364403,0.871780525337307,0.1000369024463,-17.1656621651223,207.273544183522,5.87034356575545e-07,3.48207392155833,0.495714633106488,0.443083116963261,145.445031761393,0,10,1,0.2481,87.9702,0.0362,5.7248,0.5674,2,2.84508655653719,Inverse Transform.D,85580
28973,28973,14.0993487759902,11,1.30663482463101,69.119518114311,466.612072911254,0.488238418874498,0.162220966815948,-23.3150364709679,446.612072911254,5.18175989848495e-07,3.48314154723921,0.508009048731087,0.348449793139354,135.228508215705,0,10,1,0.2157,13.343,0.1603,3.6512,0.6777,4,5.2739346088444,Inverse Transform.D,26936
231183,231183,13.202588116487,15,0.290964888491568,51.8357565713209,216.639384705663,0.547632238555089,0.243561119865626,-22.6306045562567,196.639384705663,5.33307144850662e-07,3.43472258002796,0.542698213025409,0.487688144190884,158.553527399021,0,10,1,0.2468,52.3236,0.0728,6.5328,0.5437,2,2.51072363022655,Inverse Transform.D,215127
308770,308770,13.5164940349714,8,0.327579916250225,71.4813737637525,235.742013327405,0.40032283300174,0.13176125716418,-25.7612214051226,215.742013327405,5.52502125270695e-07,3.49527832311249,0.515778505761851,0.499841644556339,150.035585964781,0,10,1,0.2297,61.0314,0.0655,6.3947,0.5611,4,2.75164549434846,Inverse Transform.D,287366
53438,53438,13.7979628379476,13,0.532230408380097,71.5697142033698,214.047541356505,0.779764277024697,0.0961216446943581,-22.4653591815519,173.723686155571,5.61943662547459e-07,3.43805365823881,0.505637996917214,0.370798485876443,152.023233951548,0,10,1,0.2503,29.1877,0.0808,3.8519,0.6398,2,4.22850159103332,Inverse Transform.D,49683
352487,352487,13.2436245074011,18,0.340421641978712,56.811831410026,207.354655523785,0.786705289186897,0.0824649021495134,-23.439278286858,202.254036172151,5.88693668823929e-07,3.51762950763188,0.511746240520854,0.42724047690542,121.982109570034,0,10,1,0.2163,61.3033,0.0487,5.8312,0.5896,2,3.20401258791023,Inverse Transform.D,328158
24108,24108,13.828902842036,18,0.299639945229472,67.5443555558668,218.026163974184,0.847099433718354,0.1043801096268,-17.7469455411128,191.183906745121,5.27327677249054e-07,3.50774344646421,0.463857797683995,0.418368752709011,130.797308973188,0,10,1,0.2288,86.1858,0.0334,5.576,0.5875,2,3.16793862906488,Inverse Transform.D,22437
252876,252876,13.3281139705673,12,0.293992489851835,71.2933823120413,197.325150771067,0.741122090069508,0.195522681577131,-26.1975208929599,155.091859890678,5.39780162574877e-07,3.55431609445168,0.542151640872764,0.426692324030793,124.733101147068,0,10,1,0.2464,101.3096,0.0294,5.3911,0.5799,2,3.04121435768393,Inverse Transform.D,235315
49559,49559,13.9720228160325,15,0.306030035963539,53.4231849849978,218.327885048528,0.665275591106145,0.217236603982747,-13.8930856804855,198.327885048528,5.40847797012532e-07,3.5319039466914,0.535737803897697,0.437666014793844,170.735789633657,0,10,1,0.2295,97.61,0.0319,5.9094,0.576,2,2.97843053982477,Inverse Transform.D,46079
175808,175808,14.3371828591409,18,0.24665339938246,60.0192633495356,202.757607572836,0.673628660162863,0.245326415495947,-32.5228307377108,182.757607572836,5.15573747547108e-07,3.43522282113292,0.4540900748424,0.498425844997816,128.088750503435,0,10,1,0.2671,51.5765,0.0771,6.6222,0.5264,2,2.29373323326267,Inverse Transform.D,163665
306500,306500,14.7373487147756,16,0.281536454666404,58.4956735353712,252.136991821961,0.860518368321747,0.0876826001796872,-15.5999853305687,232.136991821961,5.61509925752789e-07,3.54037986482241,0.477973014732598,0.450243568196863,128.332742167354,0,10,1,0.2395,193.5685,0.0169,6.0185,0.5646,2,2.80312746098859,Inverse Transform.D,285273
169360,169360,14.5307175586695,14,0.357287616985031,78.5190439906246,276.62628195108,0.699104561135055,0.0770746103487909,-19.8587075614799,256.62628195108,5.4222534911708e-07,3.4645692612033,0.487013979711861,0.458204946831551,123.914783512061,0,10,1,0.2473,99.5948,0.034,5.729,0.5679,2,2.85265288906078,Inverse Transform.D,157680
463613,463613,14.1851604808192,18,0.237134458662629,53.4497515377206,205.510531239809,0.493568638770539,0.169509788835421,-24.6443425599331,185.510531239809,5.46663274244473e-07,3.5146254375785,0.489231143195328,0.544866883366781,175.487038462469,0,10,1,0.246,75.296,0.0636,7.8767,0.5093,4,2.098727199004,Inverse Transform.D,431568
218394,218394,12.8091016134706,14,0.601990379782936,67.2288722920183,245.125850909047,0.647392476272973,0.105566323595122,-26.8426581949798,219.18118674888,5.43754858440773e-07,3.51791794349355,0.515913681329255,0.390625634415963,111.990895173826,0,10,1,0.2369,34.7488,0.0738,4.3406,0.6278,2,3.95184227638082,Inverse Transform.D,203257
378187,378187,13.3069359967563,13,0.318671105690164,49.699351464634,240.206661690972,0.6153658564898,0.232793603697792,-16.4230877635227,190.859563406411,5.40279518897877e-07,3.53005907903827,0.465965847659443,0.44888644092852,123.236847477027,0,10,1,0.2439,109.942,0.0296,5.7706,0.5691,2,2.87090414105907,Inverse Transform.D,352052
333812,333812,12.763547967001,17,0.174215571306334,82.1875195381734,305.568894063758,0.599998115160241,0.0938952402211726,-21.755542173227,202.93127075988,5.57003404307554e-07,3.48721562388813,0.462792758675229,0.481005982672607,124.459321409309,0,10,1,0.2141,521.2995,0.0071,7.9262,0.5341,2,2.38771779744948,Inverse Transform.D,310725
67889,67889,13.6895644591256,15,0.436214581926159,47.202718911462,286.819730638536,0.639052922821457,0.11652360195294,-15.4656909708087,266.819730638536,5.49098003589981e-07,3.43881590376643,0.501224781462285,0.447259129124829,150.595409835735,0,10,1,0.2501,63.884,0.0507,5.3313,0.5792,2,3.02983579298197,Inverse Transform.D,63168
25215,25215,13.697984688858,14,0.298730185694121,53.1156904238689,276.537170797331,0.427322635539638,0.17566516501829,-17.8692088361448,256.537170797331,5.24576629486495e-07,3.44999449284227,0.506340019340454,0.543227028973025,147.362462211398,0,10,1,0.2445,83.4678,0.057,7.4572,0.5207,4,2.22669649971737,Inverse Transform.D,23475
102871,102871,13.3866966551841,18,0.158334649057009,64.4786351652184,248.290146277755,0.249874014407724,0.220544310985133,-16.0184698465751,228.290146277756,5.25444492905411e-07,3.49676383901596,0.501806382125849,0.677707079424572,130.460807583139,0,10,1,0.2219,190.4532,0.0442,11.7157,0.4544,4,1.57957599669224,Inverse Transform.D,95728
418920,418920,13.8401441913681,15,0.144441800059799,68.7807604008893,271.67231803593,0.719141677351533,0.0758103845175356,-24.0136202462627,264.882889070949,5.34741298145885e-07,3.44125452222394,0.49592791915839,0.576854792275316,141.795469224555,0,10,1,0.2264,309.5578,0.0176,9.2497,0.4947,4,1.94588218836155,Inverse Transform.D,389972
38377,38377,12.8410900968584,14,0.309187593792975,60.0486993992843,206.960793766105,0.379812926549494,0.192652218276635,-22.6761002988982,201.149509681161,4.959041281009e-07,3.47768701989967,0.488656333807506,0.504582000321563,138.473407629672,0,10,1,0.2137,28.0676,0.1451,7.5357,0.5439,4,2.51335804722201,Inverse Transform.D,35672
124359,124359,14.1953184647081,17,0.218623603570579,68.7508279752846,230.513380479379,0.498331019426403,0.117545330990106,-15.1451339977427,210.513380479379,5.83136213636206e-07,3.53053882898429,0.52378556252115,0.569796870996667,119.482387519885,0,10,1,0.2556,161.464,0.0328,8.1786,0.4951,4,1.94991392501903,Inverse Transform.D,115796
446435,446435,14.2692477233407,15,0.198272910105846,67.6055464590093,256.525703496181,0.796590926220089,0.0948529556859285,-15.6244211303435,114.899138220801,6.15510044681453e-07,3.44386801475978,0.496454428600754,0.432152805994728,123.065185326417,0,10,1,0.2213,260.4269,0.0117,6.5532,0.5635,1,2.78683281416143,Inverse Transform.D,415544
174340,174340,13.5423767169429,18,0.141129222501246,70.6042943948198,288.479466535409,0.575425517472649,0.185539263300598,-15.1141678121865,268.479466535409,5.27960352754371e-07,3.50350299150641,0.49140808666492,0.599902243342497,132.958189109708,0,10,1,0.2434,540.5288,0.0111,9.7841,0.4708,2,1.71960735663442,Inverse Transform.D,162312
345533,345533,12.5263028281996,17,0.149807804330232,51.3235083101617,190.55112903478,0.745316951477808,0.16322285104543,-17.255272008744,166.119979929144,5.48523242367553e-07,3.40924313735363,0.494996510318014,0.543110261546435,131.914237844396,0,10,1,0.2406,84.6043,0.0562,8.6703,0.4955,2,1.95395416678203,Inverse Transform.D,321705
296368,296368,14.3204765086898,13,0.111126003401865,73.4736563185206,219.665561747373,0.708122038860627,0.187552369991317,-18.4314901156023,199.665561747373,5.40435999993508e-07,3.46680395718909,0.499836962037221,0.598052416110163,110.092229605483,0,10,1,0.2492,271.0719,0.022,8.9799,0.4823,2,1.8249950420378,Inverse Transform.D,275803
474378,474378,13.8387723359906,13,0.212219645690119,62.5301366169089,291.12564360531,0.537934786340373,0.0617974086664617,-20.8984186081543,232.962266943218,5.699599147018e-07,3.48973418263559,0.499079807439836,0.525650105468005,139.405995220404,0,10,1,0.2345,324.5499,0.0137,7.5786,0.5255,2,2.28300797751052,Inverse Transform.D,441602
422554,422554,13.8746138571651,17,0.487609120797824,57.0808374066159,286.149075990229,0.615184503196918,0.162432584958151,-14.5612192349523,266.149075990229,5.59227017969828e-07,3.47214016932301,0.497756485655657,0.417274894820455,159.769785863874,0,10,1,0.2426,65.9021,0.0435,4.8668,0.6019,2,3.42507588155138,Inverse Transform.D,393339
350462,350462,13.8669336952345,14,0.418837856983479,45.9370331581306,204.820871329866,0.653723475770913,0.17423382778652,-25.5410897986646,119.04420038588,4.85268130853178e-07,3.49612075374735,0.502297435124739,0.386088645052627,120.20619276004,0,10,1,0.2503,41.3386,0.0609,4.3515,0.617,1,3.72127526281352,Inverse Transform.D,326279
445424,445424,13.3327106596,20,0.221826152826621,67.2136490564361,261.855470461932,0.516493942109061,0.0717402302660048,-17.7369624825556,241.855470461932,5.48860489215795e-07,3.49106150196217,0.538478930960739,0.551506252584746,120.948993591774,0,10,1,0.2306,179.4681,0.0274,8.4919,0.5073,4,2.0770788624093,Inverse Transform.D,414615
343332,343332,13.3563521794227,11,0.44158504354922,55.8462858169053,197.731837313622,0.609616841535294,0.085656779864803,-19.0315002171354,143.382995509306,5.41421676965016e-07,3.43733826838873,0.49307465758353,0.403818438247177,159.332058278043,0,10,1,0.2526,24.4117,0.111,4.5382,0.6075,2,3.53157086117968,Inverse Transform.D,319646
230597,230597,13.6497720186674,18,0.231557538831553,62.1674849753204,285.135308802109,0.504188807004244,0.154050813242793,-17.533050554818,200.213116820262,5.41198219033668e-07,3.51350306311441,0.515233600261751,0.507197885357186,110.79349514462,0,10,1,0.2444,300.1111,0.0137,7.331,0.524,2,2.2652505600833,Inverse Transform.D,214589
298285,298285,13.2878649817853,13,0.234206017361614,55.3477753940366,215.845533253981,0.610537021977927,0.0565416878089309,-16.178857114338,173.75148263458,5.04357584529369e-07,3.48700630131143,0.491441950030621,0.496817635625489,145.337872653502,0,10,1,0.2411,92.5851,0.0427,6.8914,0.538,2,2.43688636618091,Inverse Transform.D,277589
418945,418945,13.7570129325871,12,0.319532940812386,53.3183445274935,337.936061845175,0.517500855127661,0.217655658954754,-17.2981387031862,212.546238819873,5.52862809616851e-07,3.49253223423858,0.496262704511119,0.467926271857146,140.475559927992,0,10,1,0.2565,303.068,0.0116,5.8625,0.5567,2,2.68840816123944,Inverse Transform.D,389995
451439,451439,13.8121246691555,15,0.168976237528879,70.7338388829556,202.155447299592,0.603343800997192,0.143196024745703,-7.68003452391228,153.759499929877,5.52817486050042e-07,3.54869004731423,0.504313238677902,0.524017695554671,125.638211491382,0,10,1,0.2447,190.8378,0.0231,7.9269,0.5091,2,2.09655187488656,Inverse Transform.D,420201
265,265,13.6725085919014,15,0.292782941084777,62.2758676381854,197.812214444229,0.636427887828414,0.0607100105844438,-20.2996960074663,163.477180849479,5.63157392724675e-07,3.49544234871943,0.529024118858699,0.443879517238265,111.591003304518,0,10,1,0.2273,62.9479,0.0507,6.0863,0.5723,2,2.92021827408731,Inverse Transform.D,256
153969,153969,14.3042244367789,17,0.450855246136905,44.309792255405,214.275656290832,0.844756397168209,0.0973129509948194,-22.1205313935324,198.180091854702,5.61786986698337e-07,3.48151008379011,0.443747646677925,0.380441126086526,142.110849825979,0,10,1,0.2141,33.7723,0.0727,4.6852,0.6324,2,4.05522846195182,Inverse Transform.D,143389
59682,59682,13.9468131142464,16,0.197203528844729,75.3311989513875,329.576009638783,0.766518973920555,0.179326728591695,-18.5316404570754,188.41445284451,5.5212620033399e-07,3.49511764427233,0.520380202375761,0.438841124208632,150.896887089612,0,10,1,0.215,748.2918,0.0042,6.853,0.5605,1,2.74292597995767,Inverse Transform.D,55525
381144,381144,13.6250322183715,15,0.223208604445152,39.9653279824316,203.427870310843,0.620141594003107,0.190082627115771,-8.07268848157657,169.078160814879,5.47532673977445e-07,3.50206062217861,0.535665913239286,0.47054244626749,145.067937012203,0,10,1,0.2182,102.6691,0.0346,7.144,0.55,2,2.59517175643119,Inverse Transform.D,354820
116731,116731,14.2342367440734,12,0.285171611133039,50.3064612700149,204.357602099331,0.539742329726979,0.10116670075804,-20.1485505280707,184.357602099331,5.66487596441002e-07,3.41621577538603,0.539721079735039,0.515865336999796,150.896406142607,0,10,1,0.2421,38.2538,0.1114,6.9271,0.5363,4,2.41532132476585,Inverse Transform.D,108645
198006,198006,14.4782691142856,16,0.302709311084297,49.5346862579613,212.172772647434,0.621281109201009,0.0983973418362439,-20.9799257638008,137.007210952806,5.32643365716461e-07,3.55817346107272,0.461248216709228,0.437913852390766,143.909922590758,0,10,1,0.2494,97.3602,0.032,5.5986,0.5706,2,2.8939026868518,Inverse Transform.D,184294
384438,384438,14.5411474651765,19,0.408465968540792,54.1130614017496,256.316952590062,0.631053481000858,0.0914079803042114,-14.8881132972502,236.316952590062,5.15585080579398e-07,3.48647472347152,0.496659086983786,0.467738960476736,119.403299549975,0,10,1,0.2632,59.3493,0.0592,5.4982,0.5639,2,2.79274589777252,Inverse Transform.D,357882
230735,230735,14.1326106383475,17,0.233399399715793,54.4910980676167,287.264151774328,0.66110282313605,0.213846741756424,-21.1098387332928,267.264151774328,5.97613375581492e-07,3.40833375354154,0.506884168128337,0.482848304575203,116.362760699594,0,10,1,0.2265,189.07,0.0198,7.1829,0.542,2,2.48845170782102,Inverse Transform.D,214719
230681,230681,13.4981460726734,18,0.20996297446098,54.0809017622585,243.960187786542,0.772714462050469,0.163089183717966,-13.6164489444562,238.915126459602,5.45423238251032e-07,3.51257109485601,0.558308536804012,0.529246008998667,119.48104006429,0,10,1,0.2667,241.0635,0.0187,7.3741,0.5065,2,2.06848441198901,Inverse Transform.D,214668
483092,483092,13.376634389072,17,0.314896510149642,75.5188709693083,234.039269125547,0.819740770498133,0.228493032651022,-21.0914263667936,214.039269125547,5.54011071724707e-07,3.48263642426808,0.477845514072834,0.409347747961555,130.055809206536,0,10,1,0.2331,100.171,0.0277,5.2882,0.5938,2,3.27758780101165,Inverse Transform.D,449742
237428,237428,13.4492996213234,25,0.325537355073975,63.9874831169273,233.690131064293,0.65257998934459,0.11004727021791,-15.8068677463151,229.235537545549,5.50054765235809e-07,3.41215742886333,0.496463472925402,0.475344960346479,158.474701620962,0,10,1,0.2487,47.114,0.0769,6.1379,0.5539,2,2.64900299662555,Inverse Transform.D,220949
468114,468114,12.7013466456362,10,0.316608280283064,66.8338124513595,242.852649096288,0.841888630835246,0.0572082716505975,-19.8685756379567,222.852649096288,5.57309655046516e-07,3.50416899706655,0.475793545698008,0.463145629993562,122.774718456078,0,10,1,0.2566,115.9052,0.0298,5.5808,0.5659,2,2.82252189573798,Inverse Transform.D,435761
445181,445181,13.4138566018823,16,0.613878270389708,44.8005236147475,265.12673216655,0.722291460922009,0.105318127572536,-19.967800383597,245.12673216655,5.23763426392316e-07,3.48789692710242,0.511735678040506,0.39730226716033,164.712144255751,0,10,1,0.2464,36.1879,0.0729,4.292,0.6225,2,3.8366239332979,Inverse Transform.D,414385
279498,279498,14.1068883361197,15,0.250374383363011,78.9163006138414,244.400105870759,0.52684802382514,0.211253789160401,-29.2443367608716,172.80077656419,5.6950158337573e-07,3.47220575163504,0.511063761183064,0.458385477530627,193.303852813964,0,10,1,0.2308,142.8238,0.0237,6.5564,0.5556,2,2.67285103432495,Inverse Transform.D,260041
132756,132756,14.4403043292981,14,0.162755830375154,108.848996127498,232.874157867344,0.691328716574875,0.113721525715664,-18.9001333801572,212.874157867344,5.4367936111389e-07,3.51791095877961,0.44757041119152,0.521669770118982,126.443124342434,0,10,1,0.2352,246.4603,0.0177,7.9432,0.5161,2,2.17410388510263,Inverse Transform.D,123633
351229,351229,14.1365158301013,15,0.312936128478392,47.7025864689679,270.796826325831,0.624650106233472,0.136635746527463,-19.1020276916976,250.796826325831,5.52423284386806e-07,3.40914287869917,0.474266246307958,0.46231230802013,132.678486559892,0,10,1,0.2247,76.1816,0.0451,6.4167,0.5646,2,2.80312746098859,Inverse Transform.D,326989
337854,337854,14.2470672532613,12,0.26472173302553,55.3006213770022,199.637944248971,0.899794723358681,0.132105184579268,-9.58822810984014,142.98342993372,5.57907761517393e-07,3.48025029883211,0.503724471942295,0.42884070265179,108.431113837723,0,10,1,0.2518,86.402,0.0348,5.4384,0.5742,1,2.94994911695967,Inverse Transform.D,314504
19814,19814,13.9110755340937,20,0.132275516341241,52.7403883786412,199.967444103677,0.748615246038456,0.135402692481875,-21.930137669869,166.842241809404,5.58210592996027e-07,3.44945357958585,0.470827368906017,0.580701697756598,150.016048593472,0,10,1,0.2558,139.2448,0.0398,9.5576,0.4658,2,1.67568156507778,Inverse Transform.D,18425
358408,358408,14.2141400220946,17,0.375233493653819,52.8329540443833,237.945829456241,0.781656263003811,0.186423014756292,-15.4640000910091,236.087915334874,6.02456327206895e-07,3.44076851547829,0.490682144918604,0.409498389440787,140.867309488345,0,10,1,0.2302,62.6578,0.0443,5.1388,0.6016,2,3.41947755046372,Inverse Transform.D,333667
225921,225921,14.8147265574875,16,0.308632917160662,56.1359193654307,195.062970272218,0.474028123106368,0.197243402525783,-24.3174426228834,175.062970272218,5.40961040028917e-07,3.54527978713131,0.551397605022748,0.470658595530796,137.94139866647,0,10,1,0.2228,53.3678,0.0666,6.7022,0.558,2,2.70692289162793,Inverse Transform.D,210247
456885,456885,14.9507896995784,18,0.217278901281795,51.0474636470129,212.004379058147,0.957424263238569,0.113807779969648,-26.4847432379752,160.991945514378,5.37222314161375e-07,3.46582325547177,0.488074644558007,0.433365761645221,138.473397404829,0,10,1,0.2253,114.1488,0.0268,6.4153,0.5641,2,2.79570767958657,Inverse Transform.D,425291
399978,399978,13.840832137268,19,0.182951235142563,45.1884877708304,257.450498477786,0.432307852816761,0.219506295397878,-20.3006689906861,237.450498477786,5.31163576978934e-07,3.53360139773685,0.482645167448596,0.61241404040539,121.455595016661,0,10,1,0.2444,243.6645,0.0259,9.606,0.4734,4,1.74289391115712,Inverse Transform.D,372370
184272,184272,13.5477126340751,19,0.302943951623365,95.1355671403657,285.263034477636,0.516745744973049,0.206891734944657,-20.9378188847141,265.263034477636,5.7962362046565e-07,3.48077735069712,0.500649225579327,0.448915135656938,187.50487315982,0,10,1,0.2173,158.1313,0.0206,6.4546,0.5698,2,2.88161117064486,Inverse Transform.D,171534
342121,342121,13.6773275716285,13,0.303703692444521,57.6676347495891,219.633617310851,0.846774527404952,0.167465566471219,-21.4757742487716,199.633617310851,5.42352819976066e-07,3.48226063067524,0.486498211398666,0.444990687344321,165.2500133482,0,10,1,0.2533,81.1883,0.0395,5.5542,0.5692,2,2.87243098121007,Inverse Transform.D,318507
14059,14059,15.1771741551019,16,0.233050087113032,74.2748519730874,193.002862922919,0.41948387866071,0.230304730962962,-17.840025241062,161.219184177338,5.37407351042509e-07,3.54461709109064,0.475439711174533,0.537958314588108,120.01490676221,0,10,1,0.2609,75.4963,0.0617,7.5105,0.5072,2,2.07600253827098,Inverse Transform.D,13053
345334,345334,14.6263005815068,16,0.198470786896889,74.9978608301382,257.177106768337,0.481933491610214,0.0787945976946503,-25.4369127191231,237.177106768337,5.22754290790362e-07,3.45921933604898,0.492976696147924,0.577519644719024,121.723639781907,0,10,1,0.2263,142.7984,0.0383,9.0308,0.4994,4,1.99379699910089,Inverse Transform.D,321525
15253,15253,14.7683059225828,12,0.38371974809227,70.3162138496991,198.266198883802,0.480225687029446,0.216779637802392,-22.6940736676964,184.403556425495,5.3878020012659e-07,3.49090808131919,0.482005489893104,0.456448037717442,134.387309298155,0,10,1,0.2464,27.4491,0.1224,5.6995,0.5695,2,2.87701696837855,Inverse Transform.D,14158
119140,119140,13.7165357456194,15,0.225910676853845,58.9181765033784,227.47870210045,0.773099152361876,0.107814049301669,-18.0923282085163,207.47870210045,5.34667956212615e-07,3.45044039476769,0.455570889836344,0.475620281391983,128.921680814514,0,10,1,0.2275,98.2051,0.0369,6.9694,0.5468,2,2.5518968371545,Inverse Transform.D,110890
196817,196817,14.3737636469017,17,0.14349053546564,50.0444214553634,284.623029514697,0.834368354328647,0.177036242419854,-23.1093052945124,243.074472966018,5.15393919461654e-07,3.47872932614154,0.484250540806463,0.562326131394846,118.902918932163,0,10,1,0.2561,488.2417,0.0105,8.7446,0.4822,2,1.82405149752058,Inverse Transform.D,183194
3254,3254,13.5442599651877,18,0.217716822108495,55.3994733818153,223.753931775324,0.738950025131894,0.188256617821753,-25.3337392057579,203.753931775324,5.35687577708361e-07,3.46261427561925,0.468197434828264,0.515340942817309,113.458430755015,0,10,1,0.2613,106.9956,0.0398,7.1846,0.5152,2,2.16396737628159,Inverse Transform.D,3050
26032,26032,14.142464131349,13,0.253239028927627,48.4267056564336,252.432133256168,0.680166834527928,0.237945211585611,-15.7466397691043,232.432133256168,5.29797590305033e-07,3.5568621763162,0.50004309416483,0.501890814690116,132.156938934133,0,10,1,0.2598,226.7701,0.0178,6.5668,0.5331,2,2.37528283929635,Inverse Transform.D,24230
148759,148759,13.8519858231261,14,0.242205491340309,58.3862206461382,200.181978319306,0.548093622109443,0.0939819240476936,-20.7387588084822,157.339730388063,5.75693765791246e-07,3.538683822802,0.485463525452926,0.521585888434623,172.240438690014,0,10,1,0.2626,96.616,0.0451,6.9429,0.5207,2,2.22669649971737,Inverse Transform.D,138542
473492,473492,14.2227993870041,19,0.351158190364984,45.2780107928153,202.951795842604,0.419808953211326,0.204857812076807,-18.8706930891352,155.768092690284,5.87956764056106e-07,3.52059660982506,0.450129099499658,0.471101132191181,135.496795662631,0,10,1,0.2398,36.9732,0.0964,6.2334,0.5578,2,2.70406532189852,Inverse Transform.D,440761
390448,390448,14.5450905552895,16,0.230010730391592,59.2655276947559,194.365233337575,0.613137903316759,0.180641141580418,-21.7165223270339,174.365233337575,5.45497808812661e-07,3.47533796961965,0.485149519628392,0.492157405685497,144.896483610346,0,10,1,0.2341,63.7476,0.0608,7.1865,0.5357,2,2.40775924719467,Inverse Transform.D,363474
250990,250990,13.9641768537653,14,0.30066284363559,76.5767052873988,214.553089739673,0.845546698115516,0.132407088810578,-26.0316644137288,194.553089739673,5.31310596358814e-07,3.55293148718736,0.440385673871345,0.460777877523046,154.878794680861,0,10,1,0.2723,99.5092,0.0343,5.5539,0.5556,2,2.67285103432495,Inverse Transform.D,233571
271010,271010,13.8235446487825,21,0.362042543709613,57.3179440263676,253.417194903636,0.596241087813336,0.138683975767344,-15.619397650587,233.417194903636,5.33200785651446e-07,3.44807114448461,0.434268115876333,0.489248092605347,162.144434913101,0,10,1,0.2714,51.8425,0.0739,5.843,0.5468,2,2.5518968371545,Inverse Transform.D,252158
326948,326948,13.3822779325391,19,0.157627060287693,43.3574117822304,275.971244408932,0.412794420037284,0.0917806332465261,-11.7771918044431,227.384276694951,5.52976496445658e-07,3.48942369822424,0.481954677571852,0.673948808959037,114.127551600642,0,10,1,0.2682,321.312,0.0257,10.368,0.4418,4,1.47951140966404,Inverse Transform.D,304319
414600,414600,14.0075467494156,8,0.597935974747103,117.213713836717,250.718779467031,0.585239512795437,0.172123349411413,-11.567213257421,230.718779467031,5.39524222226591e-07,3.50314213815217,0.453478915042445,0.398753427268555,160.787604881552,0,10,1,0.3007,45.929,0.0578,3.7348,0.6113,2,3.60605012869136,Inverse Transform.D,385973
263021,263021,14.7056030854698,10,0.233990108406288,84.0066032075924,293.914847616262,0.66765008244361,0.212230380950496,-25.0804520903359,273.914847616262,5.18485048077293e-07,3.52917241785194,0.517958517029512,0.530404505200912,145.922191849789,0,10,1,0.2769,390.5914,0.0116,6.4309,0.5251,2,2.27825828757234,Inverse Transform.D,244750
146824,146824,13.8620906512285,11,0.306692238121034,53.4966599092874,197.367042899132,0.368378367084514,0.0756227857898921,-10.8395219459062,163.16053377818,5.33490732883101e-07,3.42472227393301,0.532847588423543,0.583171577431131,144.919080619464,0,10,1,0.2855,24.822,0.2255,7.0259,0.5028,4,2.02921022281738,Inverse Transform.D,136733
290452,290452,13.9348927781389,15,0.234166143849298,66.78680471464,200.156425612513,0.857146563963419,0.226009117625654,-22.6219351959,180.053857260679,5.62159661330533e-07,3.50855498798542,0.552449234520025,0.510041381904641,140.921930667273,0,10,1,0.3034,120.0267,0.0347,6.258,0.5131,2,2.14050723949323,Inverse Transform.D,270254
330114,330114,13.7186543934934,16,0.361315174340029,62.9133036889582,333.769804630047,0.701178485676765,0.0570697077084333,-27.6228618991027,194.657814695345,5.07066879084204e-07,3.5212896153447,0.499646094081645,0.421747626867843,166.573308409648,0,10,1,0.2787,349.7949,0.0083,4.7178,0.5818,1,3.07234468339972,Inverse Transform.D,307274
367458,367458,13.2012966666106,11,0.281196862654613,48.9534786556378,236.040288103119,0.69199592322484,0.235221112146974,-20.3971241349245,233.429780749702,5.31382179840069e-07,3.46824538119723,0.508490541246558,0.513794863228615,133.986899976873,0,10,1,0.2794,95.7656,0.0441,6.1636,0.5313,2,2.35307434375337,Inverse Transform.D,342086
14259,14259,14.052858219571,16,0.555868284878225,69.7695299147791,199.792885796633,0.674938664083583,0.111426590429619,-24.1530278181977,154.297779767497,5.72672428869373e-07,3.49988405571605,0.51037819036121,0.405214343457267,138.734148867022,0,10,1,0.3026,28.8952,0.0943,3.786,0.6075,2,3.53157086117968,Inverse Transform.D,13238
160964,160964,15.0085524698858,13,0.332774873573659,53.099042851451,191.4311362848,0.86761830883122,0.099417036306113,-28.6997545745608,171.4311362848,5.49260476227699e-07,3.4846593426319,0.475080240657967,0.487405156348524,133.032348092173,0,10,1,0.3043,43.2766,0.0879,5.3509,0.5419,2,2.4871482835757,Inverse Transform.D,149893
265065,265065,13.6215188390541,19,0.190753634444062,44.3002906610209,218.180119317819,0.808281085035215,0.173572803614661,-16.2772199196474,147.031462492951,5.40671374726487e-07,3.43806555067176,0.52025638838772,0.504739904134149,167.251916029571,0,10,1,0.2694,130.0201,0.0314,7.2086,0.5089,2,2.09437889059332,Inverse Transform.D,246647
423724,423724,14.5391709404204,15,0.421891252200341,61.737741706067,284.844969940825,0.376554265644726,0.0683104682713747,-15.0466717689877,264.844969940825,5.21644068197281e-07,3.53500663477653,0.467296025924809,0.601609320167786,167.047783666364,0,10,1,0.2929,46.7871,0.1291,7.0495,0.4974,4,1.9732621716467,Inverse Transform.D,394442
154655,154655,13.9100451072901,15,0.515965350092532,64.5687607077982,226.773282990703,0.35496863481204,0.142307047033682,-19.6336226645335,206.773282990703,5.61546892207962e-07,3.43292446966653,0.488351987150988,0.510805080043415,132.1275202891,0,10,1,0.2688,9.6466,0.433,5.9652,0.5447,4,2.52392579077014,Inverse Transform.D,144030
31502,31502,14.0307564435735,16,0.203787680656449,78.0687523860637,243.070842094072,0.795776008067632,0.0785553989931941,-15.92637182453,154.628648740571,5.55941599057461e-07,3.51984275507764,0.513007504355292,0.498429909377254,123.024278340348,0,10,1,0.2954,294.3833,0.0135,6.5257,0.5103,1,2.10963903073092,Inverse Transform.D,29287
25976,25976,13.1337015773599,13,0.217141378057592,51.3693646846879,263.136483740011,0.72767612971448,0.110814496455714,-18.3605393418877,172.523064351668,5.42440128266718e-07,3.52736219765095,0.532003104028024,0.510183040994373,143.681761092942,0,10,1,0.2824,348.792,0.0119,6.5264,0.5186,2,2.20252288198842,Inverse Transform.D,24177
424722,424722,12.5521575703059,16,0.448520744997541,50.9931057997937,204.926746912424,0.791261664537353,0.146545072318986,-23.9287335675426,190.017119979083,5.59132902169667e-07,3.46934535340243,0.471549992350112,0.4326272296288,130.148249667895,0,10,1,0.2771,29.428,0.1036,4.6363,0.5861,2,3.14414811930685,Inverse Transform.D,395368
431098,431098,14.1050942574392,15,0.27182882098315,62.6743307848898,288.274811997329,0.564201200299334,0.221870538359508,-25.6388434383,268.274811997329,5.63860660693607e-07,3.4911696987272,0.533064298925658,0.557337370361057,160.353291528706,0,10,1,0.2914,217.1076,0.0232,6.8938,0.5026,2,2.02710931426563,Inverse Transform.D,401316
57445,57445,14.1641088763398,14,0.283760885265338,48.5986671289587,212.574334964469,0.434344089123329,0.091855708649382,-17.0592209578745,192.574334964469,5.04706393012052e-07,3.44366111488808,0.516069254073443,0.627515810565428,122.849833930788,0,10,1,0.2948,34.447,0.1956,7.7506,0.4785,4,1.78948057724067,Inverse Transform.D,53409
249173,249173,13.5345810472459,12,0.408597633944418,57.206588035066,243.158506308056,0.232879830372675,0.244317545974627,-16.4593240826284,209.246696513094,5.70095998858144e-07,3.49154873640467,0.516337822074131,0.624960528468601,126.260211295287,0,10,1,0.3032,26.1143,0.2552,7.2718,0.4851,4,1.85161362832204,Inverse Transform.D,231870
111867,111867,13.676730328078,15,0.243141055126754,56.7647776346509,243.594367518253,0.288235504211885,0.0946406402625144,-24.6084278807303,136.002874558402,5.37002103329409e-07,3.53163925966565,0.476460972101173,0.578540452594146,168.518248291984,0,10,1,0.2774,135.3026,0.0406,7.8126,0.4884,2,1.88348655779642,Inverse Transform.D,104103
467568,467568,14.0218720276267,17,0.241443762378062,61.565929117822,226.971185456348,0.66830277896593,0.0523716174066067,-13.4988718341309,206.971185456348,5.59223039308825e-07,3.54938338511628,0.444714170552576,0.534199343827243,136.17096184277,0,10,1,0.2678,138.6993,0.0331,7.1556,0.5114,2,2.1217101545752,Inverse Transform.D,435249
82060,82060,13.9837818422993,14,0.473020613876602,56.8906292613055,238.086152984686,0.469229388017696,0.0790645021945238,-21.2539622152686,153.838578224295,5.37850376769502e-07,3.52641134074674,0.47250183842421,0.447937866506898,121.170700706516,0,10,1,0.2975,51.8712,0.0626,4.6179,0.5736,2,2.94052372944776,Inverse Transform.D,76366
346574,346574,14.3679523866295,12,0.323210144319098,56.921955581272,232.86188905965,0.538231215829491,0.174529363634065,-28.1380738455144,190.394011892856,5.10314780847348e-07,3.53791046487592,0.537146429791456,0.519760842371394,123.706003537308,0,10,1,0.2888,96.3326,0.0449,6.0828,0.5276,2,2.3081168930956,Inverse Transform.D,322673
367309,367309,13.9102425023342,18,0.444459688417393,57.272135742598,194.643456284529,0.816716604242098,0.0753060123417527,-17.4006240593966,174.643456284529,5.24540513029294e-07,3.44465887163197,0.473576209706625,0.434492532365919,162.066052736146,0,10,1,0.2852,21.7854,0.1411,4.5577,0.584,2,3.10884468245579,Inverse Transform.D,341945
158529,158529,13.7279799987538,17,0.403518655132868,65.939795171208,239.607060615235,0.681378612012646,0.173081451980397,-24.4920366596753,208.664980220344,5.41476030849802e-07,3.54405882557272,0.481103459387076,0.468231766442425,129.117657932804,0,10,1,0.3009,85.6515,0.0411,4.9719,0.5577,2,2.70263778789667,Inverse Transform.D,147621
391915,391915,14.3187700272153,15,0.183206921311497,73.1716259626576,194.675212868234,0.699293085356576,0.203787606675178,-12.1597575561561,187.562283353812,5.3557334735158e-07,3.52716273323997,0.482316570800095,0.541061836221361,142.602167986622,0,10,1,0.2708,125.5248,0.0376,7.5816,0.4985,2,1.98452941371556,Inverse Transform.D,364837
128281,128281,14.259632972388,13,0.180892572308631,51.0074491615223,226.029174478046,0.6771707743551,0.225936164939776,-22.9382397178147,185.908701229628,5.32488977656603e-07,3.47646104010195,0.478823575877548,0.584803452904134,149.558989673586,0,10,1,0.2985,159.3432,0.0354,7.5219,0.4818,2,1.82028219426158,Inverse Transform.D,119449
134107,134107,14.8840417500197,20,0.335276025728438,94.3677025307364,258.142704984403,0.693270491715368,0.0990704175550491,-22.2301297751488,238.142704984403,5.46896140783069e-07,3.52273300405073,0.488374662764334,0.487555896391099,160.623043459801,0,10,1,0.2833,129.6523,0.0294,5.7008,0.5434,2,2.5067776257743,Inverse Transform.D,124894
219565,219565,13.9620552834164,13,0.137698421692957,43.9448728218926,254.430280581838,0.746013527368796,0.0877792007289827,-16.684756033446,180.420060438989,5.68180896479195e-07,3.53247086380553,0.477860009942323,0.598169962268579,161.248661406659,0,10,1,0.2887,522.7314,0.0114,8.1369,0.4733,2,1.74199255023839,Inverse Transform.D,204346
74693,74693,13.3328596669395,14,0.239698285520824,54.4905964490064,257.854468320092,0.667262804421548,0.210713186627254,-29.8854110235988,237.854468320092,4.9827723070118e-07,3.55721099278344,0.505205728666455,0.571488967806622,142.208206467124,0,10,1,0.3072,243.0106,0.022,6.9448,0.4913,2,1.91195260387325,Inverse Transform.D,69486
115516,115516,14.1420236712274,12,0.21534333126255,64.5392076081314,257.460044266183,0.735760294151306,0.143417930323631,-11.7146887346025,209.900499669609,5.96954049911968e-07,3.46445997999724,0.479249405559832,0.542451473213004,144.296615163742,0,10,1,0.2974,218.9125,0.0217,6.6516,0.5054,2,2.0567270409239,Inverse Transform.D,107511
70309,70309,14.0026374878492,12,0.138486356954944,54.581835143415,322.645985230749,0.869556546153682,0.146250591659918,-24.0950900572378,302.645985230749,5.3563584050697e-07,3.47893012266457,0.518330385630738,0.597420065139773,140.321338696784,0,10,1,0.2755,877.385,0.0068,8.0514,0.484,2,1.84111024649859,Inverse Transform.D,65425
197742,197742,14.1323900316777,19,0.127261744017098,57.130026124502,357.437190484932,0.447926315869749,0.0674013031646609,-16.838476963149,232.358907893854,5.23433144910046e-07,3.4515903621633,0.467262731140238,0.685935284653412,129.791934532359,0,10,1,0.2987,915.8323,0.0095,10.4723,0.4197,2,1.31821023728015,Inverse Transform.D,184047
342713,342713,14.3260283144301,11,0.567579075114182,52.86844906195,214.697503045297,0.675746398877639,0.0515258587896824,-18.2313005759014,194.697503045297,5.76854842976013e-07,3.51951092893309,0.470950712458739,0.439475769644457,153.643757894711,0,10,1,0.275,23.1422,0.1355,4.6161,0.5884,2,3.18334149823329,Inverse Transform.D,319058
96147,96147,14.4507943603889,14,0.303566398345788,53.0035323836129,237.500377518618,0.608699175090512,0.159719567606226,-17.4994147770359,217.500377518618,5.43851637660649e-07,3.52507497502663,0.469642710891347,0.538572921679434,166.994871399777,0,10,1,0.2955,98.336,0.0475,6.3707,0.5147,2,2.15835736374011,Inverse Transform.D,89489
145856,145856,13.5999335640962,13,0.226698756492441,52.8603830322601,198.308621245725,0.382124231844305,0.101581288548186,-15.1599679566333,132.327894333314,4.8776025328291e-07,3.51928460013323,0.474886353506373,0.590669372909393,198.483158484445,0,10,1,0.293,69.1086,0.0835,7.5083,0.4856,2,1.8564077670788,Inverse Transform.D,135821
30447,30447,13.4746935125469,16,0.173699484401216,48.0672570129307,196.743181592319,0.787666783079847,0.216768600093201,-28.441651786163,134.453250644351,5.54788697684506e-07,3.42598981410582,0.437297924795345,0.554767320767912,118.578393799724,0,10,1,0.3046,83.2705,0.0599,7.4745,0.4791,2,1.79504197901822,Inverse Transform.D,28302
256186,256186,13.3467950103706,14,0.3493674377008,31.7257247791258,226.919515323274,0.531601836348341,0.0795846026856452,-15.8455824888007,206.919515323274,5.33152555712066e-07,3.54812085983928,0.489064186832229,0.562576530833485,150.319899644318,0,10,1,0.287,57.4199,0.0896,6.6848,0.5112,4,2.11951006534926,Inverse Transform.D,238396
338958,338958,14.0172003312651,17,0.230098107452299,68.0342138325023,225.267181947255,0.638014426572146,0.093394505046308,-24.2268101648399,205.267181947255,5.72466532604047e-07,3.49114757090905,0.492285685247344,0.586366444682034,160.466460542139,0,10,1,0.2983,116.4364,0.0487,7.4793,0.4829,2,1.83066657109837,Inverse Transform.D,315544
268070,268070,13.2221763901699,9,0.443258294324051,56.5988219306197,245.583064886602,0.496030423912385,0.126883786311373,-19.0503664549498,187.040273105253,5.5857838019701e-07,3.54212381986715,0.495153982338919,0.483783776439531,142.403704140769,0,10,1,0.292,69.3509,0.0541,5.1584,0.5564,2,2.68415542304514,Inverse Transform.D,249439
493890,493890,13.7090787460418,14,0.553909578769957,64.0774188341361,201.910744255399,0.555974518067984,0.0876155792735517,-18.4169749787393,181.910744255399,5.19334067012323e-07,3.43286556625328,0.476636489163561,0.455263156399454,122.815480374975,0,10,1,0.284,9.7953,0.3413,4.7608,0.5766,2,2.98799331326792,Inverse Transform.D,459823
89903,89903,14.3017267964231,15,0.224133205380008,58.0286583889831,216.443016049632,0.606276451412484,0.107359119364992,-16.2966185532459,196.443016049632,4.91386478949436e-07,3.51709330888637,0.504743459195962,0.578738456744585,116.055780115403,0,10,1,0.2859,105.7786,0.052,7.5429,0.4893,2,1.8922747193691,Inverse Transform.D,83679
57709,57709,13.8973485846222,20,0.196962848759556,44.2441724469485,267.126236545407,0.751864056046223,0.216428691381589,-18.2041551412553,264.33638875085,5.22091347112939e-07,3.54207178543372,0.521821624873514,0.555082072427688,134.787899848358,0,10,1,0.2744,371.064,0.0134,7.8335,0.4899,2,1.89815648614065,Inverse Transform.D,53650
268251,268251,13.8730378913703,19,0.220252672247827,54.4455813218897,304.769023572229,0.90176930592516,0.0918165062554181,-20.1704675702786,196.979321871934,5.29835914267437e-07,3.47794211054619,0.504813229841431,0.489500644697123,144.530634953705,0,10,1,0.2943,434.6889,0.0088,6.3109,0.5172,1,2.18656054766447,Inverse Transform.D,249605
78677,78677,14.2317753336692,13,0.447742941559467,68.9148167616571,263.326221571627,0.330642749796164,0.118357679760084,-20.7552660500812,186.716071693398,5.46397699428855e-07,3.53971944515056,0.520265084888574,0.496178149654015,114.974246341158,0,10,1,0.2769,61.8786,0.0637,5.7136,0.5472,2,2.55726285236518,Inverse Transform.D,73199
254626,254626,14.0412118870833,15,0.335140435056204,53.8962657351436,253.646138581234,0.617319032864522,0.247695496631786,-9.12060428804532,150.329289004861,5.50447720703069e-07,3.45133234106304,0.461431103328803,0.456178566134394,143.901528022733,0,10,1,0.2903,90.7463,0.037,5.2104,0.5556,1,2.67285103432495,Inverse Transform.D,236936
327970,327970,13.9401330871308,18,0.146465478541369,57.3744325974555,252.494978477608,0.807852637792122,0.128237096965313,-16.6809120342563,232.494978477608,5.01232641003855e-07,3.55895111790522,0.482750843510508,0.591641026275418,123.018059864577,0,10,1,0.2728,457.5522,0.0127,8.9553,0.4659,2,1.67654921879553,Inverse Transform.D,305253
270185,270185,13.6972138941425,16,0.252711558522263,77.8545168682771,213.672630029523,0.740453700056424,0.100865344144404,-21.917524202818,165.881530208881,5.31348522502462e-07,3.48667545286314,0.496451676180983,0.487062479751458,109.759281810429,0,10,1,0.2882,101.5525,0.0374,6.0364,0.5294,2,2.32987259818265,Inverse Transform.D,251398
283135,283135,13.6265250053473,15,0.497524506899747,61.5860293139352,197.363154843915,0.274116484911612,0.229656399739906,-21.3675482575204,141.840481128686,5.40812494463482e-07,3.4972694070482,0.495128969730985,0.479356818509544,122.771411336155,0,10,1,0.2831,11.9794,0.3074,5.3647,0.5549,2,2.66300274564142,Inverse Transform.D,263432
75650,75650,14.0182225482857,14,0.195262814649676,42.4217542617798,278.451547775877,0.497420323361954,0.15492425058037,-25.0000168380688,213.122165249216,5.89009246279007e-07,3.46435657171346,0.508555590966636,0.634269456584611,132.990134574849,0,10,1,0.3036,272.9962,0.0254,8.1492,0.4636,2,1.65670363858881,Inverse Transform.D,70379
483780,483780,14.8945634601753,13,0.184501239945225,56.2514825491037,225.605696079646,0.478730695919867,0.123446361348033,-27.5913811444224,207.761527358517,5.49966674024095e-07,3.44220181747518,0.468741647485476,0.690197677383737,151.854275688924,0,10,1,0.3052,97.1528,0.0917,8.7446,0.4494,4,1.53912032656071,Inverse Transform.D,450391
213200,213200,13.162605282303,13,0.339745525018849,49.3996537763367,244.108009334042,0.401269147699593,0.180535083217546,-23.4023709102183,181.320491761193,5.23846196981338e-07,3.43589016847341,0.463766836420181,0.538066132895823,147.311588665958,0,10,1,0.2845,42.838,0.1088,6.454,0.5194,2,2.21169914975173,Inverse Transform.D,198413
481691,481691,13.5343506105562,16,0.180640010212277,41.5600301839254,212.301901053521,0.343543290449885,0.216507924022153,-27.9511253473139,192.301901053521,5.62506934216842e-07,3.51969167823095,0.461860636551675,0.702027374538466,135.358291324541,0,10,1,0.2781,106.9011,0.0882,10.0583,0.4406,4,1.47030136083858,Inverse Transform.D,448446
307245,307245,13.6786258214577,18,0.258766163567348,51.4925196996394,257.614764338753,0.582633371308313,0.0763444549404085,-20.0397080662562,164.348585419658,5.77678143931415e-07,3.54531895545294,0.504651901272988,0.526267099872594,141.673511020438,0,10,1,0.3067,253.6851,0.0175,6.374,0.5076,2,2.0803113027347,Inverse Transform.D,285951
88185,88185,14.0634760481291,15,0.22731755419468,34.9842393110961,225.416317618976,0.423953859504937,0.222141869040206,-23.1799629512192,147.78849258022,5.41380136288304e-07,3.42279719310065,0.528653450920657,0.58083435461667,151.520960696902,0,10,1,0.2824,77.1781,0.0718,7.7195,0.4873,2,1.87280135139835,Inverse Transform.D,82078
217003,217003,13.4143857995237,16,0.483240587263204,48.7866716617917,237.781144169384,0.706672073134332,0.202639739215374,-18.7418550691491,217.781144169384,5.63316290012747e-07,3.51402264531492,0.542408364500558,0.447825356774172,155.328360808269,0,10,1,0.2997,60.1722,0.0539,4.5291,0.5759,2,2.97684011187662,Inverse Transform.D,201961
76387,76387,13.6142198528267,14,0.183346546797712,56.888193165671,233.534890004264,0.559159068155691,0.247960427263752,-19.9705853248916,214.583990423392,5.51338192764396e-07,3.48799384849037,0.483048041201088,0.610177605248599,140.319346821629,0,10,1,0.2899,172.7758,0.0362,8.1317,0.4726,2,1.73569589977989,Inverse Transform.D,71064
36351,36351,13.5695147821318,17,0.287747928700546,53.5459457768105,275.093237752816,0.389858862321743,0.0660918964073062,-17.9667968276094,255.093237752816,5.59321437001266e-07,3.44200916316351,0.528748498909418,0.662608208047057,139.366577051806,0,10,1,0.2872,72.1009,0.109,8.5537,0.4649,4,1.66789238215684,Inverse Transform.D,33794
206677,206677,13.5644539664428,16,0.258353533146752,54.0600168406911,294.88281480725,0.426788635803362,0.211473964946345,-22.6200612782891,274.88281480725,5.22008844802607e-07,3.53249887907545,0.527000412965113,0.606283288890456,127.909386507011,0,10,1,0.2766,227.1215,0.0271,8.0441,0.4834,4,1.83540631922779,Inverse Transform.D,192368
425876,425876,14.8450960184729,17,0.249635600350553,57.2723279063133,230.228465530403,0.741887325965578,0.184579537436366,-23.1415431404831,199.512821818859,5.55195014453181e-07,3.42665627584571,0.541640809182356,0.52220910519055,120.918333556569,0,10,1,0.2954,99.3002,0.044,6.4787,0.5116,2,2.12391262129277,Inverse Transform.D,396448
250513,250513,13.8978783714993,16,0.23713488652291,50.348829634307,280.167232844284,0.690707240821105,0.159888319950551,-21.7086405120504,260.167232844284,5.79353174025062e-07,3.51969046445713,0.489174635358575,0.578136986458749,153.517127330491,0,10,1,0.3056,294.0045,0.0186,7.1629,0.4865,2,1.86506866110057,Inverse Transform.D,233130
248558,248558,13.2051440652716,16,0.174509527946066,56.3038106475483,243.914486158036,0.574997731669433,0.203475403552875,-21.9784575925894,155.519292584856,5.39368467988201e-07,3.55008670520079,0.518206875607106,0.556803945435791,159.158684316818,0,10,1,0.2708,350.1319,0.0144,8.0256,0.4878,2,1.87765066875007,Inverse Transform.D,231293
68723,68723,13.5021477388512,11,0.203847341713654,44.3391654649177,246.1008354319,0.576309814361467,0.245911150006577,-19.6031390075376,226.1008354319,5.41742716588031e-07,3.48280936501503,0.482895588701714,0.576703105511877,158.280497957636,0,10,1,0.2753,172.2315,0.0316,7.3229,0.5019,2,2.01977373395795,Inverse Transform.D,63939
342415,342415,14.8435652303766,15,0.401956835289503,74.425357298667,246.264610785481,0.437515894317994,0.185358835430816,-22.5108274079437,182.748563440342,5.7682231350985e-07,3.44649582601258,0.46513162372364,0.490068745609268,168.033236294033,0,10,1,0.3003,45.5102,0.0845,5.3766,0.5434,2,2.5067776257743,Inverse Transform.D,318787
197756,197756,13.9016578784259,23,0.202627488008143,72.0931984234864,289.750622953451,0.593870221391442,0.173894955450669,-12.5987683217009,227.741895826568,5.65049952651095e-07,3.44993310777922,0.493714429737431,0.560084978847856,132.099499928367,0,10,1,0.2862,283.8565,0.0179,7.7603,0.4838,2,1.83920696627844,Inverse Transform.D,184059
313682,313682,13.8490243095688,12,0.183268837278933,79.4063311740867,229.862879552961,0.691037309879372,0.137991867866367,-20.3599383582876,209.862879552961,5.85646028588358e-07,3.45947782469926,0.527337510907025,0.582308135179477,129.505210008032,0,10,1,0.2915,181.3871,0.0307,7.398,0.4893,2,1.8922747193691,Inverse Transform.D,291947
410488,410488,14.1249812221295,17,0.122463894442423,74.6656518251083,256.710718329496,0.391615986537661,0.0538916803896427,-22.2120856154834,217.462538591526,5.42990560122049e-07,3.42225058958325,0.511933952716725,0.764796840445328,141.985555814568,0,10,1,0.3038,265.0875,0.0491,11.1965,0.4041,4,1.21420391805766,Inverse Transform.D,382151
386987,386987,14.1101412204003,9,0.3626014361658,66.0626359900993,212.735281070351,0.572408335355819,0.15789708327502,-17.7137974359237,192.735281070351,5.17067150753915e-07,3.45498220770595,0.512842896571077,0.503845539418007,153.777110205215,0,10,1,0.2911,38.045,0.1068,5.5327,0.5439,2,2.51335804722201,Inverse Transform.D,360241
264944,264944,12.9898252972386,15,0.256410152005559,68.0465032889456,254.527198006341,0.762557571635974,0.218126219091937,-16.6514173063613,176.910125508164,5.57480057462923e-07,3.40842557942901,0.509997528261242,0.461783890847892,122.526572944415,0,10,1,0.2715,131.0009,0.0262,5.8668,0.5459,2,2.5398681265647,Inverse Transform.D,246535
435933,435933,12.8876044993002,21,0.157290682687,72.9336916384536,236.573310808122,0.866583233522995,0.168260703934357,-27.3058246612758,232.831970791827,5.03013247695269e-07,3.5661484314214,0.473727784771851,0.588722694404877,119.585045112888,0,10,1,0.292,347.2294,0.0165,8.6379,0.46,2,1.62609897680714,Inverse Transform.D,405802
278134,278134,14.2717654730974,22,0.440135258735779,71.7265572971011,268.307675370223,0.705907208136022,0.10889855409041,-25.241421582699,224.876609993692,5.5929085143657e-07,3.53834150417599,0.516828969702719,0.444617877936095,122.374051084111,0,10,1,0.2876,122.686,0.0261,4.6898,0.577,2,2.99438779544685,Inverse Transform.D,258779
74310,74310,14.6928805495611,15,0.165055292687777,56.5096161339579,239.448540934678,0.368312371592988,0.168855150835589,-19.6229172268575,219.448540934678,5.36324538022438e-07,3.44423070891496,0.525191757388811,0.708027022427519,153.412840451206,0,10,1,0.28,141.0597,0.0688,10.0312,0.4398,4,1.46419131963007,Inverse Transform.D,69130
88967,88967,14.0612872611743,18,0.292109990754336,59.7651783128282,244.468972994005,0.515591527485605,0.0984791698399931,-15.7855884730178,224.468972994005,5.55240055282622e-07,3.48205409745687,0.511371234190491,0.576249965832418,166.976107826096,0,10,1,0.2902,83.2253,0.0654,7.1393,0.4968,4,1.96714396927137,Inverse Transform.D,82804
100413,100413,13.6093500010506,16,0.307215084248851,61.8694837248512,223.686705096457,0.69976388708834,0.209435404464602,-31.479651007065,203.686705096457,5.61571893246982e-07,3.45769406757037,0.542428133717079,0.502661886406631,141.591629371059,0,10,1,0.2986,76.5153,0.0528,5.8261,0.5295,2,2.33108763665329,Inverse Transform.D,93432
111657,111657,14.1507769217621,17,0.144256596160095,78.5118335623654,199.388590492308,0.757865757566747,0.214874814357609,-28.8598189168014,154.20345167372,5.23372483442013e-07,3.53881931156409,0.497101815099745,0.586598694778991,169.607534219183,0,10,1,0.3074,212.3098,0.0267,8.3722,0.4562,2,1.59438808973536,Inverse Transform.D,103904
371338,371338,14.2689913473441,17,0.338615717581286,71.4737430277779,227.460108421872,0.848062612953447,0.229793092841283,-23.4831059510051,117.413749348475,5.4049501700826e-07,3.48120918465782,0.532035443020408,0.393179399180674,149.756237573653,0,10,1,0.2683,108.1253,0.024,4.453,0.5997,1,3.38426806544541,Inverse Transform.D,345676
331515,331515,13.7356363716837,12,0.301492380749929,75.1605518542938,238.076126787678,0.937061215511796,0.20032328972593,-15.7334159386969,218.076126787678,5.06826119438165e-07,3.50393418768709,0.49379122715388,0.453674527854639,134.583535894342,0,10,1,0.287,130.4215,0.0255,5.2051,0.558,2,2.70692289162793,Inverse Transform.D,308583
12316,12316,13.4596932687857,16,0.316618213129015,68.0232261098903,322.221051371671,0.713642153551655,0.148890445288271,-26.1751019721116,302.221051371671,5.49019645399415e-07,3.4522858409332,0.489553755748222,0.529242132506263,118.292761660774,0,10,1,0.306,200.8384,0.0224,6.03,0.5184,2,2.20023507514669,Inverse Transform.D,11458
134894,134894,14.6361418115011,11,0.37743984173021,63.1526551094893,233.621655217187,0.696348946514832,0.0921750420238823,-23.6646121210201,161.572514491605,5.36023849667556e-07,3.41693000144355,0.494982364368101,0.421325602639173,113.58094311024,0,10,1,0.2721,55.7079,0.0523,4.6771,0.5879,2,3.17477376851802,Inverse Transform.D,125624
374100,374100,14.0466166555313,18,0.258335763632879,53.5087735924888,231.603041324986,0.508354409505921,0.155342772463337,-17.8032785090348,211.603041324986,5.208455224422e-07,3.49809701581751,0.52150024274114,0.595045618520352,154.768846094252,0,10,1,0.2964,91.924,0.0639,7.5233,0.483,4,1.8316135392889,Inverse Transform.D,348252
175733,175733,14.8390779461878,17,0.370050267262812,62.4049608147355,199.868295214232,0.519113983612721,0.0705832586623728,-23.615929856433,174.232530134489,5.2183158394082e-07,3.46322742869307,0.469174817722561,0.506789937557637,180.252624083005,0,10,1,0.2707,22.7235,0.1809,6.0841,0.5397,4,2.4586591363358,Inverse Transform.D,163594
457166,457166,14.0499978579365,14,0.409295597545027,69.286060811783,269.274764775558,0.698608817036593,0.126247899839655,-27.4930036430443,174.102586806677,5.52979629166127e-07,3.52840491667585,0.518457988362713,0.403362309503644,195.693814179199,0,10,1,0.2719,163.2568,0.0166,4.3686,0.6008,2,3.40460074629926,Inverse Transform.D,425552
122930,122930,12.8552074472085,13,0.200706348828758,51.7393987048996,257.787257538946,0.70640223638079,0.104335552919656,-23.8083031752718,220.237542665976,5.21814782303179e-07,3.49483139632075,0.549327984829147,0.564536905822828,129.640934933985,0,10,1,0.2796,262.272,0.0198,7.3722,0.4978,2,1.97735176633372,Inverse Transform.D,114441
316032,316032,13.0886382216573,16,0.487103557765639,71.9646436935276,194.888157601065,0.719704595559958,0.0975158558227122,-21.1444745813018,165.126850154978,5.65984168559578e-07,3.4520497130693,0.546171543416426,0.431738081638518,140.933499005062,0,10,1,0.3047,25.3121,0.1201,4.2269,0.5857,2,3.13738845600222,Inverse Transform.D,294139
476382,476382,13.4953231532809,16,0.253541564027427,49.5423031539793,296.285740635473,0.313083702272339,0.0908904044423252,-22.57853182023,217.673589142932,5.72734904484343e-07,3.49348020009113,0.533913860541834,0.618676463666751,176.728940347298,0,10,1,0.2684,204.5796,0.0317,8.4458,0.4799,4,1.80248395781589,Inverse Transform.D,443483
46102,46102,13.9771206343356,21,0.406920542467414,76.837998551368,237.534720255443,0.734281041365956,0.193954399880022,-17.9186179151634,217.534720255443,5.48486367600343e-07,3.42281612651838,0.510367266334356,0.4376874630227,138.84975899514,0,10,1,0.2868,50.3182,0.0619,4.6986,0.5773,2,2.99919382458156,Inverse Transform.D,42856
484046,484046,13.6442837786682,15,0.111142350435825,67.3494933936654,194.208698776726,0.491437895558678,0.12721677403897,-18.9189119802296,174.208698776726,5.70993217835972e-07,3.40082752055633,0.486174281229847,0.702384151381795,150.308752530767,0,10,1,0.2801,112.6632,0.0838,10.389,0.4332,2,1.41468318426297,Inverse Transform.D,450638
311348,311348,13.3882455326659,13,0.261199890417845,52.9547819308407,211.530079785824,0.703288876845721,0.102086351951584,-16.7282456249862,191.530079785824,5.35747158309315e-07,3.53440285446216,0.506070719118771,0.551192717207472,117.741048697536,0,10,1,0.3011,102.51,0.0479,6.568,0.5055,2,2.05779303395643,Inverse Transform.D,289773
39161,39161,14.0321043943682,14,0.16627657583487,62.1812232927361,287.993193814237,0.648033816056253,0.171134328655899,-11.4957111653847,227.918735185566,5.59753941700627e-07,3.44714040776273,0.491280136404631,0.576462788969218,149.510211323964,0,10,1,0.275,370.848,0.0147,8.0259,0.4849,2,1.84969945520566,Inverse Transform.D,36394
27205,27205,13.189140405475,15,0.401194832677225,49.5428126313269,199.914370223414,0.726163974407735,0.054073100630194,-28.7003936604699,172.16580836367,5.46461318357919e-07,3.44901010632837,0.480265986883312,0.462224671672656,163.647125805142,0,10,1,0.2796,27.2925,0.126,5.1317,0.5655,2,2.81653847319597,Inverse Transform.D,25304
130409,130409,14.2408380292124,19,0.212283058358172,63.2116901841384,197.676738225855,0.558371714322737,0.0684598366729915,-15.2507054523171,119.044632784677,5.2461601142316e-07,3.4779842512936,0.456100719766882,0.518005875571593,138.100296587973,0,10,1,0.2897,79.1357,0.0543,6.9634,0.5018,1,2.0187280236984,Inverse Transform.D,121427
65096,65096,13.677354632071,15,0.270108021597912,88.1734235758934,248.217318703462,0.347763967824425,0.110837322100997,-24.9036230198841,228.217318703463,5.32859657789346e-07,3.45858293568238,0.502125864660472,0.646291271805676,118.908479563978,0,10,1,0.284,62.7861,0.1164,8.4146,0.4701,4,1.71339041915049,Inverse Transform.D,60567
175912,175912,13.2849519925598,15,0.407081444043772,61.6820859280108,216.767392751175,0.736527679390632,0.122924639098346,-18.4273727078556,196.767392751175,5.34479302597117e-07,3.49947169476915,0.479603542012629,0.447600193094319,168.7341431518,0,10,1,0.2771,46.3425,0.0699,4.9663,0.5733,2,2.9358237731435,Inverse Transform.D,163762
460731,460731,13.6514121042483,13,0.601881500971265,53.1766082736756,238.399320940856,0.833025637599105,0.164366119215265,-21.0498889433038,218.399320940856,5.40797450495966e-07,3.52640081578386,0.574874929375206,0.41217160460311,132.812851710206,0,10,1,0.3038,53.4184,0.0525,3.8127,0.6055,2,3.49309785837968,Inverse Transform.D,428886
484296,484296,14.0500177337449,14,0.735102899779354,74.0507162308161,228.815294131126,0.63085969884195,0.113302119122818,-16.2429294565255,217.494563860626,5.52971351742119e-07,3.43026145348995,0.488085258242806,0.40550620781868,145.342618535191,0,10,1,0.2858,10.8898,0.2505,3.8428,0.6155,2,3.69053541859704,Inverse Transform.D,450875
55203,55203,13.2616305505002,12,0.280081299133599,69.97663082751,248.0244144184,0.592113002682079,0.230953287426382,-23.8311773431134,228.0244144184,5.48495618205746e-07,3.54503494528478,0.488995261767859,0.519739089707266,142.678408742199,0,10,1,0.2794,163.8899,0.0264,6.3595,0.5255,2,2.28300797751052,Inverse Transform.D,51318
82070,82070,13.5222126509601,12,0.2352773795541,65.717078987564,196.432651765645,0.612398490088145,0.114273706404492,-14.9318243846465,147.905433708986,5.17613626902699e-07,3.5158545648516,0.488960099982674,0.539502366242077,129.809287947668,0,10,1,0.3054,85.9972,0.0545,6.4398,0.5065,2,2.06848441198901,Inverse Transform.D,76375
250528,250528,13.5730616969363,15,0.235553041767506,54.0927996118662,192.976907922978,0.408941546357081,0.126970229065046,-17.5619231109091,172.976907922978,5.4407905964105e-07,3.52267487268248,0.532647437971791,0.628225202401942,134.999428720021,0,10,1,0.281,60.4842,0.1118,8.3575,0.4734,4,1.74289391115712,Inverse Transform.D,233144
162563,162563,13.6887894760454,17,0.279489191822853,75.3386104862547,375.480404048562,0.505330893809663,0.175331664271653,-15.5504000681983,355.480404048562,5.6745124111906e-07,3.4500399923104,0.483445624907014,0.579978739080961,147.980556381527,0,10,1,0.2909,324.2043,0.017,7.258,0.4932,4,1.9308385343536,Inverse Transform.D,151372
477521,477521,13.4261198205846,15,0.215603457747043,45.6303104956434,256.238380014059,0.442588126460706,0.210975777450949,-17.9718310730925,211.713424186039,5.10156340394195e-07,3.51489081686812,0.47239849641334,0.680094936604782,135.982756758303,0,10,1,0.3384,169.7296,0.0501,8.2509,0.441,2,1.47336536414445,Inverse Transform.D,444552
104327,104327,14.5775138364787,14,0.252694341300857,73.316412085146,270.932144896809,0.538043607985844,0.0632296832744032,-25.1334846230167,185.389667142933,5.36939144306631e-07,3.50781739856707,0.491971889712309,0.549286270078651,153.004184259646,0,10,1,0.3186,228.6335,0.0213,6.458,0.4981,2,1.98042464538902,Inverse Transform.D,97098
346201,346201,13.603909987874,16,0.293834057296828,55.5474003942152,200.685331233271,0.730169188145268,0.218400251772255,-25.2094198186862,157.677869571977,5.16247285991329e-07,3.56499058363978,0.508860711777118,0.519430300771561,177.870473319782,0,10,1,0.3397,95.3895,0.0453,5.6302,0.5117,2,2.12501474724568,Inverse Transform.D,322321
241150,241150,13.3792841526087,17,0.202757807032141,53.6922731047429,208.195770868823,0.492319075075452,0.0573406032752246,-25.7675296924046,156.328582773285,5.87033419958951e-07,3.53328735210245,0.516220939933415,0.629749173141904,151.61568744463,0,10,1,0.325,145.9264,0.0466,7.9489,0.4555,2,1.58861202743997,Inverse Transform.D,224408
406400,406400,13.6504450362488,18,0.430116214310459,45.945879766407,221.582617120181,0.270220638205532,0.0825313426088542,-18.2145020478795,201.582617120181,5.33873396335865e-07,3.46225881571953,0.522145891656595,0.695965037361134,136.459967961909,0,10,1,0.3156,8.8487,1.0348,8.0433,0.4588,6,1.61601976833189,Inverse Transform.D,378380
1187,1187,13.719164352455,19,0.300013351240943,76.2445591868829,197.756436630152,0.582647083240019,0.190152730885893,-23.3674547153459,159.680541171742,5.69038903201601e-07,3.41344830051145,0.504465515883065,0.523895682089976,165.954964385049,0,10,1,0.3337,39.2302,0.1122,5.7793,0.5102,2,2.10854519999869,Inverse Transform.D,1125
437105,437105,14.2156942529389,11,0.276585118099464,65.0203907223566,228.840336534866,0.794222311518711,0.193668754398823,-16.1732734534137,146.461542114991,5.52320956000144e-07,3.43205779665545,0.475778445629339,0.496546402856069,132.568135108691,0,10,1,0.339,93.3595,0.0423,5.2848,0.524,1,2.2652505600833,Inverse Transform.D,406891
492310,492310,14.1622430665339,19,0.228738688516248,54.8140105458003,238.09998903633,0.652531302570178,0.100224124733359,-25.225613916521,218.09998903633,5.11696465753722e-07,3.5618782778868,0.522766427775193,0.609330164151828,137.300949457145,0,10,1,0.3116,194.0257,0.0322,7.647,0.4706,2,1.71782882892703,Inverse Transform.D,458333
457761,457761,14.2023387705057,15,0.289715699180324,63.7841623760655,312.126284315552,0.764519549243413,0.197230764711276,-22.736700494384,292.126284315552,5.01340668323809e-07,3.50069893588116,0.478574217494889,0.526999488529353,131.531377043782,0,10,1,0.3121,269.1662,0.0166,6.0312,0.5147,2,2.15835736374011,Inverse Transform.D,426099
331532,331532,13.9228409489037,14,0.378355374971454,57.745788789398,326.015306880769,0.810365930901263,0.17857292923145,-16.8821976262916,306.015306880769,5.50019933273748e-07,3.43859909010981,0.501357317615483,0.485885955008851,152.135646945153,0,10,1,0.316,173.8117,0.0217,5.0758,0.5447,2,2.52392579077014,Inverse Transform.D,308598
356778,356778,13.5690648930101,13,0.432220915752431,74.1535364347003,210.510119976443,0.563887548120116,0.17119608046487,-17.715756532041,178.018429215702,5.19594234677112e-07,3.54778285505176,0.528169764133295,0.477248147661747,155.411066201024,0,10,1,0.3168,48.6127,0.0751,4.8788,0.5516,2,2.6171097656545,Inverse Transform.D,332158
270184,270184,14.2350057486865,22,0.285930166429116,71.5245926945308,259.49028184236,0.765641769673704,0.166291462117806,-15.4856646952618,239.49028184236,5.69615187361581e-07,3.46348088405516,0.511574478427382,0.540371196285856,137.101568081135,0,10,1,0.3381,146.2667,0.0322,5.952,0.5022,2,2.02291420636417,Inverse Transform.D,251397
88904,88904,13.0311371958661,17,0.233461919307382,49.9817201436898,379.890174483676,0.63889048363814,0.157863441109657,-24.2061087528646,359.890174483676,5.15696076101488e-07,3.46869350304875,0.492566453697231,0.612536162915425,133.916647291161,0,10,1,0.311,529.287,0.0119,7.6206,0.4716,2,1.72673960471575,Inverse Transform.D,82744
154049,154049,13.5375431736207,16,0.225382956397535,39.8831569936865,213.379394480958,0.588622510737332,0.189327047159895,-17.3667253823267,192.282387785026,5.51460196592186e-07,3.53473790066492,0.495862186220014,0.623111089200306,123.307095451285,0,10,1,0.3268,119.6082,0.0553,7.5863,0.4632,2,1.65327567881275,Inverse Transform.D,143462
378505,378505,14.429054039977,15,0.422241504068034,51.8809903698802,206.939672643697,0.40021456013622,0.0898133217357099,-20.0277350583369,175.945693306393,5.57583290558465e-07,3.53904472335717,0.513068045333773,0.610795273753111,142.540571635983,0,10,1,0.3397,25.2815,0.2483,6.3376,0.4896,4,1.89521329737499,Inverse Transform.D,352356
9418,9418,13.9985360132805,20,0.132358080010758,51.2535323063209,239.865454624583,0.606307881134507,0.230779863288626,-25.7184721484577,159.802278488457,5.63321329935057e-07,3.49315103745529,0.472007437562045,0.678175570642263,154.8420315159,0,10,1,0.3436,326.8265,0.0258,9.6941,0.408,2,1.23949076542753,Inverse Transform.D,8766
478344,478344,13.0717096482688,10,0.530350307508165,88.925541094683,250.975121050495,0.920507263691292,0.185588305769488,-21.3590401654496,207.621852858009,5.41205312120063e-07,3.52977816368833,0.536049792626302,0.390413397621289,129.365509861926,0,10,1,0.3128,105.6418,0.0243,3.5292,0.6145,2,3.6702093797764,Inverse Transform.D,445329
380553,380553,13.4262926334945,19,0.126773864336678,44.2581245679741,267.513328441776,0.571509153992162,0.202978698909283,-18.6256880456658,177.551156594377,5.56111781561944e-07,3.52722650853724,0.51899557671078,0.690881840964637,154.265562433778,0,10,1,0.3309,644.1222,0.0139,10.0335,0.4086,2,1.24342243424329,Inverse Transform.D,354261
318400,318400,13.613621253474,15,0.526620983162242,60.8564726301884,197.561944141053,0.38046152975848,0.188235191581771,-29.3478287062327,161.006723779381,5.83196048713759e-07,3.39587022545335,0.518180347855267,0.49610640066313,132.575521748486,0,10,1,0.3108,8.2032,0.4801,5.0713,0.5479,2,2.56668302565231,Inverse Transform.D,296346
400862,400862,14.8780245898166,12,0.266182310173598,66.9697753352662,244.499838938117,0.589737792990134,0.241491163847968,-24.8282598488493,204.205648029437,5.20841370578563e-07,3.4519728346748,0.475102257239363,0.570877627386706,152.763623380206,0,10,1,0.3352,98.2648,0.0542,6.3356,0.4922,2,1.92087510714177,Inverse Transform.D,373188
452504,452504,13.7744157166642,12,0.490422155584105,54.1622631115074,263.936074215927,0.479672831277945,0.191780010145158,-24.9371865755814,114.567661795843,5.58069201143377e-07,3.4806970268271,0.522188595844622,0.423211148815341,145.076527250869,0,10,1,0.3107,70.8957,0.0414,4.1741,0.5844,1,3.11553407118394,Inverse Transform.D,421191
93296,93296,14.2389355382689,13,0.235811574840051,61.7266294375525,203.85095368948,0.658330641410625,0.0574906494468451,-29.6239843252658,183.85095368948,5.77697661925482e-07,3.48419568614658,0.501483624210351,0.601460901495385,137.839337727035,0,10,1,0.3089,80.0148,0.0754,7.2017,0.4835,2,1.83635574263364,Inverse Transform.D,86833
319173,319173,14.4483136958989,16,0.276973107458731,44.6051597440331,205.246292267797,0.652856215206026,0.228495710436255,-24.3367065751677,195.513242098888,5.68392434632368e-07,3.51413773644366,0.476678572833423,0.56224661452558,139.246082395367,0,10,1,0.3203,72.6027,0.0708,6.5064,0.4957,2,1.9559774842588,Inverse Transform.D,297074
342988,342988,13.5732533447041,18,0.244023821998257,44.4708670916804,281.389435883642,0.43086047269245,0.2204370922409,-25.5156329092368,222.478207747186,5.61366900803003e-07,3.54139882983454,0.481231219467842,0.654632446529787,159.946114152471,0,10,1,0.3349,244.6489,0.031,7.9062,0.4509,2,1.55115180284753,Inverse Transform.D,319318
284357,284357,13.4951270575361,10,0.129577007617746,49.698468096036,242.277538105209,0.879901985797019,0.191280635073781,-13.9313805244053,151.864229250037,5.44358638070904e-07,3.53673952498635,0.502033891385852,0.592398227608104,128.771562667489,0,10,1,0.3138,525.838,0.0111,7.0688,0.484,1,1.84111024649859,Inverse Transform.D,264584
30080,30080,13.5701072727602,17,0.349648883589106,49.6550729160449,256.756036787575,0.655708095348395,0.136283362563699,-14.0158175254036,236.756036787575,5.79312314459273e-07,3.43578871693568,0.485390541161909,0.526434443386653,124.318772335778,0,10,1,0.3136,71.1818,0.0625,5.778,0.5218,2,2.23947027734598,Inverse Transform.D,27960
68922,68922,13.7046493063153,14,0.236043251397683,60.7517976327113,287.763409347002,0.675574130034318,0.234501809999347,-17.2681891373719,126.309267174134,5.28189052628763e-07,3.54201557478305,0.482237612116649,0.537746675797972,132.976834622004,0,10,1,0.3426,413.8715,0.0112,6.1918,0.4924,1,1.92286361097624,Inverse Transform.D,64127
233818,233818,14.0385946112531,16,0.316869503322491,51.6939221984538,253.774485855214,0.298097669321751,0.0514424620661885,-22.3968383072175,233.774485855214,5.38035924486111e-07,3.52368084832724,0.551273408563565,0.786907351977426,135.31929662118,0,10,1,0.3386,49.692,0.2973,9.3551,0.4174,6,1.30238797200032,Inverse Transform.D,217568
172826,172826,13.2817404115571,14,0.377958359046636,77.4001382537707,199.596516031306,0.34386683600828,0.0832550732418895,-21.6732817532466,153.062026390444,5.93788596597703e-07,3.52167657033273,0.51453765579055,0.564752125601483,134.357062180747,0,10,1,0.3311,35.549,0.146,6.0275,0.5038,2,2.0397484343249,Inverse Transform.D,160907
49000,49000,14.3391545707466,12,0.147059365374338,91.8499267976909,192.422954780562,0.717664499697552,0.102685900870711,-16.7973898442099,172.422954780562,5.0673309049443e-07,3.49801157851679,0.505550888280707,0.618898546192996,130.981720756108,0,10,1,0.3179,140.8674,0.0461,7.7315,0.4649,2,1.66789238215684,Inverse Transform.D,45546
361704,361704,13.3151157909257,13,0.346364288081899,68.8132763821399,280.262981105327,0.381226276343672,0.0894562588073313,-28.6820669316402,260.262981105327,5.767827877586e-07,3.53499439856359,0.479111326730214,0.680559170918077,124.460518411131,0,10,1,0.317,81.1235,0.105,7.8227,0.4632,4,1.65327567881275,Inverse Transform.D,336740
303468,303468,14.0395000942998,16,0.383594172783332,44.335026602205,199.201249440666,0.606809588462692,0.118464932683855,-26.7788197269809,169.895041455072,5.34091976410589e-07,3.45562403442193,0.507690963311614,0.525266236532691,163.898006887587,0,10,1,0.3191,26.468,0.1672,5.563,0.5257,2,2.28538675983073,Inverse Transform.D,282445
264735,264735,13.8357919075311,12,0.505426143797491,87.6220266676416,251.626276885514,0.532973896185189,0.0937643957324326,-24.95961213686,185.958729816463,5.74007348349593e-07,3.4696772635798,0.512222580929261,0.455796270138236,158.239981129946,0,10,1,0.3293,54.2583,0.0617,4.293,0.5683,2,2.85872217644857,Inverse Transform.D,246338
420024,420024,13.6579546940226,16,0.310546743848127,55.6078855543575,224.997324403649,0.6154331025684,0.201402557035908,-20.3619589716067,204.997324403649,5.59046516565824e-07,3.53267103933828,0.489305245787074,0.560128123637335,113.556370198535,0,10,1,0.3345,91.6854,0.0556,6.1284,0.4988,2,1.98761370005247,Inverse Transform.D,390987
314225,314225,14.2664837146924,25,0.391031092901452,70.6479665121441,286.169766961085,0.786156468662322,0.0671019788831472,-17.1798237353057,171.589402157537,5.4229900729076e-07,3.54151232900392,0.490837840203506,0.425531061500973,139.481546476002,0,10,1,0.3232,241.0194,0.0123,4.1982,0.5759,1,2.97684011187662,Inverse Transform.D,292455
365295,365295,14.893019901277,14,0.57896486936576,71.4881995066089,291.468549677628,0.715316208999431,0.0711672137957066,-18.4749055781462,244.185332582573,5.9805695308937e-07,3.39161936183311,0.512945832447189,0.446285312460803,151.082112855195,0,10,1,0.3268,47.8706,0.0673,4.0537,0.5804,2,3.0493716280063,Inverse Transform.D,340076
40172,40172,13.5448004330384,10,0.477546406099013,84.4697015655488,205.2569293587,0.67587731902872,0.222396353213117,-23.4452546765938,187.328204668742,4.91296304039429e-07,3.54655155969932,0.458493836475675,0.446277915818598,106.042495256455,0,10,1,0.3299,38.9118,0.0828,4.2241,0.5709,2,2.89852717727629,Inverse Transform.D,37328
205609,205609,14.089003505744,15,0.393781341385649,39.9270817109436,236.531530730525,0.500394388899112,0.103525462234393,-18.2178527940341,216.531530730525,5.62194801654417e-07,3.491245983004,0.486151429776059,0.604519577088219,133.400340150037,0,10,1,0.3342,37.9425,0.1611,6.388,0.4912,4,1.91096381007486,Inverse Transform.D,191383
307964,307964,13.0865777029895,13,0.297983237158395,53.0955081533419,212.676153978292,0.670735803953278,0.176094503188506,-11.283708261801,204.138528592466,5.64334394924237e-07,3.4481074048796,0.54023804462624,0.557604808306955,145.39396703159,0,10,1,0.3383,61.4928,0.082,6.0383,0.4994,2,1.99379699910089,Inverse Transform.D,286618
121181,121181,14.4914045509713,15,0.23913980103883,55.6281240529201,202.224802267738,0.464833295527092,0.148630088521168,-20.0029234161262,138.2980010778,5.52151538803213e-07,3.53148870753908,0.51686406819068,0.57272637055802,138.860444491497,0,10,1,0.309,97.1403,0.0552,7.0903,0.4863,2,1.86314051362266,Inverse Transform.D,112807
409413,409413,14.037764918501,14,0.28859757000434,61.2929859178058,208.677623401723,0.615619574437625,0.0722940191160888,-15.6155980238798,167.347793053363,5.42267923189333e-07,3.52009308214878,0.479686323358986,0.55886021214863,154.671457057957,0,10,1,0.3381,77.0725,0.0657,6.1163,0.4971,2,1.97020064584722,Inverse Transform.D,381159
183007,183007,14.2125919491922,15,0.325730194117817,43.9003287411189,274.574264762974,0.674934557762414,0.204284125845879,-24.717180976278,171.725979614394,5.57771664613044e-07,3.41292765073405,0.495521031501066,0.507659854309954,132.518000070678,0,10,1,0.3434,111.3485,0.037,5.2973,0.5211,2,2.2313325955037,Inverse Transform.D,170358
389812,389812,13.7335347846272,11,0.604227676525476,45.5484126916894,238.774015166914,0.587822962844748,0.179099341621622,-21.7339013996684,221.378234659146,5.47011909842249e-07,3.45234283713684,0.514139718630269,0.496011769523241,144.425866580465,0,10,1,0.3432,19.2314,0.2047,4.5276,0.5506,2,2.60337480534541,Inverse Transform.D,362879
341418,341418,13.4057928964912,16,0.254504886729419,43.0766179290768,233.351590645697,0.368082927270799,0.108972175884992,-22.3884474569025,152.681231738255,5.59877683305035e-07,3.4734271980735,0.500857814105959,0.629603245910853,130.371320380329,0,10,1,0.3288,88.3865,0.0769,7.5425,0.4632,2,1.65327567881275,Inverse Transform.D,317856
498557,498557,13.9167763985608,17,0.320278268679687,66.1711697136007,254.71260179072,0.501504984333724,0.0714936372824013,-18.4492800669563,233.229472833202,5.22834101508874e-07,3.48124758593082,0.512021858452961,0.605235043858223,153.392511653521,0,10,1,0.3122,71.0549,0.0863,7.0177,0.4863,4,1.86314051362266,Inverse Transform.D,464171
94253,94253,13.2860628703934,13,0.268509777731956,50.9673367952463,213.093716310477,0.712950921906833,0.077966659097001,-13.6751409571107,193.093716310477,5.9478135728994e-07,3.40587020563092,0.47528716036824,0.575132740201555,124.636099107597,0,10,1,0.3308,53.3547,0.1015,6.4433,0.4915,2,1.91393174630771,Inverse Transform.D,87725
229762,229762,13.9408767985388,15,0.254912278867056,41.246598298632,220.841324773749,0.755682286844644,0.152419560169801,-14.3417432334117,138.879023005672,5.55657043483161e-07,3.52429983081204,0.521777849094665,0.51163010120196,164.198148239932,0,10,1,0.3206,152.3677,0.0275,5.9581,0.512,2,2.12832470045659,Inverse Transform.D,213811
47649,47649,14.5396607494561,12,0.175299825907814,56.78330372876,209.829908706166,0.470868984757437,0.211820582626387,-15.6693031853553,192.125058125337,5.68318787758096e-07,3.51978886389682,0.529193484230774,0.681172861230725,118.351486263018,0,10,1,0.3219,158.1962,0.054,8.2665,0.45,2,1.54392219263932,Inverse Transform.D,44291
368470,368470,13.6507638432577,11,0.247964100915353,58.3297942684208,203.620662684552,0.811562688105333,0.0687937987037003,-20.2892295863086,115.291996794707,5.20483005021065e-07,3.43823259966066,0.52977365792715,0.493085090144625,127.385396004528,0,10,1,0.3338,81.6775,0.0476,5.4249,0.522,1,2.24180107754369,Inverse Transform.D,343025
142881,142881,14.1128122445459,12,0.287388627624556,56.7529126084731,214.499490088404,0.425322140525292,0.202588330814615,-24.5452708441027,187.07557467649,5.07262484573118e-07,3.511668418436,0.572619806001264,0.608326354424945,122.740760182528,0,10,1,0.3131,65.6206,0.0947,7.0546,0.4848,4,1.84874311373691,Inverse Transform.D,133048
362066,362066,13.7317837801657,12,0.210087535449372,68.3744374324277,269.630953650973,0.578325323311978,0.148499599704519,-17.9739673588317,249.630953650973,5.54801107103267e-07,3.49987532391956,0.501718093270354,0.656447087037164,152.202251041365,0,10,1,0.3384,256.1166,0.0298,7.5374,0.4579,2,1.60850002605228,Inverse Transform.D,337077
142739,142739,14.2108821269235,12,0.501184828627713,70.2363568289517,201.532306182198,0.666875356922292,0.06464031226933,-19.5118869102763,150.067036229066,5.4825443193194e-07,3.43547527349697,0.454937219461396,0.422221089631851,129.042088597623,0,10,1,0.3157,22.4459,0.1302,3.9712,0.5907,2,3.22309673043856,Inverse Transform.D,132911
75532,75532,14.5658858986796,11,0.315537111202083,64.1600813709024,250.755549569209,0.53006890684839,0.247099314583465,-21.4000594470255,170.843179485644,5.21998703336236e-07,3.52351686167893,0.486273291362971,0.538847127554106,176.914454120691,0,10,1,0.3401,127.7123,0.0366,5.6861,0.5097,2,2.10308487969722,Inverse Transform.D,70272
261072,261072,13.9820672843363,16,0.288886535655067,52.4060371462743,190.430787066975,0.67445385436845,0.142471555713564,-18.1901975592172,147.830732273021,5.62737682176892e-07,3.43570982255114,0.495800789427737,0.526304555123405,135.623404199101,0,10,1,0.3285,41.4424,0.1072,5.8628,0.5104,2,2.11073345130826,Inverse Transform.D,242936
377078,377078,13.1201555965674,19,0.301834211506765,62.9216500243264,250.555671501956,0.698273751925165,0.109800296602771,-29.7959915517015,230.555671501956,5.77252685150221e-07,3.5212601913205,0.48442858003382,0.557861792372488,120.459423400617,0,10,1,0.3196,133.7197,0.0377,6.3038,0.502,2,2.02082000090168,Inverse Transform.D,351018
131414,131414,13.5919001185923,21,0.273710138756598,65.4119198204345,269.487684524693,0.580140548352791,0.0515922509133816,-26.6560554827755,210.214446215765,5.71989397448965e-07,3.52611189777856,0.520888875713882,0.565632905746297,152.676667737143,0,10,1,0.3271,232.5134,0.0224,6.4845,0.4924,2,1.92286361097624,Inverse Transform.D,122365
100408,100408,14.1896042854785,13,0.311741602288723,72.9155257450378,228.054377646055,0.608964070388769,0.06067307991907,-23.0993145963992,208.054377646055,5.45872176656635e-07,3.48165796318054,0.540806426560048,0.595888656898459,125.338388793535,0,10,1,0.3335,70.7662,0.0833,6.477,0.489,4,1.88934074289982,Inverse Transform.D,93427
57231,57231,13.3667398630244,14,0.238655973193052,67.1779096484146,202.96017785091,0.687127963269971,0.132727827131748,-30.7889244226494,153.838944184741,5.85317377807999e-07,3.43623539890273,0.497530280193604,0.541495672878349,120.213529583235,0,10,1,0.3254,74.68,0.0633,6.3363,0.4977,2,1.97632855653287,Inverse Transform.D,53211
53536,53536,13.5476064057934,12,0.384071684020693,45.9799039054033,403.534607295493,0.554772986579416,0.0958783216774464,-18.7155440962588,383.534607295493,5.45123512647573e-07,3.47680171052395,0.484359549944749,0.598855747820325,127.024784678641,0,10,1,0.3218,237.6809,0.0251,6.4536,0.4964,4,1.96307592674103,Inverse Transform.D,49774
397382,397382,12.9232395446562,16,0.461044130504219,95.3044868457192,257.366420592753,0.745091805619493,0.156115608941764,-21.0818427924834,237.366420592753,5.72363207054741e-07,3.44004915689634,0.504648004695569,0.453607550645366,125.727450125451,0,10,1,0.3233,61.9796,0.0536,4.3824,0.5678,2,2.85113782252981,Inverse Transform.D,369939
112391,112391,14.8121371699002,15,0.302655530026924,61.1158720847735,232.106212160027,0.770336859637289,0.058422557124868,-24.0567011931325,212.106212160027,5.54247841704513e-07,3.46000135238919,0.490222939997669,0.573343603581987,160.127123762931,0,10,1,0.343,75.7829,0.0709,6.1333,0.4939,2,1.93784413880628,Inverse Transform.D,104588
354450,354450,13.6017909985969,12,0.275278140547645,66.3418033221983,268.003058520157,0.471282231783788,0.106250402331352,-18.4590108057837,213.744484695186,5.62477478186778e-07,3.46809361011253,0.468549911377524,0.619189826056411,140.712839502172,0,10,1,0.3354,123.2998,0.0527,6.8727,0.4768,2,1.77381611949379,Inverse Transform.D,329973
115890,115890,14.4703614212538,17,0.235925392581092,63.5065725243351,277.821843718285,0.661528358988899,0.0889846410602331,-18.7810526304986,257.821843718285,5.73130457710915e-07,3.43981914840339,0.469935006758498,0.624839883476095,175.873216992603,0,10,1,0.3323,164.5758,0.0405,7.437,0.4638,2,1.65842021191406,Inverse Transform.D,107857
148466,148466,13.6748072355645,14,0.434218865644275,76.9591631609553,194.129853750692,0.636950063385428,0.15816176305525,-21.1430348338681,145.475452448438,5.54022509051328e-07,3.49426919857654,0.45273773167813,0.438654728147531,134.434607227115,0,10,1,0.3247,32.9619,0.0948,4.2724,0.5718,2,2.91245056302286,Inverse Transform.D,138264
233640,233640,13.9619557030454,16,0.347868124330538,67.9403348584502,197.684821896255,0.365765145652941,0.117564387014136,-25.8737315238679,161.235322312626,5.43535603249324e-07,3.51297760185428,0.534709431750518,0.587968692368086,118.21982440397,0,10,1,0.3175,32.134,0.1776,6.6501,0.4932,4,1.9308385343536,Inverse Transform.D,217404
199691,199691,14.6532238551929,11,0.368004344590665,56.019663992691,214.595882414513,0.623898838746154,0.151053809421137,-17.017230116323,140.139718675448,5.57806090838514e-07,3.54466704140162,0.484183205721789,0.482439271931847,129.248194064245,0,10,1,0.3329,80.4703,0.0463,4.8944,0.5417,2,2.48454365371004,Inverse Transform.D,185863
204762,204762,14.529749188257,17,0.133477624724356,66.8790190848702,267.925497136895,0.537785654385852,0.181652773823589,-22.8058348480277,226.352014635389,5.34334950838149e-07,3.4348359807646,0.458055771299425,0.726866992165961,152.200156301984,0,10,1,0.3447,290.388,0.0367,9.8901,0.4037,2,1.21163651115659,Inverse Transform.D,190598
473036,473036,13.6738305237586,10,0.629955788086808,61.3881498912288,241.547297228118,0.687929562939981,0.204543161392212,-23.1712998961306,221.547297228118,5.28482641921953e-07,3.45901075811343,0.453055780932782,0.433280696734468,136.652153758838,0,10,1,0.3215,23.6161,0.1295,3.9281,0.5894,2,3.20055672160846,Inverse Transform.D,440335
264795,264795,12.6334388421982,15,0.257601296529211,66.8191434644352,196.429533646442,0.781196205899795,0.0875306373927742,-21.2421453859551,181.972388611354,5.3563726298223e-07,3.45319864179427,0.506631009831195,0.553404550146461,141.184754520875,0,10,1,0.3185,55.8326,0.0888,6.4584,0.4981,2,1.98042464538902,Inverse Transform.D,246395
221434,221434,14.0228911803106,22,0.167402289065051,51.8342851580022,263.052262850717,0.509348054501029,0.192191640427336,-23.6107068775637,158.048893118261,5.84528063746639e-07,3.51861403259838,0.462865297412615,0.62845456391373,126.057777062319,0,10,1,0.3173,369.2544,0.0183,8.8422,0.4401,2,1.4664797831403,Inverse Transform.D,206080
274543,274543,13.9874042139287,14,0.260701569762932,71.3923117494423,218.795035986445,0.749970945887092,0.0728088394273073,-19.1598291980418,199.224503718242,5.39365686409492e-07,3.50492539214892,0.478921032596373,0.562395091908294,131.581319117791,0,10,1,0.3229,98.3747,0.0523,6.4618,0.4955,2,1.95395416678203,Inverse Transform.D,255437
2137,2137,13.9238819649941,19,0.147661221425048,58.0668023495252,201.770318231465,0.810484617932233,0.220881361328065,-18.6961238767165,140.729706807319,5.21770561665201e-07,3.49047463084218,0.495955382428154,0.583653386143113,120.644060347339,0,10,1,0.313,166.7059,0.0336,8.3858,0.4525,1,1.56408439982442,Inverse Transform.D,2011
469552,469552,14.9073290198425,15,0.267642872270134,61.980520050151,196.440151946154,0.749894719085575,0.12867777380161,-22.5441687530162,160.234124939528,5.47394538828682e-07,3.49210225044105,0.470358297224523,0.534923863984968,177.156692749254,0,10,1,0.3336,67.0865,0.0686,5.9964,0.5033,2,2.03447230303442,Inverse Transform.D,437099
279370,279370,14.2205431753134,11,0.467570513078839,50.2543249684609,361.681919842078,0.705491624560146,0.125513195618987,-24.9586119326601,181.501784010576,4.94942825388962e-07,3.51955019109062,0.49433771473161,0.410847035784868,119.680941141565,0,10,1,0.3095,314.0933,0.0089,3.982,0.5939,1,3.2793631975185,Inverse Transform.D,259919
51894,51894,12.9692342043287,16,0.496515517485997,49.522204576956,199.595813255153,0.575119978504007,0.154924875451252,-27.6854204951728,189.626758752269,5.12202474176342e-07,3.48660220562811,0.481299346899865,0.532160540968536,158.409957715522,0,10,1,0.3412,14.828,0.3068,5.1242,0.5285,2,2.31896757711651,Inverse Transform.D,48249
30944,30944,13.5274388105573,12,0.364217411756715,61.0338138925978,268.809071527019,0.758039923925387,0.0582092002499849,-18.5047201651778,248.809071527019,5.7069370030787e-07,3.51352286011639,0.527465931174833,0.548290851538862,128.507841572517,0,10,1,0.3385,136.6565,0.0355,5.6023,0.5133,2,2.1427300492086,Inverse Transform.D,28766
484374,484374,13.9886553265393,16,0.317320029849057,61.0902007845548,239.108279937695,0.348481691562707,0.205728910118341,-23.7547043133526,216.649149050047,5.57494766098284e-07,3.41500856229888,0.458201385209117,0.651821496441386,134.520525195836,0,10,1,0.3281,31.7883,0.2356,7.5421,0.4636,4,1.65670363858881,Inverse Transform.D,450947
268821,268821,13.2433961059359,18,0.216287293422997,79.9763196505673,265.724288391745,0.598074394022496,0.0670562935527414,-20.8295239667519,245.724288391745,5.13799711496765e-07,3.52929834475868,0.499143446690886,0.657947998263725,132.423152870095,0,10,1,0.3325,237.1521,0.0324,8.0964,0.4478,4,1.52638481048514,Inverse Transform.D,250135
298026,298026,13.8940817349087,15,0.50551634448288,55.3475018966411,208.520532439681,0.22251670213817,0.140441411407664,-17.5441128808225,158.805382403019,5.56077547202423e-07,3.4103513589718,0.484742847504159,0.603517488730641,161.510641342131,0,10,1,0.3285,5.4777,1.1116,6.3678,0.495,4,1.94890519439725,Inverse Transform.D,277347
471857,471857,14.5245139637989,17,0.180916999109705,55.3543036199265,200.701118165161,0.620552330139768,0.118843033257872,-20.7481308121689,187.257594946969,5.61303937679089e-07,3.53930002990489,0.522434904127529,0.662040028423604,130.43425849636,0,10,1,0.3252,146.2604,0.0536,8.5904,0.4409,2,1.47259880063797,Inverse Transform.D,439248
454806,454806,13.8940447422472,18,0.237845171785371,37.5871824223973,193.209627454075,0.683349706837205,0.109523826139048,-20.5706096600603,153.798472017557,5.55078308098921e-07,3.434298682998,0.519179571630813,0.575193313706193,129.945374481525,0,10,1,0.3286,55.811,0.097,6.8471,0.4813,2,1.81558150938437,Inverse Transform.D,423339
153961,153961,13.8130735861158,20,0.166344371739734,66.9144073361219,225.048651167346,0.507194745368821,0.0894565661903471,-22.5906082140265,205.048651167346,5.61033483947968e-07,3.42513800037134,0.488316905058134,0.731516451000294,162.840682258925,0,10,1,0.3411,111.2009,0.098,9.7773,0.4077,4,1.23752909825007,Inverse Transform.D,143382
278860,278860,14.7080934839417,9,0.70229936486892,67.7069614355487,195.582066737956,0.824255373937348,0.0750330250244588,-17.7905156887726,175.582066737956,5.79744111494639e-07,3.42286431186982,0.518913130630831,0.421031203327483,165.330280145858,0,10,1,0.3419,12.0774,0.2408,3.505,0.5992,2,3.37507267443668,Inverse Transform.D,259455
46535,46535,12.1760484126092,13,0.357208926382497,53.9323139976066,259.445528561615,0.54632189790172,0.163268665131181,-22.757277145924,123.368338997311,5.73424994815888e-07,3.53390893088115,0.512530868913954,0.48055925564542,136.364964871431,0,10,1,0.3316,159.6086,0.0232,5.0224,0.5376,1,2.43179364629042,Inverse Transform.D,43255
477210,477210,12.6277626400197,11,0.294432555911242,58.3112040815563,232.228128601161,0.381117072538092,0.0543714189901948,-12.4765367799187,212.228128601161,5.61977993305837e-07,3.43082451896015,0.515772304378518,0.696604614672598,166.148978675126,0,10,1,0.3415,42.6057,0.2156,7.6081,0.4544,4,1.57957599669224,Inverse Transform.D,444261
261311,261311,14.1533199332588,19,0.363187384361744,69.0543271102794,282.815754000929,0.581026617404373,0.0905705680605024,-26.4638360920407,271.395596915843,5.58157289125667e-07,3.46220605672167,0.514747723469351,0.58915002100041,170.318917543042,0,10,1,0.3211,81.3136,0.0705,6.4456,0.497,4,1.96918121533897,Inverse Transform.D,243164
159340,159340,12.958440147172,17,0.297220525730078,47.5963106492126,198.113009985536,0.831648492274633,0.0894581910222769,-18.7163745023381,178.461758646354,5.28315828089608e-07,3.50147037234506,0.477454844802636,0.534793128486532,155.269937567566,0,10,1,0.3301,57.503,0.08,5.8651,0.5095,2,2.10090486619063,Inverse Transform.D,148381
60995,60995,13.8969064197456,15,0.158803080583229,66.4645797698094,286.990708169856,0.608177948505832,0.124653075635433,-23.1326786141694,241.441259933031,5.59845628832369e-07,3.48834130603074,0.490317360636444,0.666861440543514,126.927523858638,0,10,1,0.3234,458.8461,0.0175,8.6941,0.4397,2,1.46342924427455,Inverse Transform.D,56743
115130,115130,14.3764285882732,15,0.191016124977431,72.4033987159332,197.977551459286,0.566696037048144,0.242205820372328,-21.9421526603966,179.555077272854,5.38806514341383e-07,3.49279100802281,0.521614099516837,0.607758878463438,140.458127501881,0,10,1,0.3165,105.0081,0.059,7.7863,0.4643,2,1.66271922710759,Inverse Transform.D,107153
163854,163854,13.848364831161,13,0.373070348507328,40.5126711326647,217.041648946362,0.535167974951679,0.222918839380145,-23.4563570498041,170.025443861626,5.32638032318067e-07,3.45079946150453,0.474509075253883,0.53877219245512,142.305511096721,0,10,1,0.3366,34.1902,0.1367,5.5861,0.5149,2,2.16059954167431,Inverse Transform.D,152573
139974,139974,12.8560208066029,10,0.505961458352679,62.3717750030262,197.732435741927,0.512217610223052,0.0838451485615224,-18.9812213630958,167.144735181654,5.79793452579379e-07,3.54041533303532,0.481378763900079,0.52467222072582,111.449357862342,0,10,1,0.3426,22.9296,0.1926,5.0035,0.5322,2,2.36415068699128,Inverse Transform.D,130335
259829,259829,14.3538696574595,15,0.219805767800549,69.6209185125624,198.007521758837,0.865232936866945,0.206264912104234,-18.5738871377056,178.007521758837,5.33073591626149e-07,3.529824390912,0.507069346699027,0.553973898721577,149.11349942287,0,10,1,0.3429,122.8041,0.0405,6.4764,0.4838,2,1.83920696627844,Inverse Transform.D,241784
37097,37097,14.7807649597458,13,0.355026651093961,58.8903240865469,240.87484724099,0.687396103876348,0.13391881538555,-17.8584154332324,171.99271471052,5.11097803524273e-07,3.48614936238765,0.506747053474956,0.4824550857892,147.09955680543,0,10,1,0.3249,89.2731,0.0418,5.0232,0.5414,2,2.48064224727822,Inverse Transform.D,34479
222119,222119,14.9551427044673,14,0.34772243900128,75.4277005027639,199.140670702327,0.314220862018231,0.191291573317722,-16.5044405310177,152.081880899931,5.41897498805114e-07,3.53725066668354,0.525039779869224,0.572854070606787,159.278801215369,0,10,1,0.3315,39.2079,0.1368,6.3532,0.4937,2,1.93583990640863,Inverse Transform.D,206713
328650,328650,13.1842576041045,11,0.630199042811466,42.2772565458614,237.362462133176,0.699545623458695,0.242142156418413,-17.1533974930763,217.362462133176,5.28493589866016e-07,3.54469595924792,0.477643170328387,0.442814427670267,171.71733852547,0,10,1,0.3359,37.2334,0.0854,3.905,0.5823,2,3.0805970446259,Inverse Transform.D,305902
188291,188291,13.6235895597008,15,0.293610508030505,69.8468707222918,208.058000256597,0.779915518032646,0.0551178569439799,-20.3420248818728,188.058000256597,5.43890790855162e-07,3.44897615570334,0.463205213390282,0.540184097971526,143.799713716911,0,10,1,0.3257,51.2542,0.0917,5.9866,0.5081,2,2.08571028696325,Inverse Transform.D,175279
392997,392997,14.5826273091159,21,0.193073610058664,45.8045147768736,202.931957324035,0.468380775952493,0.246485078893602,-11.6595451986743,114.904497464108,5.5497537560818e-07,3.43400571904556,0.536736736712465,0.597044641877011,116.709603524617,0,10,1,0.3121,84.388,0.0702,8.1067,0.4594,2,1.62105179362511,Inverse Transform.D,365845
444081,444081,13.9383995578966,18,0.467507011805588,49.1583761384419,252.639377040297,0.814964605426029,0.154211641196162,-14.2170564573141,232.639377040297,5.34268715452533e-07,3.4431828469961,0.550936708506567,0.46147667380366,118.053747168298,0,10,1,0.327,57.7934,0.0593,4.4132,0.5644,2,2.80015691756701,Inverse Transform.D,413367
178517,178517,13.1981696220878,11,0.348043405058809,58.9754035479094,222.75449970228,0.565683107671666,0.207402280624956,-17.4084755508094,202.75449970228,5.40855704642386e-07,3.51035873178759,0.555536826073732,0.552430835394132,177.565266343865,0,10,1,0.3339,70.0074,0.0705,5.7886,0.5098,2,2.10417576733794,Inverse Transform.D,166178
429881,429881,12.9815955637924,14,0.307033325508701,71.9961300862941,373.476799219287,0.459852352554699,0.201714116008952,-29.0947389633408,174.779847177544,5.76405703482087e-07,3.46506595061211,0.458555984005457,0.540708736851581,125.395460010794,0,10,1,0.3453,379.8413,0.0124,5.8856,0.5004,1,2.00414631958448,Inverse Transform.D,400170
258736,258736,13.7724273759005,19,0.187151914151229,55.1900945748815,254.641212213413,0.414184177246285,0.173287881305441,-14.9542669552161,150.745514195962,5.54791010899602e-07,3.49143191077806,0.521452892894587,0.703057457775733,109.461528540161,0,10,1,0.3891,241.8532,0.0392,8.5627,0.4079,2,1.23883656810195,Inverse Transform.D,240762
212026,212026,13.7952466779383,16,0.273945896932043,68.5193159299659,202.545387572086,0.802757403460634,0.183619893761352,-21.836892995967,153.286059142231,5.46476377162342e-07,3.53652362460916,0.525929683532031,0.513025179431687,141.240583657042,0,10,1,0.3495,112.4875,0.0375,5.5652,0.5086,2,2.09112379423954,Inverse Transform.D,197319
426233,426233,14.0857503718938,13,0.168117912493494,82.4485566141217,237.349680980107,0.538224264072044,0.153610603744164,-19.79509738159,217.349680980107,5.2904015133207e-07,3.46978129208514,0.491720804185127,0.737240676287021,154.84158652221,0,10,1,0.3909,180.616,0.0621,8.3399,0.412,2,1.2659135523,Inverse Transform.D,396776
405280,405280,13.4956446128005,17,0.17693845251383,56.5043712826933,201.548099017456,0.552406356255877,0.0986333698499948,-14.9678046038362,167.075422041511,6.07847028965779e-07,3.39027370918562,0.502756670266095,0.721178316587299,139.657566556646,0,10,1,0.3954,74.3446,0.1392,8.5467,0.4053,2,1.22193514001946,Inverse Transform.D,377318
256504,256504,13.3731431709881,18,0.275884785497633,48.756519276178,267.468210174079,0.725664747871489,0.0795585189480335,-18.5824596483181,247.468210174079,5.24005422865419e-07,3.51910030537426,0.496273837769412,0.628163205475309,140.587062605808,0,10,1,0.37,177.0819,0.0382,6.6859,0.4636,2,1.65670363858881,Inverse Transform.D,238689
449478,449478,14.0253218993827,10,0.54158830598361,44.6036554933875,218.467513846312,0.87201883187959,0.0662076428066939,-24.9610220815831,214.3921867064,5.23631327363632e-07,3.54472434631327,0.530082243993584,0.543612374479425,163.061062825243,0,10,1,0.3901,35.7428,0.1333,4.6117,0.5232,2,2.25583979657036,Inverse Transform.D,418377
162667,162667,13.3868088760404,17,0.23972648014612,63.6158414305211,241.817032686426,0.410154185482335,0.209070048853755,-23.0445027414198,221.817032686426,5.46194357373941e-07,3.51703902313733,0.454261294766036,0.710640524889128,134.666460218302,0,10,1,0.366,110.0891,0.0892,8.2416,0.4265,4,1.36602044614414,Inverse Transform.D,151469
252759,252759,13.3042151812445,25,0.212900726766072,85.3244758496161,196.398895635891,0.492513719336133,0.0968552092090249,-24.9466074371628,176.398895635891,5.4492922424928e-07,3.52226706116226,0.504970324954401,0.668663965189901,137.929225553993,0,10,1,0.3501,85.4482,0.0945,8.2247,0.4352,2,1.42951802514721,Inverse Transform.D,235209
313401,313401,14.0894892958117,13,0.337642165570511,65.6058216459482,201.583400697353,0.499572148312558,0.15272438484244,-23.6438254569685,162.685314367252,5.40751119566542e-07,3.54117771181095,0.489352086876476,0.601975668961949,177.022527274333,0,10,1,0.3855,52.7061,0.1148,5.921,0.4787,2,1.79133247025067,Inverse Transform.D,291683
374494,374494,13.588768781507,12,0.243437382370634,62.7875645030519,271.903489156553,0.72053250812095,0.0718816725537181,-23.9488050033379,185.618567068668,5.24584706542562e-07,3.55700563323333,0.53245407796429,0.558128713207471,113.379803256574,0,10,1,0.3524,389.2184,0.013,6.0588,0.4912,2,1.91096381007486,Inverse Transform.D,348615
242187,242187,13.7791004694106,12,0.270510243043844,60.4707932578224,250.180819358893,0.654660777172218,0.141828776150942,-22.4852525244045,198.818151019345,5.36521415131978e-07,3.43289749473585,0.478529383756284,0.601621194440946,141.363071236882,0,10,1,0.3774,101.7806,0.0594,6.1686,0.475,2,1.75737849296759,Inverse Transform.D,225366
2113,2113,13.7188886423627,17,0.232547559502931,88.8778745052814,239.668817337943,0.559306794563086,0.136901431856677,-17.73802792546,219.668817337943,5.57469884171592e-07,3.43562305975954,0.499267191749288,0.6748252437376,160.502384939195,0,10,1,0.3955,103.4559,0.0802,7.3859,0.4326,2,1.41026074382539,Inverse Transform.D,1987
58374,58374,13.8005509004416,19,0.168698366363045,54.7625662416672,235.392915076423,0.543806160190658,0.188345330068842,-20.3158044744613,166.728206664496,5.30212433550719e-07,3.53640651526935,0.502639456229603,0.691054688037002,167.819386183708,0,10,1,0.3792,270.1247,0.0331,8.6668,0.4105,2,1.25594642957315,Inverse Transform.D,54283
96205,96205,14.2328445997195,17,0.160207221425342,63.7655959239554,206.506502314007,0.524631847911527,0.195119175408036,-16.3526574213398,178.615200458096,5.58042711820393e-07,3.47089271478866,0.495522454896861,0.735560152475506,138.952679833453,0,10,1,0.3949,127.6585,0.0872,9.0223,0.3954,2,1.15943313073799,Inverse Transform.D,89543
123099,123099,14.7958767286941,17,0.287468305866865,46.0069009170341,219.714138442985,0.628536181672147,0.227720226766542,-21.7919648183419,145.061672133065,5.32460346803877e-07,3.50736505102853,0.499696948013874,0.551452631203918,148.819279969647,0,10,1,0.3617,94.6585,0.052,5.8718,0.4921,2,1.91988163734794,Inverse Transform.D,114602
146867,146867,13.6561462446074,16,0.267662256304165,61.9166723249555,218.078195500762,0.663912179520127,0.173518326552585,-20.857922492893,198.078195500762,5.50599879042103e-07,3.47439077330583,0.48844540100852,0.60330851134572,130.3295778588,0,10,1,0.3676,79.1489,0.0769,6.4926,0.4703,2,1.71516442860462,Inverse Transform.D,136771
88471,88471,13.517963737338,13,0.316242762236254,58.2866504008201,238.552801872289,0.707250528116466,0.147108054626733,-14.7525298008903,135.129805356522,5.09372378491162e-07,3.51902677904167,0.464563170857998,0.510064325713909,143.589987148002,0,10,1,0.376,122.9274,0.0339,5.0597,0.5127,1,2.13606883420334,Inverse Transform.D,82349
362733,362733,12.8769977314801,12,0.169324826595452,56.5896813910601,207.983634991355,0.678949707474769,0.164851122628897,-22.1809238069601,187.983634991355,5.85418352252631e-07,3.51430922576694,0.560862869126552,0.706720116427231,126.778378664344,0,10,1,0.3929,199.2785,0.0484,7.7173,0.4255,2,1.35889130686444,Inverse Transform.D,337699
45769,45769,14.119650661216,20,0.363278666466143,72.444930064393,234.440495175986,0.482230342961968,0.127837085165083,-18.9559964611142,214.440495175986,5.65362107123206e-07,3.45364659350676,0.478187983052136,0.647400104853271,165.972362261924,0,10,1,0.3957,39.3051,0.1869,6.2635,0.4633,4,1.65413202108522,Inverse Transform.D,42546
3515,3515,14.6272609427971,12,0.290808282568084,67.0362370362832,217.875555343647,0.520513065129532,0.135078289918602,-22.2104900693951,197.875555343647,5.76101617209797e-07,3.53729602689807,0.535183040045968,0.674552619859939,130.922023278669,0,10,1,0.395,91.5399,0.0906,6.7482,0.4497,2,1.54151947130166,Inverse Transform.D,3285
53391,53391,13.4210303073136,13,0.547417393278822,44.9102042854746,262.79085586426,0.380664282882456,0.142497542826459,-23.6670928973468,236.313072177826,5.27728633796453e-07,3.47759027615761,0.524860229225884,0.618484437511052,106.78319417147,0,10,1,0.3527,16.7866,0.3863,6.0177,0.4922,4,1.92087510714177,Inverse Transform.D,49640
364154,364154,13.4204654115709,11,0.120573083407465,64.9116199977465,294.232712469316,0.657231698343405,0.119508699327707,-20.9309415208231,274.232712469316,5.47602277617014e-07,3.55027946330075,0.476858189573346,0.758060766305353,140.818555976003,0,10,1,0.3679,976.8592,0.0128,8.4897,0.42,2,1.32028684464852,Inverse Transform.D,339021
495297,495297,13.5401750616313,17,0.377756993822509,48.6892569277354,196.440713857301,0.511745920165334,0.240243991464376,-25.08334406754,140.9838940155,5.72395821343092e-07,3.508675033742,0.531899195955487,0.530278141766106,143.630293873148,0,10,1,0.3544,41.188,0.1096,5.3099,0.5148,2,2.15947814838141,Inverse Transform.D,461131
291780,291780,13.2756496706446,16,0.254007744949528,39.5456479392955,218.016892827179,0.651852075857458,0.195962115563452,-17.956037226811,178.110983492092,5.60691013978776e-07,3.4411170996121,0.469403649291548,0.598518225634071,123.792492495937,0,10,1,0.3575,70.7484,0.0843,6.6485,0.4711,2,1.72227854527186,Inverse Transform.D,271492
215703,215703,14.4551274878725,19,0.420379680525207,55.3001656530779,225.717676102053,0.530870922707022,0.164147311029956,-18.2504583249678,205.717676102053,5.12242662809111e-07,3.56227771403304,0.49881709230608,0.582814122669885,147.302396834457,0,10,1,0.3728,49.261,0.1134,5.5558,0.4969,2,1.96816232326847,Inverse Transform.D,200760
111708,111708,14.0944483656449,12,0.36418917146907,48.5347638861713,203.803291078657,0.7851063786748,0.145538778835908,-20.0855709159198,172.830721321564,5.00854571070782e-07,3.53401954793467,0.543769400027797,0.551591465654719,141.498362318029,0,10,1,0.3956,63.4657,0.0775,5.068,0.5029,2,2.03026151708332,Inverse Transform.D,103954
304716,304716,13.932607203969,15,0.409787408726505,67.4040027509089,261.046571811711,0.530442626046871,0.169893408194184,-25.1027247188742,241.046571811711,5.47276318782328e-07,3.48475929381922,0.465956363249453,0.598082457851697,130.133643405493,0,10,1,0.3792,55.8142,0.1066,5.6948,0.489,2,1.88934074289982,Inverse Transform.D,283609
296476,296476,14.2714221849896,11,0.325110039986177,47.241720299998,217.067731914696,0.597532625466211,0.183073755865917,-22.6680524882757,149.634192372107,5.47250709438299e-07,3.47508580599338,0.51662125969017,0.569289043714139,121.976075761156,0,10,1,0.386,66.5229,0.0795,5.4978,0.4923,2,1.92186909823458,Inverse Transform.D,275904
143215,143215,14.1992475194035,16,0.596843374576506,63.2656798612448,296.681677842288,0.76347367024223,0.073181766923517,-16.144873021293,209.710339282961,5.40363225851129e-07,3.41386482725762,0.506363552775652,0.429456466115061,135.108083364301,0,10,1,0.3622,65.7899,0.0458,3.5097,0.5881,2,3.17819768115673,Inverse Transform.D,133361
331050,331050,13.5723110237701,21,0.26052259551929,66.3544054702512,198.299214324893,0.539638513474786,0.121718517085537,-18.2647541785333,178.299214324893,5.83281609387261e-07,3.4803618374126,0.507627815107569,0.658637201789273,126.561782840666,0,10,1,0.3828,57.4834,0.1343,7.1389,0.445,2,1.50433827193212,Inverse Transform.D,308150
454738,454738,13.9208103601319,11,0.418559745825458,63.1508571158362,235.409470689724,0.68260300643524,0.180782481003553,-20.7927177657091,215.409470689724,5.43180888751982e-07,3.54664660845885,0.479890533112959,0.537753414509107,107.730278743819,0,10,1,0.3739,75.6153,0.0615,4.9794,0.5168,2,2.18202221675964,Inverse Transform.D,423274
57707,57707,14.9454756255793,17,0.184212478126924,61.3129587067627,208.197111139741,0.707626983031111,0.197722205240279,-26.3433460644899,155.355705881171,5.44766463181747e-07,3.53335968473192,0.514539313109142,0.607704013790833,133.874748695422,0,10,1,0.3533,182.76,0.0339,7.5266,0.4501,2,1.54472389155103,Inverse Transform.D,53648
162112,162112,13.4074956662198,11,0.304029036424273,80.2827047633096,229.522705038988,0.722580429415055,0.208043111115694,-25.7613607096571,211.097016450045,5.25663697044558e-07,3.42487782216842,0.470730584202607,0.555139450628118,129.622129256025,0,10,1,0.3676,63.2027,0.079,5.5589,0.4994,2,1.99379699910089,Inverse Transform.D,150960
131010,131010,13.5533158066616,17,0.388941945034433,55.3834916540092,219.748546222327,0.472810392149736,0.100980436243117,-18.6270842492206,193.767585496838,5.70145902824673e-07,3.48526927708409,0.476845590093405,0.647956774756424,143.882632100723,0,10,1,0.3897,30.9182,0.2381,6.2262,0.4672,4,1.68786875184108,Inverse Transform.D,121992
65017,65017,13.448557264622,16,0.353862080589953,60.1986989754607,259.616453145765,0.663511338563915,0.0702378544956446,-24.0448758040176,181.336476751655,5.90238358119069e-07,3.4055659329271,0.525623275017595,0.507537174431274,164.12228699077,0,10,1,0.3539,88.9595,0.0463,5.0285,0.5252,2,2.27944472689203,Inverse Transform.D,60497
382314,382314,14.6595926452389,16,0.502299496951262,54.4009474860466,223.758623117198,0.534867797125085,0.132086855778471,-19.1025618174507,185.569558600497,5.81000190223922e-07,3.5261107828144,0.489333090241219,0.543467230057699,142.313921707097,0,10,1,0.3772,34.4793,0.1381,4.8601,0.5197,2,2.21515061099056,Inverse Transform.D,355903
405212,405212,13.3788971769249,13,0.506540565736066,61.2760010265909,256.759214005006,0.52736571930968,0.0738289678003639,-18.5466742178485,236.759214005006,5.61905460592035e-07,3.54918731821001,0.532765711236879,0.580780963335015,151.883147640106,0,10,1,0.3567,47.3939,0.1169,5.5199,0.5063,4,2.06634155271317,Inverse Transform.D,377254
360131,360131,14.303107109164,12,0.306667229400406,67.0408982745795,244.245602204206,0.617995204241805,0.1127504338976,-20.4340853995997,152.891026428143,6.12317791840944e-07,3.48172366924127,0.476169389464699,0.519142449181964,175.982918304169,0,10,1,0.3544,129.9712,0.0332,5.3631,0.5129,2,2.13828683561033,Inverse Transform.D,335267
60127,60127,13.4529029256691,18,0.334929318197724,48.200178270905,270.696930032512,0.376458673189261,0.19713163273409,-13.0750174853336,250.696930032512,5.34951889844373e-07,3.44641685285563,0.462307019798659,0.70515356328256,141.850761392592,0,10,1,0.3891,50.3697,0.1899,7.2939,0.438,4,1.45053078406718,Inverse Transform.D,55934
214505,214505,13.7116162317944,17,0.363354625403377,86.5747718766509,253.680488851805,0.891518003577812,0.069678196683526,-22.4355795738371,196.786437658159,5.59241977744173e-07,3.50159674865393,0.515705531964008,0.4888428226662,164.320021186665,0,10,1,0.3818,150.9727,0.0253,4.5072,0.5315,2,2.35553094897826,Inverse Transform.D,199651
256090,256090,13.9948099630302,19,0.233808028467923,82.6671444836076,252.661603189592,0.452402260400904,0.0671266983263195,-23.1341008265279,212.579789899912,5.20788099030354e-07,3.44864891816797,0.48658754883967,0.707428230334681,135.087908562642,0,10,1,0.3809,105.2723,0.0919,7.984,0.425,4,1.35533957417066,Inverse Transform.D,238303
441603,441603,13.1085671945419,12,0.494369000519836,50.9870210919486,197.446736650039,0.683689620669657,0.174213993549347,-15.9396631718765,177.446736650039,5.99462754152579e-07,3.51279624896394,0.542764073343334,0.517704154899669,144.662079264493,0,10,1,0.3894,32.3929,0.1325,4.4696,0.5294,2,2.32987259818265,Inverse Transform.D,411062
17276,17276,14.1224524395685,12,0.18731617898748,72.8717808626745,202.459368556738,0.536419336946485,0.1007268961519,-18.9684057127808,133.412583376821,5.27296950914627e-07,3.49288690308289,0.506022279020925,0.640014763084205,121.00715879627,0,10,1,0.3852,122.9802,0.0578,7.0598,0.4459,2,1.51139150287954,Inverse Transform.D,16063
235376,235376,14.1027405261377,16,0.203250094126898,81.7595988152542,225.642445908754,0.816960741341223,0.0882594206370414,-20.5825168844756,175.936799945819,5.35591295750097e-07,3.51387895610659,0.507764168715464,0.572833766827912,116.001480120568,0,10,1,0.3558,201.253,0.0267,6.7623,0.4688,2,1.70190320783388,Inverse Transform.D,219035
100213,100213,13.3133739832363,20,0.533932321478242,71.8183598229004,269.808997498356,0.583704167934227,0.0580595801584423,-19.3639855032587,222.373966410511,5.67448333763027e-07,3.53150993363109,0.509156693765862,0.50453128973964,175.427704568278,0,10,1,0.3524,69.9172,0.0583,4.5687,0.544,2,2.51467638159848,Inverse Transform.D,93253
385563,385563,14.1389672898268,19,0.22376709108102,65.105662571157,274.11364842288,0.503215845581317,0.122313263593242,-20.627384210191,254.11364842288,5.5700748965994e-07,3.4361403974406,0.508240512215255,0.707332583817283,134.519195116517,0,10,1,0.3589,146.8192,0.0658,8.4035,0.4266,4,1.36673524858872,Inverse Transform.D,358923
173860,173860,13.3928558673705,11,0.277816481117671,44.6054326104668,204.541126609607,0.841365502764073,0.217963759368286,-11.1835894708405,188.539387145202,5.51585916156331e-07,3.44599413676048,0.49914771040427,0.552318288456351,149.600380148546,0,10,1,0.3625,64.0657,0.077,5.6546,0.4988,2,1.98761370005247,Inverse Transform.D,161866
273689,273689,14.3900341356546,18,0.543224157790495,59.6672833698393,231.254753263256,0.741851946366018,0.109195333719254,-21.6561261265621,211.254753263256,5.42859136080431e-07,3.51295392007143,0.510354993057398,0.48777063175318,124.83047134865,0,10,1,0.3548,38.9021,0.0979,4.3281,0.5528,2,2.63369675516959,Inverse Transform.D,254645
229427,229427,14.4479158490044,16,0.403877727353549,50.269769570034,210.521877689065,0.76838069669986,0.0553348010871559,-15.2354082981382,203.250343655587,5.72086946360849e-07,3.42526278551431,0.498734029609802,0.549885709138889,140.629218546212,0,10,1,0.3618,28.2043,0.1733,5.2762,0.5121,2,2.12942921136192,Inverse Transform.D,213497
99715,99715,14.4138319064387,16,0.23577558495328,65.8097943115473,204.801786942407,0.782068561551858,0.0533655588980764,-22.4322986656833,164.890071991945,5.47530515284919e-07,3.49767573411414,0.455541392109114,0.563577003213793,125.112050358562,0,10,1,0.3506,95.2473,0.0542,6.3767,0.4825,2,1.82688359577289,Inverse Transform.D,92796
144016,144016,14.147914959298,14,0.348769073937234,60.9287844706457,244.338180399116,0.683880854852522,0.0557040270417929,-17.6756442707032,145.491842344922,5.53060070310949e-07,3.40488178115494,0.518352167205145,0.490808771040357,113.044837524718,0,10,1,0.3722,75.542,0.051,4.7466,0.5266,1,2.29612387991076,Inverse Transform.D,134113
321867,321867,13.3454992169653,14,0.30272327556642,81.1032871390162,200.698249966372,0.584186017501907,0.186029644636437,-19.1558490238202,136.556443895103,5.56220986257173e-07,3.53586596271051,0.502345446932912,0.540415361216723,163.280568452061,0,10,1,0.394,85.416,0.0551,5.3695,0.4929,2,1.92784401168434,Inverse Transform.D,299572
18982,18982,14.3263151693574,14,0.821636190033944,63.1124387144934,194.325035950436,0.629692495521701,0.174950857413933,-15.5272163992889,174.325035950436,5.55017547231411e-07,3.50645109405059,0.476862311511652,0.41665661586039,145.092615708117,0,10,1,0.3528,9.4147,0.3035,3.3052,0.6043,2,3.47024982554216,Inverse Transform.D,17658
168010,168010,14.3931792329686,12,0.440463443360848,55.5738444649341,244.650813502535,0.627386649305114,0.0729941699653864,-20.8019767763313,224.650813502535,5.42443814995438e-07,3.48603131144863,0.501761660049361,0.575683788526107,160.308936097955,0,10,1,0.36,43.969,0.1234,5.5075,0.505,4,2.0524687669122,Inverse Transform.D,156420
148824,148824,14.6994298298994,17,0.239073408587799,70.1787740237768,283.075824313687,0.789293137979019,0.1239489863161,-19.6996602764191,142.296342175337,5.77318588630779e-07,3.5038677438127,0.454240339153812,0.518953858011929,149.524486172107,0,10,1,0.3542,345.6707,0.0125,5.9022,0.4951,1,1.94991392501903,Inverse Transform.D,138603
311124,311124,13.7179323118986,15,0.167835489072551,54.129538930579,258.307977799581,0.651480617009951,0.218350496562198,-17.5047835562446,238.307977799581,5.30755916667826e-07,3.50196944824905,0.498186643989876,0.682523266584458,128.871660025916,0,10,1,0.3586,312.8533,0.0275,8.358,0.4277,2,1.37462083706723,Inverse Transform.D,289562
333515,333515,13.58808331706,17,0.234083502810966,45.0169214313569,200.286841335026,0.729160465551152,0.201899220328778,-15.0602502479661,199.992581478949,5.38971133436924e-07,3.51357677949973,0.517449087700807,0.618321980383592,155.661421945491,0,10,1,0.364,93.1311,0.0696,6.9806,0.4586,2,1.61434578506656,Inverse Transform.D,310451
175148,175148,13.4380853747231,14,0.201396586062195,55.1349361690532,200.375717602425,0.575325851275938,0.130984951229766,-21.4625057690089,180.375717602425,5.62785202273802e-07,3.52155769102873,0.473429906686488,0.694368966189262,134.171754225551,0,10,1,0.3696,102.679,0.0885,7.9384,0.4317,2,1.40365115380519,Inverse Transform.D,163054
166933,166933,14.0528349592421,15,0.251695362285864,64.968751402835,199.9956338224,0.637837768230029,0.1845773502253,-22.7053756950855,164.032555332525,5.62217984692369e-07,3.52447033256837,0.503371743931891,0.59556553040627,142.156474295016,0,10,1,0.371,93.6668,0.0629,6.4702,0.4693,2,1.70631239042044,Inverse Transform.D,155419
375305,375305,14.1833178250654,11,0.191393986681305,80.0439123461431,259.765139633029,0.855200789277737,0.0660597433336079,-22.7860093143181,239.765139633029,5.36782527734747e-07,3.51595663003566,0.466036169611813,0.646323020885831,164.155323915557,0,10,1,0.3662,303.5002,0.0241,6.9626,0.458,2,1.60933388112575,Inverse Transform.D,349361
22261,22261,14.097558232546,16,0.280017214871087,58.2634337560257,273.559417417373,0.692924883745884,0.0779160159174353,-21.6743069093233,270.098859051802,5.60542028873374e-07,3.51816845800853,0.532835920543224,0.641384912994344,166.270974449398,0,10,1,0.3537,191.0656,0.0374,7.0077,0.4633,4,1.65413202108522,Inverse Transform.D,20711
83869,83869,14.3510382218459,18,0.197399608598994,78.5253082326294,332.113922413652,0.775563104502083,0.175246020033956,-19.0230589794481,276.618072995736,5.93561573066031e-07,3.44364898717393,0.483873072089467,0.615473642626218,173.063393952111,0,10,1,0.3627,520.4258,0.0123,7.3628,0.4493,2,1.53832140114761,Inverse Transform.D,78038
321265,321265,13.8596144597354,10,0.234669501067372,64.3262455778725,214.48869803116,0.701899966333571,0.0963552667293698,-18.1190332023549,148.866699376524,5.84780164636134e-07,3.51189452012515,0.496787578496471,0.567425374412433,124.208336332033,0,10,1,0.3632,147.4807,0.0356,5.8786,0.4912,2,1.91096381007486,Inverse Transform.D,299009
253009,253009,14.0809665397841,20,0.169024922838721,55.0991096434813,203.208987019025,0.572490022130877,0.0779483393300325,-19.1505231971954,167.948921458297,5.38106073167454e-07,3.54794533251558,0.537244353544928,0.713207923509091,116.034768803966,0,10,1,0.3781,178.1185,0.0558,8.9361,0.4053,2,1.22193514001946,Inverse Transform.D,235441
156052,156052,13.5327291906604,15,0.332683665458699,67.6303104457247,236.259957612682,0.506126793348535,0.243440024368465,-19.048667022688,232.725957126732,5.08346321198656e-07,3.51029516248844,0.495067966304891,0.631844662957614,118.38752140945,0,10,1,0.3904,67.4618,0.1018,6.2856,0.4651,2,1.66962025238417,Inverse Transform.D,145324
471584,471584,12.9293397298908,14,0.559856968208552,62.0800325728511,237.174538640655,0.271212183049559,0.155958300316706,-16.9417288892327,231.130613245653,5.26695305568964e-07,3.55174131171129,0.502236696524379,0.697770995557363,149.864301561614,0,10,1,0.3857,9.2551,0.9978,6.6728,0.4562,6,1.59438808973536,Inverse Transform.D,438991
347007,347007,13.5728221354754,14,0.245646809924087,47.4816751704048,198.776376387104,0.67715311021536,0.0777614580933005,-25.1092614948449,158.438886838261,5.12280178824753e-07,3.51761935280249,0.489812223108063,0.593355325741879,147.65992090597,0,10,1,0.3533,81.7739,0.0714,6.5657,0.4757,2,1.76375289162884,Inverse Transform.D,323073
400707,400707,13.8910944529876,15,0.4271051339238,57.7613840010481,196.306769776925,0.515477347882225,0.135153164854273,-20.8676862228483,164.087808968681,5.67702496144933e-07,3.50370022030563,0.538554621242457,0.542080079069655,149.277560820907,0,10,1,0.3505,28.3113,0.1673,5.311,0.5168,2,2.18202221675964,Inverse Transform.D,373044
403860,403860,13.836804301637,20,0.315440274959731,76.3302503383445,248.987573701627,0.470716060455837,0.135246185492724,-19.5797287309167,228.710143396952,5.37201988385684e-07,3.44364813083476,0.522135885327721,0.655252274179165,117.515311423563,0,10,1,0.3745,60.359,0.126,6.8543,0.4567,4,1.59852622265826,Inverse Transform.D,375986
178849,178849,13.7393963963132,15,0.328837288042592,51.5036276691646,206.907982141209,0.440702515387415,0.17260328955017,-13.4892881868053,169.021294960577,5.49836520595594e-07,3.45349662101121,0.509309714939081,0.606925723979627,117.748123283785,0,10,1,0.3546,33.7942,0.1828,6.4528,0.4782,2,1.78670630741054,Inverse Transform.D,166486
41495,41495,13.3631219578097,16,0.372641940215172,59.7854610013048,226.769411612869,0.847173742638553,0.0896111689973623,-23.4696102953256,196.67977168382,5.31934053407683e-07,3.42332922640754,0.540233081093939,0.535235746367721,133.460766603562,0,10,1,0.3839,52.5592,0.0876,4.9575,0.5127,2,2.13606883420334,Inverse Transform.D,38561
390999,390999,14.668623609888,17,0.392978741760598,53.2354771469982,334.598384219563,0.535892939507279,0.149662662856281,-20.7149211456565,207.13750557275,5.14126045690473e-07,3.49821277320912,0.50817674858623,0.517048571976964,161.410234826442,0,10,1,0.3526,213.2454,0.0201,5.0861,0.5238,2,2.26289398086311,Inverse Transform.D,363986
395533,395533,13.3617051338757,11,0.221066174487085,57.5999993119709,244.301172970895,0.770877176190219,0.145677869999781,-20.5292915427678,224.301172970895,5.51497206116682e-07,3.49719837213541,0.486449966103554,0.609045122268439,134.281806078734,0,10,1,0.3469,189.603,0.0329,6.653,0.4766,2,1.77198221652368,Inverse Transform.D,368227
175759,175759,14.5636200116905,13,0.466961464205703,91.7136044060742,195.21410448331,0.449569668382673,0.217162033030763,-17.1664200473515,175.21410448331,5.46039398253901e-07,3.47142136007359,0.484245287966618,0.509831214425254,134.240270316331,0,10,1,0.3803,19.6933,0.2113,4.6384,0.5268,2,2.29851717348256,Inverse Transform.D,163618
336929,336929,13.7829391279908,16,0.244170969511386,57.1119166119878,215.053781810579,0.663451542702484,0.221135166892782,-17.5013982434388,143.947419781599,5.75432051908153e-07,3.46945419030761,0.546519411680951,0.568760751527265,136.204772064622,0,10,1,0.3685,112.7165,0.0468,6.2949,0.4757,2,1.76375289162884,Inverse Transform.D,313641
165720,165720,12.7939769034164,17,0.28972732998442,54.3319578238841,246.570188095871,0.547724035947564,0.126688376441598,-20.1273690362849,226.570188095871,5.28714193145092e-07,3.4647032339309,0.521760821966987,0.640620101523449,139.9561783586,0,10,1,0.3535,80.8459,0.0882,7.0225,0.463,4,1.65156428796296,Inverse Transform.D,154298
434018,434018,14.0493966684615,15,0.326999958897029,44.861031503943,220.551237877864,0.682494225821739,0.233345082448795,-27.9866685277029,135.697613788798,5.27168075631097e-07,3.48179533179389,0.461853844000361,0.530048705166891,128.370868044255,0,10,1,0.3847,69.131,0.0653,5.1799,0.504,2,2.04186283194022,Inverse Transform.D,404018
178215,178215,13.6716378202936,12,0.474007911156659,41.9366666354836,233.204693896827,0.417255670838293,0.231927089719102,-15.6759056998601,213.204693896827,5.60479015063598e-07,3.50124291680356,0.513402158155793,0.590320552545281,117.017356542459,0,10,1,0.3597,26.985,0.2136,5.7343,0.4976,4,1.97530588772908,Inverse Transform.D,165894
178282,178282,13.1455480377645,14,0.241287057158115,74.1959690180199,257.217213586222,0.528850474772016,0.169484392134473,-15.8270210543019,132.733263673216,5.73045188404099e-07,3.51283977230595,0.499489381634741,0.563447219026437,136.554995316206,0,10,1,0.3571,237.6665,0.0217,6.3741,0.4792,1,1.79597055027638,Inverse Transform.D,165958
218526,218526,14.0520497700805,11,0.185721308098304,45.9900681019651,237.352406733838,0.689272141922416,0.123787351325154,-19.5284560741097,130.673988108452,5.73894705310393e-07,3.47172914219532,0.508860659996795,0.600086306298585,166.908669539288,0,10,1,0.3601,225.3934,0.0266,6.6758,0.469,1,1.7036655377006,Inverse Transform.D,203377
90037,90037,14.568398282828,17,0.211054266218373,70.9927123071109,263.674373271276,0.843363751694187,0.0537018876988441,-20.1879149559016,205.991484360202,5.61852341293083e-07,3.4822266247352,0.496720455360917,0.576958333495836,121.775756086833,0,10,1,0.3566,280.4857,0.0194,6.7312,0.4692,2,1.70542965807385,Inverse Transform.D,83800
146249,146249,14.2405501015532,14,0.826713657197831,56.6334225610714,269.210337334754,0.642451931665755,0.220276588760316,-21.6627785811977,218.921276611479,5.26332738294414e-07,3.49712926989617,0.510172003513221,0.437015596598289,138.540023198562,0,10,1,0.3837,28.9637,0.1072,3.2892,0.5895,2,3.2022841189168,Inverse Transform.D,136195
225758,225758,15.0154726793403,19,0.329076382606785,65.9801243889134,200.060805662069,0.766651075899037,0.151181845553219,-22.7791411046304,147.555403662399,5.64872395497115e-07,3.4821555342955,0.486769304795974,0.509273320959776,123.741692369082,0,10,1,0.3785,59.7014,0.0695,4.9568,0.5153,2,2.16509120790751,Inverse Transform.D,210095
247600,247600,15.2247639977489,14,0.205923934866972,57.1125553969944,280.381505872475,0.861371958159608,0.164892515540123,-22.7713008473081,165.85887420274,5.60790567886608e-07,3.44628813031761,0.443571260098388,0.576824125597821,138.694974521924,0,10,1,0.3862,277.299,0.0197,6.4128,0.4634,1,1.65498879495546,Inverse Transform.D,230401
386574,386574,13.498490004415,18,0.306162821498078,49.3657985389136,210.084843509382,0.582658043937136,0.108035312686116,-20.0831990446571,143.624096364032,5.28517830198309e-07,3.50849330860513,0.484568790280435,0.581432883195686,150.062926165409,0,10,1,0.3944,69.0039,0.0805,5.7599,0.4796,2,1.79968962099383,Inverse Transform.D,359858
181078,181078,14.6672505933666,13,0.224480544804318,61.4845004792664,263.552948222017,0.571126579937882,0.184811401600018,-20.9758175509271,243.552948222017,5.07412986091407e-07,3.47890507381813,0.533869204393947,0.686023974064758,138.690307458788,0,10,1,0.3803,183.8577,0.0475,7.4535,0.4382,2,1.45204269815339,Inverse Transform.D,168560
414614,414614,13.5344182686403,18,0.220516368508669,51.1684702492616,247.406844155359,0.802559867035583,0.0804257751908154,-15.8721075131619,190.043096831699,5.62631067666859e-07,3.52526600313437,0.487087574920255,0.615858480271769,115.286843899059,0,10,1,0.3957,252.9953,0.0253,6.7389,0.4496,2,1.54071936900705,Inverse Transform.D,385984
74748,74748,13.7161766002201,12,0.319838253529908,63.380661555293,293.203134994029,0.616432728290243,0.126719023333862,-23.9120191133054,246.534221233146,5.46343501678672e-07,3.41375717736334,0.486576635981661,0.613434926360075,134.129531918023,0,10,1,0.3861,112.2667,0.0565,6.0055,0.4757,2,1.76375289162884,Inverse Transform.D,69540
29412,29412,13.551776276922,19,0.17754340110417,52.2837473617102,202.44162527812,0.743401415846698,0.0908463606145233,-17.4632474742795,182.44162527812,5.6061312269073e-07,3.54254685799011,0.492831341290874,0.674491392606278,125.71119173659,0,10,1,0.3711,163.6616,0.0506,8.2898,0.4229,2,1.34051506717435,Inverse Transform.D,27341
155864,155864,12.8815569451259,18,0.473026940674678,58.8000917376,224.297444535588,0.714917419362876,0.0587310535367578,-16.1616887847185,204.297444535588,5.26865447822066e-07,3.5358290635784,0.503306697721772,0.521017982121208,125.306176340951,0,10,1,0.3591,45.2164,0.0962,4.7974,0.5313,2,2.35307434375337,Inverse Transform.D,145152
201017,201017,14.0958700226512,13,0.191116131428896,51.4598302321178,262.261429892793,0.619690546259896,0.0567498818039894,-20.5716141100038,186.472008405141,5.60281804426871e-07,3.43555402003622,0.523729869120936,0.637870057853869,158.126073283625,0,10,1,0.3631,230.2357,0.0306,7.2914,0.4509,2,1.55115180284753,Inverse Transform.D,187105
165964,165964,14.4088634388702,18,0.171464666848325,44.569094752529,230.328016763298,0.505106954961825,0.197528872592375,-19.164692774072,119.865234274633,5.53911906994269e-07,3.55056860192858,0.492924255379537,0.682390587297844,126.705306378444,0,10,1,0.3876,274.5752,0.0313,8.4398,0.4114,2,1.26191821230449,Inverse Transform.D,154523
19052,19052,13.930952036573,17,0.341302098422076,59.3857523163127,218.784845461261,0.31642609073786,0.183901712950319,-19.1006705160524,166.485196021746,5.20699359208737e-07,3.52227635113557,0.512045211298807,0.641435229601047,137.802049092103,0,10,1,0.3576,42.02,0.1703,6.9068,0.4639,4,1.65927914790003,Inverse Transform.D,17723
100349,100349,13.0454033783239,15,0.212339009360118,65.4019588383274,295.061897150698,0.456128842607316,0.199546305695549,-17.0144283037996,275.061897150698,5.68194759699403e-07,3.43402661215205,0.471822834092124,0.707952636146383,137.237742300241,0,10,1,0.3539,195.4031,0.0496,8.4141,0.429,4,1.3839942378404,Inverse Transform.D,93376
300292,300292,14.3048916357161,10,0.647337981121514,76.2033786838132,215.242505943903,0.956029565606745,0.225476636970416,-18.1134622537299,181.822576236168,5.13161588384805e-07,3.53226395783235,0.497397501607749,0.396520354675729,144.15740884006,0,10,1,0.3764,44.1373,0.0595,3.0149,0.6094,2,3.56858183761357,Inverse Transform.D,279470
5579,5579,13.90520345227,16,0.289382600287597,46.7850449293394,247.051384723235,0.396443926934012,0.0911625431850553,-16.5742944081685,126.762145432057,5.41903975647772e-07,3.41641621570238,0.516943206541566,0.607797543998839,158.69320987253,0,10,1,0.3818,72.7644,0.0852,6.4453,0.4646,2,1.66530384628549,Inverse Transform.D,5208
482355,482355,13.577528333077,17,0.217060850032936,55.415452436683,201.046815544832,0.632973578487394,0.195042582321912,-18.7621471553776,144.708405654699,5.67951492338917e-07,3.44136271504983,0.520333255913747,0.595583835226297,152.012070502142,0,10,1,0.3584,80.9136,0.0728,6.9817,0.4615,2,1.63878362941594,Inverse Transform.D,449057
192318,192318,13.958813304046,11,0.516473585018677,57.4990326102919,248.170837861419,0.644757932296186,0.127917663799599,-13.190044442232,228.170837861419,5.57178658131338e-07,3.47611706325189,0.482169222738693,0.537251315198403,175.155452765213,0,10,1,0.3908,39.0078,0.1191,4.6413,0.5217,2,2.23830583664812,Inverse Transform.D,179008
360944,360944,15.0633409220391,14,0.605791341684348,49.91280919941,220.644423957315,0.405003298727029,0.151936135767028,-27.205376008019,163.89056621662,5.38562640490422e-07,3.54456525699591,0.511852770446017,0.523211310782456,105.68997817379,0,10,1,0.3636,19.1652,0.229,4.6522,0.5347,2,2.39521227152645,Inverse Transform.D,336028
83722,83722,13.7319989700683,15,0.153660304993724,58.5272966652687,198.28414886957,0.657537566903758,0.0911989996209741,-16.8841773110676,166.270002869418,5.72610544302203e-07,3.52217164569114,0.476435660208957,0.698893164510217,156.766515931213,0,10,1,0.3728,165.4002,0.0561,8.5382,0.4165,2,1.29624371187183,Inverse Transform.D,77899
162052,162052,13.6392927220256,11,0.277259027710518,47.3570567063464,234.535548300651,0.592772542548592,0.0933838550467044,-23.5578067933135,214.535548300651,5.31563049850385e-07,3.46235753198862,0.461018599497535,0.706474208673723,164.907200520687,0,10,1,0.405,68.3797,0.1408,6.8784,0.4414,4,1.47643537550409,Inverse Transform.D,150904
388882,388882,14.1954920909379,27,0.200512003477277,52.7777931573413,202.317402001936,0.779750743900173,0.20989098502323,-17.2505213305351,156.886905551337,5.51352828340724e-07,3.54681952235486,0.470239541574922,0.654323596641093,151.802879369675,0,10,1,0.4379,148.6193,0.0509,7.2048,0.4181,2,1.30718508500403,Inverse Transform.D,362005
199245,199245,14.442984711678,16,0.297924450044327,44.8401427891657,217.751036604833,0.709212741212663,0.140135773597285,-22.966582520086,124.996287435337,5.52974717806903e-07,3.53532947545741,0.496543915392226,0.557069593801803,144.81662648592,0,10,1,0.4185,118.6314,0.0424,5.3551,0.4821,1,1.82310844080659,Inverse Transform.D,185441
385388,385388,13.948051722157,14,0.269263943899469,50.9351787150102,217.302185714515,0.76115029417907,0.147815781645477,-28.9745857483564,200.425648237096,5.27823209425023e-07,3.52277881546384,0.462044633054611,0.662682173180427,120.721706750804,0,10,1,0.4366,94.7164,0.083,6.3604,0.442,2,1.48105167389069,Inverse Transform.D,358759
105113,105113,12.7194388038405,23,0.164110760814073,57.5287511815346,195.079854456151,0.243863540810551,0.211714350152761,-21.3660812457778,173.857562410438,5.39108981215482e-07,3.42432755514519,0.449535136017924,0.886908251949431,116.801896811912,0,10,1,0.429,47.8394,0.6557,11.9901,0.3267,4,0.795555166824138,Inverse Transform.D,97837
101582,101582,14.9704282742434,17,0.456412775839357,50.1871095171568,224.711476867526,0.711969641891215,0.2120914590545,-32.6366783213852,204.711476867526,5.5366695905814e-07,3.48906291685262,0.558095957255884,0.551498640429768,148.534777287837,0,10,1,0.4169,48.9409,0.1005,4.6427,0.5095,2,2.10090486619063,Inverse Transform.D,94528
109226,109226,14.0480863029362,14,0.289907088072912,62.6897741914803,215.015082973964,0.401448328204526,0.186298431456089,-17.1914328975981,138.156214694153,6.01845070118308e-07,3.47668494137385,0.526501716617994,0.64824696314221,145.429925805269,0,10,1,0.423,70.6222,0.1044,6.4381,0.4457,2,1.50982141539238,Inverse Transform.D,101658
456956,456956,14.0649937764391,12,0.165910365931172,59.0401151305934,273.889937928678,0.746999700863572,0.240518928784877,-19.4113895252249,202.578565880509,5.49097960370215e-07,3.50473512463074,0.482274387951837,0.694728788049589,109.387035119789,0,10,1,0.432,453.0616,0.0201,7.3223,0.4177,2,1.30444191825342,Inverse Transform.D,425359
18520,18520,13.7239674689238,14,0.208800371902352,47.4606095039061,237.921467457134,0.894353087405875,0.138285225862637,-19.7597605942532,226.539869511885,5.26193592642987e-07,3.51360205233451,0.547618760696878,0.680703479421234,163.698527087468,0,10,1,0.4328,225.2479,0.0379,7.0119,0.4254,2,1.35818027831482,Inverse Transform.D,17231
318758,318758,14.2215506510359,15,0.131665586583369,33.2613778602803,317.280412250052,0.696638379812611,0.114910378772765,-20.7329960436286,185.853186760747,5.10553756167666e-07,3.53022701213693,0.463837731522809,0.733075365783333,144.626040115928,0,10,1,0.4262,1016.1476,0.0108,8.7732,0.3864,2,1.10505892629248,Inverse Transform.D,296686
380276,380276,13.9753382525539,14,0.361072405158946,56.4347705778992,190.402932555207,0.426307750995192,0.117079976480454,-25.2426096775903,170.402932555207,4.88006057506126e-07,3.47624290621859,0.475419031126872,0.706968602508521,167.861807027424,0,10,1,0.4159,16.1496,0.5976,6.7393,0.4403,4,1.46800729229924,Inverse Transform.D,354003
346792,346792,14.3759695392929,19,0.455790960572971,75.5245755267886,282.854100941689,0.673007355058331,0.0655775614548475,-21.9123695453909,225.55281216106,5.47302480623557e-07,3.5259349060404,0.542100341614458,0.557936481057716,121.538021577027,0,10,1,0.4338,138.1793,0.0365,4.5409,0.5062,2,2.06527098389488,Inverse Transform.D,322875
150408,150408,13.3866503918031,13,0.288875831796036,47.9813320185761,224.645412306278,0.475313692322014,0.097038963669911,-27.0305504874762,222.545974693798,5.06330717037689e-07,3.56597085464096,0.54263194802159,0.811173995209322,156.653724997377,0,10,1,0.4403,74.336,0.2312,8.0071,0.3974,4,1.17182786892752,Inverse Transform.D,140078
262976,262976,13.9000817959544,16,0.353499118852033,43.3027824856061,209.901682592241,0.436377290268493,0.149458454176784,-20.0045516144317,189.901682592241,5.24113280930236e-07,3.44693407715231,0.477865811866251,0.716692857353582,139.469520780385,0,10,1,0.4234,21.4159,0.4725,6.8353,0.4343,4,1.42282450902328,Inverse Transform.D,244705
424374,424374,14.4315056382838,13,0.301707847663324,51.9078376648213,200.58382154908,0.521677609552226,0.243739306926727,-14.1571231783067,156.739013782223,5.50075659358541e-07,3.54607606860444,0.480789623168658,0.65184992399425,136.227255444069,0,10,1,0.4403,67.0606,0.1117,6.1353,0.4472,2,1.52163488910517,Inverse Transform.D,395044
198943,198943,13.5984959194215,14,0.184170385736505,60.6211826841783,259.801744316713,0.742819439318424,0.0757501867134124,-23.9651975189114,167.888610340854,5.60960297993435e-07,3.44024472810493,0.47141852615368,0.636512479054292,118.810164778315,0,10,1,0.4081,238.3521,0.0294,7.066,0.4349,2,1.4272835987446,Inverse Transform.D,185162
441828,441828,12.8353316967923,13,0.285268221347827,69.8669994833218,227.69289027056,0.703048014384926,0.114007572643459,-30.2597695931694,204.016419590491,5.22327926365697e-07,3.50534446046855,0.528603330461791,0.636466096036703,120.547801755532,0,10,1,0.4093,103.4893,0.0677,6.2035,0.4588,2,1.61601976833189,Inverse Transform.D,411268
457312,457312,14.0854614040858,11,0.143043201449595,42.1628223190025,281.941498141433,0.505142688143541,0.158752176025882,-20.2175249152034,202.730286488406,5.59037558693784e-07,3.51271654367213,0.470796640739067,0.788973124415693,139.264594401525,0,10,1,0.4306,540.2681,0.0277,8.1712,0.3977,2,1.17369706198879,Inverse Transform.D,425682
4542,4542,14.9339431110884,12,0.345805425549618,56.8861102661473,218.587039402715,0.510686703511422,0.171683546993881,-15.7280658017271,160.339812968679,5.57202322976519e-07,3.4194744035924,0.514924590889545,0.602155539904502,155.106335634729,0,10,1,0.4097,40.7925,0.1484,5.6398,0.4764,2,1.77015019426985,Inverse Transform.D,4230
497802,497802,13.6457732524501,11,0.325317567235898,62.151986699717,221.781365204487,0.741798113551412,0.196306286007166,-25.6529675464273,137.021765435263,5.53389900292662e-07,3.41138146421413,0.518809151835011,0.537798745198015,154.310575197174,0,10,1,0.4269,64.8792,0.0717,4.8593,0.4965,1,1.96409213208172,Inverse Transform.D,463479
193172,193172,13.6063711077099,14,0.164000408388148,62.3214377201413,205.476905666831,0.783833313183426,0.133383898250759,-15.5595489960859,164.204398135277,5.79494747857944e-07,3.48277781972677,0.484351303899373,0.683917540149252,155.826320183286,0,10,1,0.4213,158.9295,0.0545,7.6476,0.4142,2,1.28066069128279,Inverse Transform.D,179817
471187,471187,13.9032162858233,14,0.274736794661972,58.8794323977054,226.53870542214,0.697614375506127,0.200285948207602,-17.8727938078351,206.53870542214,5.5034022913196e-07,3.45116371788969,0.480454851158,0.646914673045211,159.417730678071,0,10,1,0.4353,79.2122,0.0925,6.2136,0.4469,2,1.51926519825882,Inverse Transform.D,438618
274977,274977,14.6653555884146,18,0.376913588907741,68.6565784658899,198.710699988224,0.564299642711518,0.0707447611261159,-17.8211701973815,144.748752802131,5.87939388014704e-07,3.40847993610426,0.459639310790688,0.542489711242037,146.946094820794,0,10,1,0.4011,26.9591,0.1759,4.9402,0.5051,2,2.0535324814808,Inverse Transform.D,255846
58797,58797,13.6453021005848,14,0.400762531667208,61.6201701083944,264.326864309345,0.567788732251053,0.159641327662393,-19.9671627062936,244.326864309345,5.20447307961085e-07,3.47151221514536,0.469082102033356,0.614623785711291,132.312461160309,0,10,1,0.4014,57.4826,0.111,5.6583,0.4796,2,1.79968962099383,Inverse Transform.D,54679
347064,347064,13.2227261758606,16,0.540704341177918,44.0733562991651,200.941040481131,0.499895478991166,0.126409852411598,-23.1008329875038,180.941040481131,5.70363984557686e-07,3.42525494133362,0.523979436677572,0.638381912895514,144.543586321707,0,10,1,0.4376,9.1063,0.7754,5.2201,0.4785,4,1.78948057724067,Inverse Transform.D,323125
133525,133525,13.5027290286853,18,0.342270717994387,52.6028221926749,230.159211396595,0.388129215391421,0.0665147536434233,-15.8172747554458,210.159211396595,5.27589355952629e-07,3.50564356198267,0.495817126875726,0.769177604926826,146.145998333825,0,10,1,0.4239,35.6673,0.3737,7.6096,0.414,4,1.27931367514349,Inverse Transform.D,124348
42271,42271,12.9519799563065,17,0.280692153879382,49.5106089852067,215.387571056655,0.63777779553783,0.200582474609837,-20.6225714527501,195.387571056655,5.80703508602671e-07,3.50141333629071,0.467527754801163,0.649319734473582,168.024179270762,0,10,1,0.4166,78.8695,0.0939,6.4495,0.4482,2,1.52955925289582,Inverse Transform.D,39280
159921,159921,13.7260523333294,19,0.331334776837635,55.0448694498075,211.903052757878,0.760671914644677,0.110484534082934,-21.1105176767265,191.903052757878,5.42588695149046e-07,3.51727131068647,0.506866546135146,0.590741166221802,135.520056515546,0,10,1,0.398,69.1493,0.0835,5.6337,0.482,2,1.82216587157345,Inverse Transform.D,148927
172974,172974,13.8628749297305,14,0.525044946257108,60.7154077880373,197.726733032614,0.721404217236882,0.161399714648724,-13.112741358248,159.750154452052,5.36448427990859e-07,3.44276431742064,0.479370382979613,0.499793852058283,136.097517893373,0,10,1,0.4334,19.9602,0.2002,3.8948,0.5351,2,2.40022261346957,Inverse Transform.D,161042
264639,264639,14.3802138171164,13,0.4668181554053,51.925789320712,228.208595701738,0.711642888761415,0.12473856844008,-22.6287510027612,166.609819560697,5.59967246448644e-07,3.47875577327232,0.436578780709206,0.532075132183821,138.095931945788,0,10,1,0.4388,44.7245,0.1017,4.2589,0.516,2,2.17297515520317,Inverse Transform.D,246250
388084,388084,13.6536983951961,17,0.332009107881769,44.9627725929198,253.839185292293,0.581085236680212,0.129632270615548,-26.0950265163281,233.839185292293,5.06588329598294e-07,3.54126379192883,0.479353531615619,0.676930081710109,155.199937146745,0,10,1,0.4106,95.0601,0.0882,6.5138,0.449,4,1.53592699530754,Inverse Transform.D,361259
394697,394697,14.2518851500409,11,0.587580261852093,42.5912339167542,194.301758396769,0.437581386683897,0.179943713033572,-13.8350185102494,188.742152303116,5.54288928329495e-07,3.52625982698961,0.473983426622899,0.610328201350975,138.950933408674,0,10,1,0.4135,8.8719,0.7062,5.1798,0.4905,4,1.90405673296212,Inverse Transform.D,367437
233678,233678,13.9941919680955,12,0.330105126777928,70.7400236109626,277.804808340416,0.700909622866956,0.243950681528077,-18.3024457541761,257.804808340416,5.11811104750327e-07,3.43702160520131,0.514091715362774,0.587388774566143,125.04647596728,0,10,1,0.4076,115.2076,0.0494,5.4984,0.4821,2,1.82310844080659,Inverse Transform.D,217439
320098,320098,13.4373865484273,14,0.51013832124629,58.132035988792,261.188796474639,0.829588742641675,0.194509992888197,-16.465179828062,139.548497991693,5.63456176586121e-07,3.44938330211718,0.507999095414917,0.439607686045571,132.893874262112,0,10,1,0.4125,83.1164,0.0378,3.4513,0.5669,1,2.837542671695,Inverse Transform.D,297927
47,47,13.2962638991806,12,0.364074785134414,61.7085588972206,238.340107405078,0.428661238224962,0.238149154791608,-24.5890214716983,216.680031220981,5.44212105094041e-07,3.53696336478641,0.505712856630181,0.669218378906574,154.293580604629,0,10,1,0.4134,65.7843,0.123,6.3082,0.4537,4,1.57385152139508,Inverse Transform.D,44
3010,3010,13.4876600016373,17,0.182125809556726,73.8933886302786,226.926958245747,0.509398827108396,0.246151597611606,-17.2052372408097,149.813887976413,5.46973897419093e-07,3.51812669635512,0.501880720764298,0.671866100893608,123.4000612712,0,10,1,0.3997,207.3354,0.0395,7.9682,0.4164,2,1.29556263980986,Inverse Transform.D,2817
379275,379275,14.3619653162257,10,0.27959895785256,51.9018572391711,231.276707882232,0.513527927294489,0.21674178680405,-15.1732508849924,136.669604689565,5.57656647226539e-07,3.52126680718478,0.511622267412815,0.639213384436833,140.684187896991,0,10,1,0.4359,130.2187,0.0544,5.9085,0.4561,2,1.59356170212023,Inverse Transform.D,353075
353604,353604,13.2975224780478,13,0.34254309585446,73.0191814841036,196.257308662948,0.800260768304926,0.101116600260139,-22.6316130158902,176.257308662948,5.17733044027796e-07,3.4255463823275,0.514879863183507,0.591622825975712,139.511171931689,0,10,1,0.4367,33.8999,0.1709,5.2279,0.4786,2,1.79040628555854,Inverse Transform.D,329190
54948,54948,14.5864807614761,25,0.309941610725894,71.8008807258383,200.598567768466,0.425911340309847,0.0689145444892347,-20.9598216408658,152.171079051384,5.44226925504152e-07,3.46136253260451,0.486238933189057,0.660201313938784,161.618033097107,0,10,1,0.4322,37.8579,0.2053,6.2872,0.4461,2,1.51296313834169,Inverse Transform.D,51077
302497,302497,14.8139306761161,17,0.32527346837549,55.2105341375211,256.497657251199,0.787604494428712,0.230464063957334,-16.9970047833678,199.499798579929,5.6956866023448e-07,3.41020315942426,0.47629463993483,0.557990363292538,137.114681303736,0,10,1,0.4173,90.0467,0.0561,5.1798,0.4889,2,1.88836377171636,Inverse Transform.D,281535
117268,117268,14.1324823706516,15,0.602555240560844,59.6186267744982,266.877574849741,0.526064344912897,0.0606987027451396,-24.9871327085753,246.877574849741,5.09029218868131e-07,3.45458069506589,0.489862058653472,0.660235803355271,113.471522397059,0,10,1,0.4356,15.0294,0.5172,5.3431,0.475,4,1.75737849296759,Inverse Transform.D,109153
212421,212421,14.0226907904173,16,0.28393058863299,73.5546029870045,211.719572106868,0.719131519246781,0.203380949376151,-21.0220074429573,135.562957012439,5.36195002321677e-07,3.46040325513934,0.49821615633005,0.558393786027398,166.934792978393,0,10,1,0.4343,78.6778,0.0643,5.3487,0.4754,1,1.76101820800623,Inverse Transform.D,197680
110728,110728,13.0983619104315,17,0.293997386591446,55.7134076393433,233.04456664013,0.741425793765145,0.180553244054318,-17.7651695517109,213.04456664013,5.22864750179409e-07,3.4708088685882,0.490564516483749,0.628189906588924,174.267208679302,0,10,1,0.4317,86.1227,0.0785,5.9594,0.4563,2,1.59521488999411,Inverse Transform.D,103052
231778,231778,12.8627267394661,23,0.255160841648366,62.1815985399314,269.632243678024,0.4400576999657,0.110523896617815,-17.5037264367816,249.632243678024,5.00233997485218e-07,3.45048721097843,0.549886405431706,0.770992547033248,150.218378262544,0,10,1,0.4171,102.396,0.1315,8.2977,0.4008,4,1.19316612330181,Inverse Transform.D,215679
394932,394932,13.8833035038579,12,0.349184062013102,59.0580074854006,198.792968566995,0.647009721298417,0.225874100532383,-14.4922679595437,135.830365898773,5.56602644594688e-07,3.45934795332588,0.486723657842438,0.554692743363029,160.764878891915,0,10,1,0.4318,43.5908,0.1143,4.9561,0.4907,2,1.90602760140437,Inverse Transform.D,367658
468191,468191,14.1650313981248,11,0.249543651478735,71.1097358160422,190.135356392521,0.690454145752904,0.195816924888641,-21.0816996096722,170.135356392521,5.45492354062339e-07,3.42219138905348,0.508145847104118,0.63925178522844,157.40188260872,0,10,1,0.4296,48.4059,0.1464,6.1227,0.4522,2,1.56165170407653,Inverse Transform.D,435831
122003,122003,14.327820240165,20,0.366049505145343,61.0287818801464,250.694304849242,0.732893465200185,0.123680745670572,-18.9421383805113,178.813777624802,5.35184909760556e-07,3.51854277206202,0.505890309176755,0.53743668257819,157.343163353372,0,10,1,0.4132,127.3745,0.0365,4.8014,0.5049,2,2.05140562098114,Inverse Transform.D,113576
68511,68511,13.9585001430488,14,0.232667556890276,38.5239805437913,262.197243176486,0.80665655754754,0.0623522110283375,-15.5369976923623,242.197243176486,5.15775304566744e-07,3.51444038873724,0.492082343940519,0.66634665224764,174.860782405884,0,10,1,0.3985,220.8409,0.0362,6.9851,0.4416,2,1.47797263881058,Inverse Transform.D,63738
63921,63921,14.2300108801518,10,0.368028251517184,69.1975998917041,208.185616158801,0.403395513343958,0.204394586244598,-19.1082292076319,156.127771150933,5.33698050905907e-07,3.45455941937607,0.460603918871523,0.622287527127158,149.814144741219,0,10,1,0.4205,28.6314,0.2302,5.6443,0.4714,2,1.72495381742206,Inverse Transform.D,59463
474928,474928,14.0619951465277,10,0.320152781223877,70.0757162515495,217.387971072704,0.588540290756659,0.128281057719141,-25.6866441052076,197.387971072703,5.5542113893278e-07,3.46507832146587,0.518251576024633,0.673755834919659,130.661735894273,0,10,1,0.4359,55.6669,0.1484,6.0249,0.4524,2,1.56327309111552,Inverse Transform.D,442117
63147,63147,14.039979284186,15,0.215262394972782,47.9130842986994,268.604762363982,0.384127679179693,0.102079542633146,-17.878081559412,214.293401569539,5.46365764159867e-07,3.50312809194802,0.493896332197609,0.800970452942653,155.753426231687,0,10,1,0.4255,191.8056,0.0839,8.7346,0.3875,4,1.11158386240204,Inverse Transform.D,58743
466298,466298,13.4162842323949,15,0.329950505049544,66.9147274768074,196.167746771505,0.74795982261552,0.12379188966006,-21.3678022677212,193.966425389445,5.51109263583548e-07,3.50184816574686,0.492893426359608,0.633835165282325,153.458709903526,0,10,1,0.4384,46.9322,0.1475,5.7409,0.4604,2,1.62947221509247,Inverse Transform.D,434066
74866,74866,14.6071757395735,18,0.230790108443559,66.689882972994,220.872448032667,0.665470231446713,0.192971561197192,-17.0780719781552,205.826093067352,5.44405677378188e-07,3.4626721180992,0.527025233588196,0.661806216282818,121.152731949956,0,10,1,0.4135,104.1495,0.0752,7.052,0.4329,2,1.41247035545827,Inverse Transform.D,69649
394496,394496,12.9934652286967,23,0.298239508318424,53.4607976394703,254.291840384676,0.781151108495556,0.11160004758276,-19.7072343533749,234.291840384676,5.46427038834032e-07,3.51894811778335,0.496523087505974,0.622670083113276,134.517375218849,0,10,1,0.4095,150.8806,0.0437,6.0528,0.4633,2,1.65413202108522,Inverse Transform.D,367249
258626,258626,14.1720687881049,19,0.351435768344475,44.0008086800145,259.449137635686,0.824509181030889,0.208348318655044,-24.1878140316364,239.449137635686,5.18308405402975e-07,3.4280163311182,0.493476865432791,0.592390050537163,176.89721112233,0,10,1,0.4365,79.3307,0.0733,5.2132,0.4792,2,1.79597055027638,Inverse Transform.D,240663
323714,323714,13.6043499324094,10,0.150605512768387,70.1737431904881,295.285336690482,0.483310218154217,0.210399189824238,-21.2259906166679,275.285336690482,5.33746069688173e-07,3.49115626331871,0.51136222416214,0.81362625137109,133.571970638487,0,10,1,0.4386,509.2515,0.0343,7.9626,0.3991,2,1.1824546462803,Inverse Transform.D,301295
189875,189875,13.8449044851055,13,0.301014543509576,69.905267952025,232.16213744989,0.439253408115176,0.100534709217027,-14.4141455897095,176.006948238903,5.51148752347125e-07,3.48141137619496,0.51736737115177,0.655027039734002,132.466209535657,0,10,1,0.4073,77.3939,0.0981,6.4708,0.4518,2,1.5584137470081,Inverse Transform.D,176739
1864,1864,13.9156378261068,13,0.462365768623689,55.541181242148,300.111180753455,0.519023598710597,0.0906548382714391,-21.3672910153368,144.303648434635,5.32950737031486e-07,3.48538045253231,0.441604695159305,0.499295900426504,120.120593341778,0,10,1,0.4081,105.1571,0.0379,4.2951,0.5281,1,2.31413836351092,Inverse Transform.D,1762
15357,15357,14.3463725931667,18,0.321059761142578,50.4872917897274,252.928592493266,0.816485068371012,0.210522914770991,-22.8391331995665,232.928592493266,5.36978273591233e-07,3.53894418118111,0.527978427285901,0.577499885813076,142.391093312238,0,10,1,0.4033,171.0988,0.032,5.4953,0.4842,2,1.84301550133943,Inverse Transform.D,14259
200330,200330,13.9626670073155,13,0.341849745769765,68.5603211085162,247.198173609817,0.78278955134996,0.199312948528677,-17.1342766596089,227.198173609817,5.3574556997003e-07,3.53664424896236,0.504725517014279,0.579752989160232,119.648034906141,0,10,1,0.425,139.0433,0.0397,5.2313,0.4836,2,1.83730565805972,Inverse Transform.D,186458
208171,208171,13.3341463266999,18,0.207037069054625,64.220913829935,202.156573943794,0.64521601712155,0.219044874794781,-15.135159348027,152.518401683631,5.51402159762164e-07,3.4058727350221,0.450612297777646,0.642354711281914,148.49350367679,0,10,1,0.414,62.1302,0.1156,7.1332,0.4305,2,1.39488305585221,Inverse Transform.D,193733
302308,302308,13.2750807681482,14,0.202525036085474,74.873751009437,334.46874274276,0.843154918039592,0.06726638013497,-15.7132623265828,314.46874274276,5.55215284984345e-07,3.44037248358586,0.4843573703935,0.675299323920129,118.557696167907,0,10,1,0.4005,454.1315,0.0183,7.3049,0.4323,2,1.40805434354236,Inverse Transform.D,281357
244766,244766,13.6916195683115,16,0.209130128420662,62.5406183497845,204.904893722464,0.519328134469851,0.104666466079652,-23.0209925479566,184.904893722464,5.20110100286038e-07,3.5570691422572,0.502167056733594,0.764944938824838,135.144944610173,0,10,1,0.4267,113.7589,0.1144,8.3093,0.3963,4,1.16499647844984,Inverse Transform.D,227769
340974,340974,13.7033625829046,12,0.194878499255288,50.1592122824572,206.050004114298,0.495038648959809,0.243961537396535,-19.623285403092,199.010269530031,5.41084804076404e-07,3.48571843582412,0.493913096752394,0.767921459163925,122.083643441874,0,10,1,0.427,93.9234,0.1409,7.9677,0.404,2,1.21356161431819,Inverse Transform.D,317438
398695,398695,13.4394586839409,12,0.69647718564441,48.5540610007162,210.350018059772,0.619854081809003,0.207632831344381,-16.6082609921572,186.400810198349,5.11516199106351e-07,3.46850663787039,0.499691809295645,0.492002062687923,118.027029901596,0,10,1,0.4094,12.069,0.321,3.7845,0.5511,2,2.61023238129524,Inverse Transform.D,371156
31668,31668,13.0343048333084,16,0.171791962954968,83.1413803198931,376.260425100344,0.561084841176661,0.151576111465693,-16.7176222028435,356.260425100344,5.50268984290543e-07,3.45490418139411,0.513544094101579,0.791804482612159,150.188787130064,0,10,1,0.4387,813.8874,0.0187,8.9545,0.3771,2,1.05119294975477,Inverse Transform.D,29442
309482,309482,12.6971084443752,14,0.385313973592104,67.9469207759842,271.471151412798,0.607740504352362,0.107314035249874,-16.9550817962999,148.196690719318,5.26221222215765e-07,3.50760481354697,0.511656229613472,0.525260607515847,152.139603664666,0,10,1,0.4322,146.2933,0.0303,4.5693,0.5057,1,2.0599267322027,Inverse Transform.D,288027
307455,307455,13.7383608458075,16,0.209201102872321,51.4285526503673,201.350234171841,0.636586017491637,0.208549149380997,-19.2968619524495,163.903573154308,5.13150396992093e-07,3.48083118338222,0.497290548168028,0.674321384266608,160.501686567239,0,10,1,0.4157,86.7657,0.0955,7.3328,0.4246,2,1.35250432470221,Inverse Transform.D,286143
204577,204577,12.6569960123768,19,0.486800138099154,54.9963358192907,202.921765514184,0.731538126014234,0.135032245982438,-20.1707148800303,163.96921563407,5.17438518263953e-07,3.45421442530742,0.497205980199307,0.533847425821378,140.70080687733,0,10,1,0.441,24.6668,0.1857,4.2037,0.5176,2,2.19110878239359,Inverse Transform.D,190425
136051,136051,13.8050282578247,18,0.381855916915737,42.4524687016207,204.713822850026,0.56874030405189,0.0967324309982359,-10.7378022994798,157.724320852725,5.54344799064134e-07,3.49786063854814,0.49400957849331,0.595334627906556,126.352450865088,0,10,1,0.4175,39.3544,0.1495,5.3614,0.4823,2,1.8249950420378,Inverse Transform.D,126711
458275,458275,13.8274132269411,17,0.144646401065882,76.8847777622797,223.759612349098,0.566244349045156,0.202542266622186,-25.3961153244528,203.759612349098,5.61981949110676e-07,3.45675946814825,0.483194139540813,0.750639385319219,172.17574165385,0,10,1,0.4027,180.4944,0.0667,9.3462,0.3851,2,1.09739017857088,Inverse Transform.D,426589
471426,471426,13.977429834176,17,0.199725889231645,52.2687490539711,214.692586774094,0.628534057893259,0.109852910460904,-17.5043697982078,194.692586774094,5.37508166194274e-07,3.52873362307101,0.502388745011369,0.732198938011503,159.458309535547,0,10,1,0.4208,142.0568,0.077,8.0872,0.404,2,1.21356161431819,Inverse Transform.D,438839
496802,496802,13.3655540880565,13,0.454566950611599,71.9834976049291,215.748330378084,0.605361561005107,0.13125710953027,-19.6154991628203,191.895714205981,5.5261881425309e-07,3.47724602781295,0.51049416797932,0.559543268377064,139.367978374244,0,10,1,0.4027,32.497,0.1564,4.8937,0.5062,2,2.06527098389488,Inverse Transform.D,462537
405297,405297,13.8681852003524,13,0.550728652557388,48.9865516320896,230.70230918741,0.565771009482187,0.203040178213269,-26.1583384422704,181.125666367206,6.04997748120259e-07,3.39382613478856,0.533236915606079,0.535057462984206,136.038234497338,0,10,1,0.4186,21.3386,0.2157,4.3262,0.522,2,2.24180107754369,Inverse Transform.D,377335
458764,458764,13.6648478707039,17,0.366772726198807,68.165414113617,209.452992591868,0.350129097762615,0.0918735673651099,-13.6143110331457,194.607509677544,5.23038362771567e-07,3.543067304439,0.475634425585067,0.71454776080681,134.795579784052,0,10,1,0.3996,26.2219,0.3819,7.1735,0.4361,4,1.43624090168309,Inverse Transform.D,427049
470445,470445,13.7005275421784,16,0.215266236234508,41.5584141083496,243.741333596638,0.836735200012835,0.0876441061031073,-18.6913175516762,223.741333596638,5.51489728220604e-07,3.54937314131018,0.49625995123374,0.674378723274196,108.979232018375,0,10,1,0.4085,256.1483,0.0323,7.2405,0.4302,2,1.39269897312931,Inverse Transform.D,437935
68971,68971,14.3530346402605,12,0.133419670086952,47.5155763196429,195.664872117341,0.689167113175166,0.105764744570479,-24.4834572619899,142.148161545757,5.73005047552797e-07,3.48742661389079,0.470197709231079,0.712882934112258,126.181525012488,0,10,1,0.3976,166.8224,0.0595,8.025,0.416,2,1.29284158968249,Inverse Transform.D,64173
392151,392151,13.3203308684381,13,0.400172261079402,62.4103774650442,243.259417665733,0.663132672450436,0.227866840455681,-18.355529190528,223.259417665733,5.42472039346412e-07,3.55224672351105,0.49292812408919,0.582987685332332,131.732681806958,0,10,1,0.4288,96.6337,0.0579,5.0571,0.4883,2,1.88251264103698,Inverse Transform.D,365054
388586,388586,13.8590522072733,8,0.38291312633907,52.1516960645415,202.941008473281,0.471506199603219,0.114981355099007,-15.1271825321147,177.559420902214,5.31749764678424e-07,3.4260193382266,0.475917822628036,0.687086584431932,135.152479453376,0,10,1,0.4388,19.8148,0.4433,5.7497,0.4599,4,1.6252567245367,Inverse Transform.D,361727
139657,139657,14.1244544633987,13,0.251143744783156,63.2961981031222,207.393187272342,0.758693445875901,0.0809945630840957,-13.5299884695388,187.393187272342,5.0669389232055e-07,3.56187567090037,0.501420413557175,0.64314488920213,133.268098749748,0,10,1,0.4153,119.0509,0.0606,6.4169,0.4497,2,1.54151947130166,Inverse Transform.D,130046
56431,56431,13.1320400557848,12,0.286673748640423,67.076453703068,201.262014193926,0.492349229558889,0.225795520050451,-18.4363932854084,145.280368050732,5.21730713395746e-07,3.52644126293102,0.468003086408121,0.616441948025665,154.297764199771,0,10,1,0.4097,64.8024,0.0992,6.075,0.4625,2,1.6472933446049,Inverse Transform.D,52467
356039,356039,14.3659996430547,15,0.257494741362008,49.8080177870406,217.763799305442,0.31484848835035,0.173748884210363,-23.310315405343,180.009545680543,5.22876655577055e-07,3.48659881680924,0.489985091577954,0.777275596204606,118.362127049914,0,10,1,0.4005,50.7251,0.2752,8.5236,0.4034,4,1.20971411644071,Inverse Transform.D,331456
286853,286853,14.0579969124196,14,0.424284465014063,58.1411505559199,212.647852877687,0.708436585456003,0.11914379214868,-19.1130063740594,192.647852877687,5.48771258313384e-07,3.48663348254435,0.536938487469716,0.558142976245824,146.241904826483,0,10,1,0.3974,41.2556,0.1225,4.9683,0.5058,2,2.06099443820229,Inverse Transform.D,266902
375721,375721,13.545149754372,19,0.313507720243798,53.1059127019121,330.788306570394,0.454399941280755,0.229954466829076,-21.9759443222447,177.741408520507,5.42946512550779e-07,3.40955781803566,0.515905940561635,0.626179526051542,199.645695380103,0,10,1,0.4282,172.2144,0.0389,6.0358,0.4554,2,1.5877885210818,Inverse Transform.D,349749
19169,19169,13.5609424448198,16,0.207198908510827,50.7104205991256,327.139684604541,0.620194655994888,0.24578653126955,-24.7314734429714,197.929713331704,5.43252640711759e-07,3.52213391483842,0.492880221106414,0.674173526921674,117.02863075822,0,10,1,0.4334,652.2297,0.0127,7.2334,0.4193,2,1.3154460516278,Inverse Transform.D,17831
485182,485182,14.6654880200436,14,0.429693244300872,90.6611535050648,213.518191030137,0.425015018835382,0.165786905447021,-19.1245047856744,193.518191030137,5.53673231289623e-07,3.49144441627604,0.543891636223186,0.618762149133784,123.077460480483,0,10,1,0.4311,30.8206,0.2106,5.4386,0.4736,2,1.74469801476902,Inverse Transform.D,451703
54860,54860,13.6782826605126,14,0.234138558298188,42.0238628809845,266.721731313587,0.7139975730991,0.0669693420641124,-16.2449752786232,218.296882529815,5.10315532018804e-07,3.50087773076167,0.486952415587352,0.658908413050061,157.26289876328,0,10,1,0.4053,216.7191,0.0357,6.84,0.4423,2,1.48336492838278,Inverse Transform.D,50995
146017,146017,14.3511565966269,18,0.282467249109424,58.3129710534876,208.220254828855,0.691339622462265,0.130691649485379,-16.2197396198136,190.007599942036,5.35826231890673e-07,3.47497404322753,0.492523906257863,0.6265015400092,128.132973336319,0,10,1,0.4037,61.2678,0.1095,6.2933,0.4586,2,1.61434578506656,Inverse Transform.D,135977
230918,230918,13.7402874540716,16,0.333495366702038,62.4754411919307,240.540625706067,0.812143536485698,0.0591870240867138,-16.8332086885094,220.540625706067,5.51284588649122e-07,3.5056851566497,0.4840604890915,0.594988963015852,118.310986902856,0,10,1,0.4046,99.4271,0.0591,5.5916,0.4803,2,1.80621646816052,Inverse Transform.D,214889
429152,429152,13.841751187214,14,0.235695808480051,75.669052018264,230.622249825339,0.462177680670284,0.0712482372298837,-17.9962204822759,169.11927793038,5.6826943851506e-07,3.50902876863172,0.509238578817595,0.663881693597899,140.835513067653,0,10,1,0.3972,143.9647,0.0549,7.0778,0.4397,2,1.46342924427455,Inverse Transform.D,399489
109984,109984,13.4154558725261,16,0.278739591476045,46.2441686164672,248.098209724077,0.619160999584498,0.169954737229273,-23.0871526953431,228.098209724077,5.51100293510977e-07,3.53943603264114,0.492739700756411,0.660778500645175,150.630416542619,0,10,1,0.3975,148.4952,0.0525,6.7672,0.4479,2,1.52717783312701,Inverse Transform.D,102363
480278,480278,14.6236032142751,16,0.414317867220156,59.6713778068394,192.03510606705,0.631515137681454,0.071429828600958,-23.5098581466222,187.793688865956,5.75112782078525e-07,3.46580966991482,0.478772230308024,0.658729289264685,155.91168105263,0,10,1,0.4255,17.7037,0.4361,5.8135,0.4636,4,1.65670363858881,Inverse Transform.D,447139
357969,357969,14.291244252689,16,0.372646111076363,68.5672645309423,196.682903172914,0.501891752001338,0.0613565770443529,-17.8659508204066,131.489888776807,5.34715680763762e-07,3.53192798894455,0.481303018107773,0.55257944360349,123.421931387051,0,10,1,0.4164,47.2351,0.1046,4.9857,0.4964,2,1.96307592674103,Inverse Transform.D,333266
99970,99970,14.1643939086058,16,0.220380210085,77.0197430978246,201.212299114327,0.753074632465759,0.152481156587601,-12.2568047369117,158.423496619252,5.59558311926276e-07,3.50196722124786,0.499099034442379,0.595707879547898,126.167406756289,0,10,1,0.3986,114.3633,0.0515,6.5019,0.4549,2,1.58367714276868,Inverse Transform.D,93031
270958,270958,13.8193462648703,14,0.216646279426949,47.7525107093777,270.237995297796,0.61556702472279,0.224489497160539,-21.2459364446248,209.501845516476,5.31506858384814e-07,3.53800655931161,0.445936078415363,0.692017314848082,123.953011276621,0,10,1,0.4278,287.3265,0.0313,7.2067,0.4225,2,1.33770824266399,Inverse Transform.D,252108
274786,274786,14.2655555748766,10,0.288250656436926,56.0175201325089,225.089901883069,0.588571302140262,0.211659131851047,-19.9670933299793,161.419518586834,5.33357299589053e-07,3.52536025107245,0.539231893270582,0.635129018910469,122.138580884268,0,10,1,0.4375,120.8535,0.0576,5.7778,0.4596,2,1.62273250096906,Inverse Transform.D,255670
456900,456900,14.22950416624,18,0.266898572805031,49.7934071550715,190.929331167614,0.852072638089227,0.183645917661488,-18.9482082360332,170.929331167614,5.46076793723791e-07,3.54685734833753,0.517690461695521,0.604334328329484,150.988656406592,0,10,1,0.4196,90.2197,0.0677,5.9876,0.4607,2,1.63200659197406,Inverse Transform.D,425305
320403,320403,13.3555576660519,16,0.173882235525789,52.9115210325091,247.717589738039,0.659802349445493,0.0756011369172484,-17.5378454537707,227.717589738039,5.78557965330442e-07,3.45157566145868,0.561983487017189,0.767007772446194,153.940657083616,0,10,1,0.4273,225.4078,0.0584,8.6507,0.3885,2,1.11754443779215,Inverse Transform.D,298211
457742,457742,14.4357274814152,15,0.314276906676289,62.3291238877861,199.632082188036,0.705752721668367,0.0585349619854242,-14.1343722148466,176.372806248472,5.48585624349434e-07,3.45062046354645,0.51736510908627,0.615626995918922,146.683047716618,0,10,1,0.4176,44.1256,0.1452,5.8171,0.467,2,1.68612243345283,Inverse Transform.D,426082
259715,259715,13.8707305747094,17,0.231166709186302,63.2474390785727,191.3590142966,0.626616389163869,0.09494757829234,-19.7702707185744,171.3590142966,5.67869143237621e-07,3.54159615208398,0.492436039485343,0.696441581753251,151.870192832933,0,10,1,0.4212,87.1937,0.1052,7.3244,0.4223,2,1.33630684652194,Inverse Transform.D,241671
471585,471585,13.9681292059969,14,0.366004768177389,78.5175891786278,304.964017728254,0.495705464703254,0.0899502312298864,-20.7508183361614,284.964017728254,5.60099283403375e-07,3.44383409640294,0.508768055444759,0.739946735903663,140.935884541748,0,10,1,0.4552,85.1023,0.1337,6.6487,0.4259,4,1.36173884790348,Inverse Transform.D,438992
259227,259227,14.0757205861309,15,0.256071213349234,71.0084511171895,247.91590994616,0.616054581377002,0.184641726035625,-15.54995584518,227.91590994616,5.76620874092065e-07,3.53998544003114,0.473805256680874,0.714626304107668,118.998148013761,0,10,1,0.4794,185.5419,0.054,6.7644,0.413,2,1.27259773306626,Inverse Transform.D,241221
311416,311416,14.405871328471,20,0.247631495734917,54.3736178001272,282.165427209564,0.457929485280219,0.0714184639509767,-26.7992632424642,262.165427209564,5.35666296933471e-07,3.4191060695496,0.481846980209445,0.842862363903016,127.73605874469,0,10,1,0.4609,91.5474,0.2344,8.8226,0.3707,4,1.01543262412066,Inverse Transform.D,289837
283709,283709,13.1312991769091,12,0.464656631842904,50.335395146774,345.261230969339,0.896441427210427,0.219396845530719,-27.2528940008371,325.261230969339,5.31823393963826e-07,3.53803608870034,0.479366081074224,0.581632314080587,152.667166561565,0,10,1,0.4898,277.689,0.02,4.3595,0.4911,2,1.90997553409307,Inverse Transform.D,263976
87838,87838,13.5446452067668,14,0.321433272930744,97.517949966574,217.297372518446,0.473764940688328,0.100945261958987,-14.4429578570847,197.297372518446,5.3655068539188e-07,3.53243406752401,0.500107444644704,0.681223195865312,131.898016642352,0,10,1,0.4558,66.8522,0.1279,6.2699,0.4366,2,1.43998857881855,Inverse Transform.D,81747
422392,422392,13.867881616354,13,0.307378990472467,80.5200656862605,204.031644259619,0.732868830260215,0.178281540889293,-21.8188448085958,155.963027409663,5.38728525941089e-07,3.53177395601918,0.517213674767026,0.597620557281288,135.468433974663,0,10,1,0.4876,92.9518,0.0639,5.1727,0.46,2,1.62609897680714,Inverse Transform.D,393189
139108,139108,13.8138298006436,15,0.464213646916266,52.880884066271,219.13727412907,0.479416510574674,0.24842059421353,-28.4711601539137,204.00280167812,5.21941926703718e-07,3.45556397877277,0.492584309763162,0.650788522882141,127.673304374927,0,10,1,0.4637,19.6756,0.3789,5.3321,0.4637,2,1.65756170890222,Inverse Transform.D,129538
291967,291967,13.9494238925503,17,0.311221296585991,53.9181961547497,218.016120939057,0.695615410206277,0.228414069209248,-14.2964630888529,173.666127732191,5.35955874916543e-07,3.50271017615579,0.477490345455651,0.622518035018832,129.546370780914,0,10,1,0.4689,78.7468,0.0838,5.5448,0.4543,2,1.57875699252506,Inverse Transform.D,271668
170043,170043,13.5095377474713,20,0.179281337130683,39.2830869371523,220.807919913626,0.735622060742127,0.120528567954898,-27.4026523701914,200.807919913626,5.74754603102126e-07,3.44251139139477,0.50850720117994,0.776385857628898,142.711869294692,0,10,1,0.4797,130.8506,0.1061,8.4582,0.3711,2,1.01763725479832,Inverse Transform.D,158314
210355,210355,13.810355228791,14,0.273162647523371,80.4440683723768,236.742059864788,0.494701878461679,0.0556713751517236,-16.0878823507665,216.742059864788,5.34667651027236e-07,3.50368831996221,0.571079587167121,0.759208013006761,120.75540853239,0,10,1,0.4551,102.2638,0.1233,7.3495,0.4072,4,1.23426580995851,Inverse Transform.D,195756
487264,487264,14.130789432889,21,0.170538028773606,49.9605362942722,237.891732403203,0.737125967909237,0.231883093249053,-26.3977511007368,217.891732403203,5.42996493769522e-07,3.55178335525499,0.476236720596011,0.750921510546942,155.33970015101,0,10,1,0.4741,306.6917,0.0393,8.4377,0.3737,2,1.03206550645484,Inverse Transform.D,453627
66941,66941,14.7573651944095,17,0.200199106731815,54.0501643887062,237.038247178466,0.301951954811179,0.229932742472738,-24.1095134045194,132.421797068496,5.42276100158626e-07,3.51933012146698,0.490231201273718,0.800900108172553,150.771992134105,0,10,1,0.4792,162.1124,0.0993,8.8456,0.3629,2,0.973231569928979,Inverse Transform.D,62291
165794,165794,13.021022154197,17,0.366068701709468,65.2504087736188,212.523300858851,0.474923330177567,0.247399989841506,-17.9387237803015,192.523300858851,5.32632785776228e-07,3.50038365132732,0.504885921429691,0.646724377442551,138.803647438654,0,10,1,0.4422,40.7784,0.1796,5.8276,0.456,2,1.59273572688944,Inverse Transform.D,154366
15870,15870,13.8371335734349,13,0.466012931396532,52.8230492527675,201.081389337564,0.737460582933933,0.0548903339076787,-28.2203371418727,169.517230595841,5.45880972342913e-07,3.4884998376759,0.526416455823745,0.574119724877033,151.387017079429,0,10,1,0.4467,31.7804,0.1697,4.568,0.4996,2,1.99586247304043,Inverse Transform.D,14734
7876,7876,13.039690896252,15,0.125194742053747,53.2770298539259,192.205391444828,0.791886572362651,0.130192260025069,-22.0753906828692,186.38947436621,5.15887857292541e-07,3.51468760014231,0.501581073583548,0.806513118247019,137.834605650948,0,10,1,0.4716,176.9474,0.0942,9.2769,0.357,2,0.942282665786011,Inverse Transform.D,7316
186810,186810,13.8833544525852,12,0.40663015299153,60.8444085441562,298.880113905106,0.767117774963847,0.160340918926522,-23.8932252588547,278.880113905106,5.1941986041577e-07,3.50544271377557,0.510915031770399,0.617130754479559,159.379257110958,0,10,1,0.4639,151.8159,0.0425,5.0425,0.4741,2,1.74921634810484,Inverse Transform.D,173899
131870,131870,14.1296367533906,15,0.264256203887592,47.7026925014894,289.638944494299,0.624718697548201,0.158831716468558,-20.7779485060584,176.843113042112,5.9549761650624e-07,3.46562717904055,0.494320615661118,0.641751278862592,119.088353454605,0,10,1,0.4527,247.8319,0.0289,6.164,0.4411,2,1.47413230315407,Inverse Transform.D,122793
180947,180947,13.2584745445908,14,0.161740272371516,56.6957243858464,227.322142300675,0.6090212898672,0.161468834429979,-21.4507592066767,174.331508346712,5.70671630602353e-07,3.41849753185346,0.499269961256256,0.776225832962905,115.697473939661,0,10,1,0.4891,149.6703,0.0927,8.168,0.374,2,1.03374131860134,Inverse Transform.D,168439
291217,291217,14.1177707238787,17,0.260133152622838,49.812667684872,241.563378996054,0.447310967158658,0.152378680510446,-24.4445773659706,221.563378996054,5.34483653596606e-07,3.4506474567372,0.466632637569249,0.817819619847842,161.346583332934,0,10,1,0.4881,64.326,0.2791,8.0342,0.3775,4,1.05346281761805,Inverse Transform.D,270959
136261,136261,13.2748614094188,13,0.351574724127723,69.3665201650636,229.107211913244,0.703759299504036,0.220056350342929,-19.5496429462289,141.614849659594,4.87009563584925e-07,3.52939916944527,0.501951533194394,0.559714206733376,142.45592678699,0,10,1,0.4771,101.5016,0.0501,4.7085,0.4816,1,1.81840046301156,Inverse Transform.D,126907
497349,497349,14.3379978778562,10,0.290879984017496,46.8838580105096,220.289447409906,0.403235146212885,0.0991880024317652,-27.3255339166567,126.994536370675,5.19624450862075e-07,3.52488951011512,0.522090284706782,0.696918702151564,126.73796980586,0,10,1,0.4739,87.8837,0.1047,6.1422,0.4332,2,1.41468318426297,Inverse Transform.D,463056
361423,361423,14.3265719294871,14,0.43297592165168,51.4635836838866,211.666909888962,0.753814575191906,0.100633705034852,-21.2511479919379,200.029775159016,5.46609195226795e-07,3.44802939147957,0.496810989479693,0.644427058673521,128.278412751992,0,10,1,0.4879,27.9994,0.2589,5.0458,0.4645,2,1.66444187174147,Inverse Transform.D,336477
118386,118386,13.365875513876,15,0.141203244010396,58.4485339609669,223.049550947959,0.361133921471107,0.240640212781727,-21.7044299461999,155.409284413684,5.74085705268448e-07,3.48083391573472,0.493350525324087,0.846101269656501,134.475565561035,0,10,1,0.4798,200.2691,0.1098,9.7817,0.3439,2,0.876420269032302,Inverse Transform.D,110191
476566,476566,14.4777817642947,19,0.23253507044126,68.9124473193039,216.333543001316,0.56868316471514,0.0740543570369482,-18.439117495235,196.333543001316,4.9785672032736e-07,3.42959419310166,0.460367047651792,0.774991179345626,139.037181476325,0,10,1,0.4834,54.1856,0.2543,7.7233,0.3867,2,1.10683517220937,Inverse Transform.D,443658
426310,426310,13.1994282334081,14,0.516399122863537,56.2764617986542,267.592745182792,0.587300183271784,0.211307860538363,-22.6670819860298,165.829120709357,6.13325239301917e-07,3.45484929609833,0.482417468879232,0.514291953186312,130.122885971098,0,10,1,0.4418,64.2586,0.0659,4.0361,0.5248,2,2.27470289571779,Inverse Transform.D,396845
316167,316167,13.8796730112884,16,0.48493330666908,82.1156768286677,200.103066766002,0.409062407523192,0.157923259399831,-22.5721114562795,186.986250237547,5.87603254832706e-07,3.52005382596341,0.48213035110278,0.65321462475103,139.707021266146,0,10,1,0.46,17.7256,0.4251,5.3838,0.4634,4,1.65498879495546,Inverse Transform.D,294263
260813,260813,13.9285568898228,16,0.27271883790497,68.6618068256514,244.024886377464,0.5102767732996,0.105873704329133,-17.0810487594102,224.024886377464,5.29128825154853e-07,3.41556094733688,0.486524304917976,0.73904427172647,126.16350443153,0,10,1,0.4417,60.2754,0.1879,7.3179,0.4136,4,1.27662347506573,Inverse Transform.D,242693
405609,405609,14.2829425360803,14,0.304072312266108,45.1215560946095,200.892108506523,0.3689349888643,0.19428375014104,-20.5016762244691,128.857503096316,5.29353757608436e-07,3.50904261379569,0.478176326503275,0.707982584220555,130.469159481979,0,10,1,0.4625,43.1482,0.2248,6.6689,0.4224,2,1.33700737674968,Inverse Transform.D,377635
453049,453049,13.5103280667965,17,0.33947217055866,61.4064373810849,354.680621404609,0.583824931736919,0.105309942690656,-14.438531470298,334.680621404609,5.81165352858032e-07,3.42448257105037,0.449716349931269,0.695925617583125,139.310635794656,0,10,1,0.4421,163.7071,0.0559,6.3864,0.4389,4,1.45734603729406,Inverse Transform.D,421704
327544,327544,14.0555198694534,12,0.364808950888721,82.2266272636546,227.263761010485,0.685278374435428,0.116914702393115,-24.4265330068916,207.263761010485,5.78155713517118e-07,3.50405003442329,0.504553647971135,0.645825830083456,154.552813637494,0,10,1,0.476,74.0613,0.0985,5.383,0.457,2,1.60101406765035,Inverse Transform.D,304860
180540,180540,14.6494679584352,17,0.44425077264945,51.4956489768076,203.195909892675,0.805949715933548,0.0651802903972566,-20.9619414347448,169.296336973103,5.55995655861192e-07,3.40999073260501,0.516451613534918,0.57436332195933,127.884040614108,0,10,1,0.4699,25.9492,0.208,4.4441,0.4953,2,1.95193298132744,Inverse Transform.D,168060
377943,377943,13.4687501502835,20,0.217324499881335,46.4673557757598,225.842074980469,0.507779829024516,0.121466299751773,-21.1190525637074,213.469593622702,5.37663806891259e-07,3.54871319998303,0.472124779958619,0.832652046944659,105.032762944065,0,10,1,0.4883,126.151,0.1578,8.7155,0.3622,4,0.969516544319003,Inverse Transform.D,351817
111257,111257,13.9446200272464,14,0.505114129364737,54.7383113501608,204.530402605882,0.543787789634604,0.240929730515927,-17.7537693712339,164.208464708667,5.76462938784607e-07,3.50898652407157,0.515299649829264,0.561500891219077,126.300911863046,0,10,1,0.4503,28.6208,0.179,4.4598,0.5026,2,2.02710931426563,Inverse Transform.D,103546
112965,112965,14.1784827175521,14,0.320085622159632,50.9850592256499,206.396605795769,0.430189505729572,0.123256080737337,-22.9080191681715,186.396605795769,5.72428255443315e-07,3.52188762988303,0.513903230200555,0.766562904236051,149.416079416129,0,10,1,0.4501,42.6419,0.308,7.2684,0.4114,4,1.26191821230449,Inverse Transform.D,105123
364361,364361,13.8625236418907,10,0.294620338373333,49.993192131859,311.556028188161,0.738568802535541,0.243969001108781,-21.9422339259571,291.556028188161,5.54590509176814e-07,3.4237655769369,0.503578434915319,0.656840146584647,121.19561915285,0,10,1,0.4522,200.1877,0.0382,5.7852,0.4532,2,1.56977480227516,Inverse Transform.D,339213
467863,467863,13.9684925274188,17,0.682163020006938,42.6563876791402,237.393750874401,0.482893847651501,0.0850721877999604,-17.9503626225427,176.905173713777,5.03074646504203e-07,3.55104168898861,0.554532726935328,0.600693104721199,121.774077593053,0,10,1,0.4929,24.3176,0.2474,4.2025,0.4968,2,1.96714396927137,Inverse Transform.D,435529
86545,86545,12.8349876594669,18,0.177368196785412,65.950524728451,279.33694697842,0.804488071764646,0.0591780481860042,-19.785241757221,136.577284661996,5.14184167419467e-07,3.51470741859923,0.497120162504938,0.652208295898025,159.476219532712,0,10,1,0.4662,487.7897,0.0154,7.2499,0.4053,1,1.22193514001946,Inverse Transform.D,80541
468592,468592,14.0212242315277,15,0.382714939365896,47.0404483494978,248.565179166974,0.671490785477227,0.191556084435433,-21.0589548357941,228.565179166974,5.40684449542615e-07,3.40962463603605,0.495059505465407,0.652460251252635,120.370208281651,0,10,1,0.4814,47.5024,0.1581,5.3726,0.4553,2,1.58696542529877,Inverse Transform.D,436208
403578,403578,14.1059999125932,16,0.222015472416518,59.4666336741289,295.867750831886,0.775480141413395,0.206553327431902,-18.6022958865757,256.31654385203,5.51097714212486e-07,3.52536939956456,0.547960097601782,0.70398218036005,125.748097993479,0,10,1,0.486,493.3487,0.0193,6.8778,0.4073,2,1.23491785274792,Inverse Transform.D,375720
46682,46682,14.0864655590193,22,0.234271542269433,86.2595199718838,219.156262927449,0.643154695427064,0.136380318878219,-18.5021425680946,199.156262927449,5.94971723425328e-07,3.49041326744748,0.492598874136367,0.712954203774235,147.688632811597,0,10,1,0.4853,117.2946,0.0847,7.0071,0.4041,2,1.21420391805766,Inverse Transform.D,43388
309150,309150,13.9711274520518,17,0.595752503475643,75.4737758011801,251.992334224621,0.654904076038942,0.0542789970524609,-17.7553584758386,251.287167479441,5.28495230594696e-07,3.55110593743494,0.503208726130877,0.636658344873714,139.733064960218,0,10,1,0.4815,34.5173,0.2031,4.7254,0.4793,4,1.79689959978861,Inverse Transform.D,287720
38463,38463,13.596678541841,14,0.306967385081683,64.5853767725784,201.082619770896,0.53591046354496,0.185050769941881,-21.5146481261274,136.427966311642,5.68976633979749e-07,3.43442839276189,0.479841148430994,0.612327425445251,152.581573633674,0,10,1,0.4486,42.961,0.1471,5.6675,0.4585,2,1.6135094219603,Inverse Transform.D,35752
96278,96278,14.0639084182174,14,0.438826231914622,52.2576716278428,191.228752246836,0.249270827320662,0.187112520448864,-24.5856003504955,146.592745374031,5.62169457511584e-07,3.50946258091944,0.465462235489767,0.733858161854237,150.385555192391,0,10,1,0.4557,11.003,1.0024,6.565,0.4281,4,1.37749870283196,Inverse Transform.D,89612
454771,454771,14.235983588195,11,0.257439010537822,47.5971563671643,203.009230796315,0.485295647119093,0.194557297229767,-19.5093486502738,183.009230796315,5.46220836711286e-07,3.46100890606503,0.544135733704685,0.754392711455154,134.313191055885,0,10,1,0.4555,55.314,0.2221,7.0744,0.4142,2,1.28066069128279,Inverse Transform.D,423305
290643,290643,13.4068508970092,16,0.289187391858413,43.2613370927131,260.827467146205,0.764204090364205,0.212975993473083,-15.7075950477145,240.827467146205,5.64327140853232e-07,3.46392952443266,0.475632902051832,0.660853764816828,170.057000720436,0,10,1,0.4699,132.519,0.0588,6.0006,0.4391,2,1.45886461016024,Inverse Transform.D,270434
180369,180369,13.5369719450935,17,0.402937876832888,55.5777698500415,195.394174744928,0.379909436619123,0.170905371382833,-21.1297930498584,175.394174744928,5.89610826956795e-07,3.43706386228981,0.506199194196717,0.747957700378402,123.050227227071,0,10,1,0.4892,13.7421,0.8638,6.3971,0.4197,4,1.31821023728015,Inverse Transform.D,167900
440306,440306,13.5257474545247,14,0.226534451903702,75.7287930419936,258.976398736323,0.683680464557516,0.22569049759768,-18.7687847533279,238.976398736323,5.64397780131276e-07,3.49979213962113,0.457225816707861,0.704545253207659,132.36799847579,0,10,1,0.473,213.832,0.0446,6.8681,0.4127,2,1.27058915233724,Inverse Transform.D,409861
426457,426457,14.9250500335333,21,0.330466166404485,66.9522000577619,214.396092147065,0.21787421849001,0.0991749276872724,-19.8935830066054,194.698666093594,5.53023484275632e-07,3.52920795633144,0.493955880414445,0.872409889095343,124.873997538965,0,10,1,0.4486,21.8116,1.2539,9.3229,0.3654,6,0.98659572993205,Inverse Transform.D,396984
388754,388754,13.7495282525145,15,0.183576213509187,68.7258098441696,200.514760368969,0.669165210062622,0.249143542721868,-17.414510898141,149.433391367258,5.33506655376674e-07,3.48585679633431,0.528180614149306,0.677740079944808,177.728890816682,0,10,1,0.447,127.0222,0.0662,7.3536,0.4105,2,1.25594642957315,Inverse Transform.D,361885
18891,18891,14.2316288156941,14,0.403987901083765,60.9959434021024,193.998444192915,0.686231895594254,0.0783172927796841,-26.0708148458408,173.998444192915,5.29119261580834e-07,3.49308100764431,0.490097581943271,0.6416727310765,138.694643810112,0,10,1,0.4673,27.9781,0.256,5.2662,0.4646,2,1.66530384628549,Inverse Transform.D,17576
126312,126312,14.3471817587103,11,0.795818761549317,65.4223396286467,313.741432449793,0.466390387636164,0.11154658976011,-22.5793754421142,293.741432449793,5.17492844146344e-07,3.43974672696306,0.533689762443621,0.661228630895422,132.833781675775,0,10,1,0.4847,11.3899,0.6855,4.7695,0.4763,4,1.76923488764807,Inverse Transform.D,117606
186930,186930,15.1329220411511,14,0.269807017356907,56.3704424714284,225.000401281894,0.541469675684179,0.15733692268841,-21.1668345429483,115.180819250983,5.63231096398974e-07,3.49939222375327,0.507635870541874,0.620275150595095,172.792059480841,0,10,1,0.4536,117.7284,0.0555,5.9771,0.4465,1,1.51611106084866,Inverse Transform.D,174012
61748,61748,13.434984022809,13,0.182171005792889,72.8458934396736,203.442940931433,0.480501476298075,0.0570586358662695,-15.9362458412963,182.354496446371,5.35793766445945e-07,3.5030127952738,0.528172483516635,0.814677874862409,141.632759970537,0,10,1,0.4593,112.211,0.1567,8.4931,0.3784,4,1.05858522264138,Inverse Transform.D,57452
289975,289975,14.3158240827443,14,0.294740387716287,59.6848491924257,211.518318405696,0.607656278292519,0.187434345763177,-13.7112052707463,173.165072451614,5.40881417510381e-07,3.43211829913161,0.5171671496579,0.666631511054397,140.960444750009,0,10,1,0.479,52.6235,0.152,5.9964,0.4357,2,1.43324932154849,Inverse Transform.D,269805
126489,126489,13.0542814940876,12,0.473450659985747,47.5954011344458,218.914212495791,0.553700743474491,0.166250172629952,-18.6183282999546,198.914212495791,5.62992127792436e-07,3.52523238213275,0.555551645865795,0.649161461923143,162.473676437325,0,10,1,0.4706,36.9363,0.2004,5.2001,0.4657,2,1.67481434989607,Inverse Transform.D,117771
386813,386813,14.8717698622758,16,0.29391940145036,59.912608473349,290.70085819305,0.629869957120484,0.180032112356275,-20.4738173410471,270.70085819305,5.71353995520149e-07,3.47130674393004,0.520151674536117,0.714120312103574,169.276400015899,0,10,1,0.4829,183.4141,0.0545,6.4574,0.4203,2,1.32236643055929,Inverse Transform.D,360075
434260,434260,14.3497460933148,14,0.37148931331455,58.1882812304165,207.49876769286,0.64159612930317,0.107463629031554,-16.4842835371371,200.978850056544,5.52100197278498e-07,3.44742469135677,0.508647410102234,0.685707285769704,163.971015582462,0,10,1,0.4817,30.946,0.282,5.7574,0.4422,2,1.48259346535275,Inverse Transform.D,404243
256128,256128,14.9189590693083,16,0.361530831858084,51.1561833476432,233.207966650381,0.598074963285847,0.0838596086017788,-20.9681133308054,196.238550385119,5.71540477839925e-07,3.52050827173934,0.529849308865574,0.682763064621298,151.970921425483,0,10,1,0.4751,79.5132,0.1083,5.7974,0.4436,2,1.49342847689761,Inverse Transform.D,238339
188784,188784,12.6992354900138,17,0.531709293837515,55.4622099206447,201.356877308941,0.467780731621705,0.193045179033652,-21.9177207245472,152.554959961344,5.64386290211285e-07,3.41397611580547,0.494891155274282,0.602050851141637,128.944642982795,0,10,1,0.4897,12.2208,0.4952,4.5102,0.4848,2,1.84874311373691,Inverse Transform.D,175739
308830,308830,13.9903545877828,13,0.418888901890063,80.5345632523839,236.117786336412,0.690524543076184,0.207826490094885,-19.2638936646806,193.653705478383,5.85179431839577e-07,3.48217900318098,0.497490578013126,0.573616567655794,123.622594179033,0,10,1,0.4879,71.8633,0.0749,4.5041,0.4858,2,1.85832890970444,Inverse Transform.D,287422
129502,129502,13.650456499299,16,0.424849339861503,55.9649884112107,285.015830772969,0.412908012730735,0.241441428847611,-22.516099801875,265.015830772969,5.64925642916821e-07,3.4798011437097,0.526183785568751,0.706630320445314,160.965264998878,0,10,1,0.4597,60.3338,0.1597,6.1086,0.4399,4,1.46495376774082,Inverse Transform.D,120580
375836,375836,13.5938335407196,21,0.112874373503355,56.0858108023802,213.951839480069,0.624952232640579,0.121097393566743,-21.7013472179353,205.816408278355,5.30674747716062e-07,3.49584016642513,0.496305158613155,0.846598139037484,139.759403420841,0,10,1,0.4517,243.7039,0.0906,11.4194,0.3262,2,0.793294738638923,Inverse Transform.D,349859
56074,56074,13.8213527936873,16,0.228356556609362,68.8013845291494,200.441683684476,0.79984991813425,0.11712423353456,-19.4957279541365,124.546939867583,5.19759733918e-07,3.53267307506002,0.486829837980563,0.609804284706363,148.789949320601,0,10,1,0.4791,125.3556,0.0499,5.9987,0.4356,1,1.43250233600182,Inverse Transform.D,52126
343099,343099,13.4577279233811,11,0.291367118208294,42.1053745559138,273.700827146764,0.666484336433483,0.215318118641153,-20.0482273382482,120.553581726183,5.49331706390087e-07,3.50618972878761,0.538368519044723,0.620068745802592,158.705943091249,0,10,1,0.4881,246.958,0.0264,5.4169,0.4512,1,1.55356884928314,Inverse Transform.D,319422
387269,387269,13.6160519816356,25,0.304804737389806,49.8819470416254,200.84482972743,0.532893602750647,0.0576083787251264,-25.6891880598464,180.140813104196,5.46891750555237e-07,3.4888752721122,0.51441339149368,0.760275137284193,119.358198180486,0,10,1,0.4616,38.9822,0.3254,7.0952,0.4112,4,1.26058895154916,Inverse Transform.D,360497
452026,452026,13.9945493558269,18,0.310516856706218,68.8700768372593,218.999490689338,0.745013947343869,0.0500775658991188,-19.0051609521837,154.25251147375,5.65939513884697e-07,3.40693626220542,0.480150949435952,0.578942765139505,129.599493262298,0,10,1,0.4642,59.226,0.0929,5.1183,0.4712,2,1.72316984854108,Inverse Transform.D,420750
393778,393778,13.0837124481848,14,0.391230389674081,52.7725747387145,317.15300104962,0.650402415485075,0.246025274740532,-26.1776267503044,297.15300104962,5.68327078238854e-07,3.4764147087911,0.512153366543723,0.621758343555212,137.636215551294,0,10,1,0.444,164.6708,0.0399,5.3474,0.4713,2,1.72406160582674,Inverse Transform.D,366583
129510,129510,13.8424165064303,15,0.367616735691123,74.8070186849702,251.763045717093,0.506411497545908,0.247054036613554,-17.5338738009364,218.612277093014,5.64092365386055e-07,3.49031259091417,0.534517948283929,0.663334049196342,151.284461861129,0,10,1,0.4856,85.0921,0.0926,5.6186,0.4453,2,1.50668587670337,Inverse Transform.D,120587
267385,267385,14.5778025599671,20,0.263835550447649,70.6709157264367,212.739966824474,0.579925748558668,0.234155836235732,-17.6213583542271,201.656645405139,5.36969867707312e-07,3.46899160906181,0.496912075923866,0.690252312528074,146.291359619461,0,10,1,0.4642,68.0531,0.131,6.6767,0.4215,2,1.33071466555149,Inverse Transform.D,248794
320569,320569,13.600484601213,18,0.1266455194134,77.2877533876391,229.746902120312,0.653498119658473,0.131242033559829,-20.2571225000359,220.008064303711,5.19505025706985e-07,3.48811139491427,0.513469209473597,0.804623178570374,112.851372270418,0,10,1,0.4443,275.2199,0.0599,10.0724,0.3528,2,0.920745425297621,Inverse Transform.D,298365
443879,443879,14.3996378508809,12,0.215973470894712,65.4954774081184,281.001237218156,0.362516491673887,0.19020645362325,-14.4844191519202,230.488762029508,5.44448708439675e-07,3.45984087288325,0.500296818972831,0.832678417366089,113.624755581229,0,10,1,0.488,182.4981,0.1091,8.1692,0.3744,4,1.03597930091457,Inverse Transform.D,413181
477870,477870,13.0906036049434,15,0.387681514352034,49.7922634759735,221.637865796685,0.610265505810187,0.0902564708143473,-13.7243971815116,201.637865796685,5.51710213612916e-07,3.43933340017768,0.476596149732604,0.685712267855311,140.221307105356,0,10,1,0.488,31.5726,0.2764,5.6552,0.4432,2,1.49032515649417,Inverse Transform.D,444881
162770,162770,13.3580909384215,13,0.398406712046825,71.4543512941177,210.779341504638,0.384982561688641,0.240137024689466,-13.5474151396558,191.202222709924,5.58485309393848e-07,3.50926743963524,0.475087126990284,0.674231723198377,145.553375299078,0,10,1,0.4652,30.152,0.2746,5.8734,0.4451,2,1.50512042168914,Inverse Transform.D,151567
430329,430329,13.6361750036049,11,0.264360097115299,51.787419955221,254.541221470892,0.440681092490168,0.0797003949992359,-21.6537632180669,210.100126485229,5.82883959876853e-07,3.46786586237595,0.5241000510494,0.782908571379058,124.412702255057,0,10,1,0.4543,114.2319,0.1263,7.3155,0.4084,4,1.24211064156567,Inverse Transform.D,400596
34648,34648,13.8789546056606,13,0.461947399978148,55.1116165202944,254.548073295821,0.813474635583313,0.0793174752499908,-12.9336749645887,234.548073295821,5.08345403832805e-07,3.49348311403332,0.498976529373361,0.587034499371024,119.266043798406,0,10,1,0.4685,65.9552,0.0862,4.5763,0.4904,2,1.90307207200834,Inverse Transform.D,32186
110869,110869,14.683453277742,13,0.220780417098245,94.138116224441,208.119557475658,0.747022979301878,0.104963826248422,-19.1732713087184,171.069442291894,5.95117292746715e-07,3.50844617875371,0.515980351388905,0.656845252827788,130.648200652212,0,10,1,0.4726,147.7292,0.0518,6.3559,0.4273,2,1.3717485144357,Inverse Transform.D,103183
154155,154155,13.5257442861954,14,0.303696128379956,39.7475829047631,235.957247818823,0.866523712579374,0.163404411496595,-21.5247363092707,215.957247818823,5.12555770048768e-07,3.48700137426132,0.50028772199719,0.64881163352871,116.763110009952,0,10,1,0.4758,100.2316,0.0737,5.6801,0.4471,2,1.52084460236127,Inverse Transform.D,143563
283826,283826,14.0739455299575,23,0.286583748429932,69.8277744893553,202.814038022666,0.724695130888346,0.107005425589159,-21.8218831531125,161.158549671271,5.5446995155406e-07,3.46575614784284,0.509179514163481,0.620344512786639,139.792458139159,0,10,1,0.46,65.4521,0.0999,5.7021,0.4527,2,1.56570820744019,Inverse Transform.D,264085
397679,397679,13.5682558733344,13,0.288649410366277,49.0253549505918,241.375491232036,0.452307884006386,0.247623530682176,-19.7294477781661,192.853956469612,5.14102508830339e-07,3.49211158605565,0.445916419138652,0.74151191831713,136.33562899201,0,10,1,0.486,76.2756,0.1504,6.7922,0.4097,2,1.25065946752119,Inverse Transform.D,370217
109974,109974,13.4425607843201,17,0.170939084910856,49.3314016332629,196.470347363502,0.650783407065745,0.140594192221761,-20.273182733263,167.177964143111,5.72809095933497e-07,3.51022455022361,0.529803731248178,0.775469715479414,171.562302943819,0,10,1,0.4831,141.2651,0.0978,8.4268,0.3705,2,1.01433181002618,Inverse Transform.D,102354
272763,272763,13.193014930741,13,0.733542996892677,41.1855811753984,265.938497826322,0.5305429883628,0.134955954458565,-18.2502710460131,241.895593253744,5.41515042698093e-07,3.55390286949155,0.528915096726462,0.611869913316133,148.916334242405,0,10,1,0.4696,23.5376,0.2679,4.4497,0.4952,4,1.95092318720952,Inverse Transform.D,253785
459557,459557,13.9275312095903,16,0.250186178924451,53.1093569321688,254.594820121444,0.358706698792425,0.236902426136658,-19.0287442379066,223.303009616874,5.5525774921451e-07,3.46798489286917,0.516711263879082,0.813011120201022,127.925490697054,0,10,1,0.4707,100.3268,0.1733,8.335,0.3774,4,1.05289496156584,Inverse Transform.D,427788
438915,438915,13.803874289494,17,0.247283391487953,80.7762195524982,238.518586060798,0.490750662853668,0.11924862107262,-19.7559385912653,218.999951538436,5.12344143353913e-07,3.45906301397287,0.547143476931694,0.761937913370515,130.864071381545,0,10,1,0.4574,91.4401,0.14,7.6918,0.3978,4,1.17432070766804,Inverse Transform.D,408571
394974,394974,13.5918226836024,16,0.207623734395663,96.7857608121322,198.19422638696,0.479161493635321,0.222253047395498,-14.888245090847,178.19422638696,5.5907619274535e-07,3.54046585886108,0.497003177011747,0.696633875640427,169.289429016244,0,10,1,0.4468,118.1299,0.0778,7.485,0.4072,2,1.23426580995851,Inverse Transform.D,367696
378923,378923,13.7795435470574,14,0.360025724377608,60.8821397203291,229.60905738246,0.694972399525565,0.132111632917076,-26.1963377371511,209.60905738246,5.02057049736774e-07,3.54760707651145,0.525044899295785,0.663208260889553,130.882323128032,0,10,1,0.4794,84.7804,0.0929,5.5635,0.4496,2,1.54071936900705,Inverse Transform.D,352749
426325,426325,13.8410018410367,15,0.333561002573429,72.0646784935711,232.04186403313,0.486322305043046,0.130491717066616,-17.1875408713946,212.04186403313,5.2345882954564e-07,3.55717981853839,0.513707000616173,0.700312210871206,161.743941500562,0,10,1,0.4419,80.2634,0.1165,6.5212,0.4351,4,1.4287728541661,Inverse Transform.D,396860
86705,86705,14.4244703049739,11,0.273319049057852,54.2764119880545,231.464309792507,0.784490392588991,0.13346344102174,-20.0240062923303,202.466494370716,5.46189111623005e-07,3.51854584573121,0.491514521362143,0.648733832843379,131.831736110026,0,10,1,0.4417,134.7742,0.0548,5.9566,0.4521,2,1.56084161178838,Inverse Transform.D,80692
393936,393936,14.6337946453211,9,0.30538395830002,48.0409623926652,219.990670062785,0.61769129110941,0.0576245970092714,-24.6746146242686,199.990670062785,5.57436695493642e-07,3.44653104337256,0.533006297172325,0.762781009341355,112.545246867934,0,10,1,0.4838,54.2979,0.2369,6.3247,0.4238,4,1.34685013789908,Inverse Transform.D,366729
339175,339175,13.7793187320856,13,0.357297840158037,79.7916733623025,200.933730907273,0.609680893521884,0.0600000673905015,-23.2154008486366,155.904376432551,5.51406550118495e-07,3.5211341851076,0.521981666128372,0.600076711028832,180.273198249551,0,10,1,0.4651,61.6819,0.0973,5.0624,0.4729,2,1.73839170863839,Inverse Transform.D,315752
149925,149925,13.3154096983308,18,0.190031567328557,53.1656210293791,216.124871423816,0.501573344238097,0.225792930042371,-21.4324031483966,183.175565322443,5.83219141494199e-07,3.50174793071138,0.524588317317962,0.770799669634148,145.444105580228,0,10,1,0.4561,146.7858,0.0916,8.5184,0.3792,2,1.06315621111009,Inverse Transform.D,139627
212237,212237,14.0252046546297,15,0.403819735860638,82.1101321229312,199.660735274665,0.781019079896981,0.18707683426328,-18.5389291822643,165.055627800777,5.46968562912112e-07,3.50832319043952,0.519444923544562,0.533816714135123,155.472173426279,0,10,1,0.4679,54.3588,0.0843,4.2938,0.5025,2,2.02605969921371,Inverse Transform.D,197509
228350,228350,13.4853166758379,20,0.228260778505329,64.5985975438043,225.541422256613,0.653998538468331,0.164841007394716,-25.2956022375884,214.51650088952,5.3138972165009e-07,3.47856369419552,0.497662020442011,0.750311806212621,147.151366177314,0,10,1,0.4921,106.8573,0.1125,7.4012,0.3913,2,1.13438139159538,Inverse Transform.D,212493
152362,152362,13.6641809240031,16,0.216367719982521,53.871131962261,259.88619343054,0.75311296129649,0.155053052445874,-26.9923343860984,239.88619343054,5.40474954404126e-07,3.50037202051283,0.480813702258104,0.727017794818317,153.336278475027,0,10,1,0.4697,225.6879,0.0472,7.2935,0.4028,2,1.20587743367354,Inverse Transform.D,141884
40256,40256,14.2273804179269,15,0.239761682429454,60.9458069283161,217.476430321547,0.653072807931369,0.216766897682101,-19.1977412809411,120.569651005945,5.32661301507502e-07,3.54994866867678,0.510068023298774,0.621861863759908,137.434989142504,0,10,1,0.4553,166.0438,0.0396,6.186,0.4393,1,1.460384667726,Inverse Transform.D,37411
238090,238090,14.0538506909682,15,0.115901433270991,85.0890928792245,228.357810224901,0.530184306772844,0.237184155825526,-20.357918143636,195.173828338418,5.19662918362774e-07,3.53402746594915,0.499391175940717,0.80286147236495,155.325530770102,0,10,1,0.4457,384.4361,0.0424,9.7385,0.3585,2,0.950073359969041,Inverse Transform.D,221564
215630,215630,13.4280812788402,12,0.292346803958132,76.3348321022041,211.843579708171,0.820356039224821,0.199781755218282,-20.9594239022329,204.741104363397,5.95762087080642e-07,3.46763340774698,0.483543486812371,0.639549496642715,175.656709934295,0,10,1,0.4851,78.1874,0.0908,5.5662,0.4473,2,1.52242556596597,Inverse Transform.D,200695
333926,333926,13.4622114610933,21,0.426184340188477,61.0361405117843,289.878700743738,0.705155848593152,0.0597688303794712,-14.6700916459018,185.502988598228,5.06234761991254e-07,3.4834265184995,0.518508901111191,0.543742911854993,149.823522049808,0,10,1,0.4693,139.1319,0.0343,4.2808,0.5025,2,2.02605969921371,Inverse Transform.D,310827
408946,408946,13.4191696651416,9,0.337322988820138,72.7800396439303,240.444651291528,0.493135655377271,0.184312547603622,-21.640351568437,220.444651291528,5.40524116698185e-07,3.43110818400883,0.507953854400973,0.721549974327823,133.125937445356,0,10,1,0.4814,52.5032,0.1974,5.9871,0.435,2,1.42802804543839,Inverse Transform.D,380730
240090,240090,13.8986019367204,15,0.278358534035237,51.4059475900411,234.347358511842,0.628504359069304,0.229274906916544,-15.2910636677127,214.347358511842,5.21152567032961e-07,3.52696932918344,0.484356420129074,0.68534680453754,151.03090752192,0,10,1,0.4622,116.0491,0.0751,6.429,0.4294,2,1.38689021163757,Inverse Transform.D,223427
250602,250602,13.4542145719338,16,0.342421733991084,59.437101410633,267.085151662228,0.561492094124155,0.219511363562197,-22.0111006495006,247.085151662228,5.73242742780364e-07,3.50172104177355,0.509759022681265,0.682252362510647,153.514052643165,0,10,1,0.4644,116.337,0.0738,6.0421,0.44,2,1.46571658883484,Inverse Transform.D,233213
106137,106137,14.1322368861391,15,0.39892942006419,54.5250486104755,220.275286550897,0.776033449706468,0.115673342347145,-20.8012899104409,200.275286550897,4.93506769097574e-07,3.47928507379986,0.477940183789029,0.677935694805266,165.578616622735,0,10,1,0.5512,42.1187,0.1999,5.0296,0.4423,2,1.48336492838278,Inverse Transform.D,98792
319186,319186,14.1380210814307,17,0.274396891332201,51.3555579063382,226.527150261837,0.600506953113302,0.197894243756309,-15.1462005098161,169.693295502962,5.50170570863095e-07,3.47496590577894,0.480773147303298,0.715891099760044,139.806032211967,0,10,1,0.5345,87.6806,0.115,6.29,0.4063,2,1.22841122210365,Inverse Transform.D,297086
448762,448762,14.6040661639297,12,0.369181950524882,73.8270509801662,203.438491385896,0.771293343648901,0.208694176748395,-17.9177231212237,165.736401310523,5.40305599502447e-07,3.55697338807637,0.535613422560498,0.609322876946445,159.536383623939,0,10,1,0.5452,84.4446,0.0739,4.6492,0.4591,2,1.6185338898334,Inverse Transform.D,417706
201301,201301,13.6111622895938,12,0.326168118131522,52.7943208718367,212.348607420721,0.499190553643933,0.159926456073299,-21.3457040026075,189.272488340295,5.20111929200797e-07,3.51972014039702,0.527302327981241,0.772928089850492,136.723607840553,0,10,1,0.5298,53.2032,0.2559,6.4897,0.4021,2,1.20141492320034,Inverse Transform.D,187373
292358,292358,14.0006119346613,18,0.182606569490103,40.4911694613391,238.473242007626,0.863464629922717,0.133355806628242,-18.6832537093542,174.999076182517,5.23049829520341e-07,3.54473605187026,0.553500081241344,0.745445519444055,137.845659342518,0,10,1,0.5534,341.9324,0.0343,7.4369,0.3684,2,1.00283339135858,Inverse Transform.D,272037
268216,268216,12.868749118658,15,0.172286367652507,56.3602415819689,225.112299450166,0.768013691566651,0.214993678359315,-20.8460507075709,146.70361181013,5.55409317353656e-07,3.45271297926817,0.561895974475938,0.704315745561714,118.222098846676,0,10,1,0.4935,199.0557,0.0479,7.4111,0.3905,1,1.12954855228342,Inverse Transform.D,249573
247423,247423,14.1114487194563,11,0.44564753624588,51.0762645745308,206.661432823921,0.622174321924322,0.222839238820598,-24.8262444714528,186.661432823921,5.51197907825158e-07,3.41470492951526,0.536253912010279,0.636665117976425,136.620686030076,0,10,1,0.5011,22.7013,0.3088,4.8988,0.4651,2,1.66962025238417,Inverse Transform.D,230234
400326,400326,13.1353501461039,19,0.389571694330574,56.5563484207229,259.107605355304,0.765982421454414,0.0624406429007649,-24.848059266016,199.687267982886,5.83608585041051e-07,3.46732649439786,0.492260273127098,0.638147409545249,134.855112650813,0,10,1,0.5441,102.9625,0.0685,4.7096,0.457,2,1.60101406765035,Inverse Transform.D,372691
340223,340223,13.5672654074892,16,0.454153343783828,45.5453425312486,269.135958128039,0.522189556116614,0.0661181916482747,-26.7447995401831,249.135958128039,5.66427426311985e-07,3.50281656726442,0.520958348286215,0.783115938691472,134.12265417662,0,10,1,0.5134,44.7135,0.323,6.2442,0.4151,4,1.28673811808878,Inverse Transform.D,316733
278035,278035,13.3057182321064,17,0.171455923151533,44.4590729683686,197.20288860146,0.641363234406248,0.180903282389045,-9.58387556723996,168.02184257971,5.70817512276648e-07,3.43172192573777,0.51579423505728,0.777149273342532,122.680678383638,0,10,1,0.5052,92.6682,0.1505,8.3182,0.3645,2,0.981767242462703,Inverse Transform.D,258681
288727,288727,13.6700039878264,13,0.372529575170948,51.224805104866,241.571932448327,0.587665279186601,0.246913527837023,-21.7674270946531,221.571932448327,5.00557119089059e-07,3.54101408534594,0.531112634268134,0.688187418819942,147.687170929247,0,10,1,0.5088,86.2531,0.1024,5.5955,0.4373,2,1.4452506868432,Inverse Transform.D,268655
127551,127551,14.0451374579272,17,0.304570268249103,50.4159659122984,269.938327951404,0.71263869361043,0.096279793838039,-26.130896600119,245.749548368018,5.58504589470096e-07,3.42439955291687,0.495470149681828,0.721778095970475,122.40394354753,0,10,1,0.4941,97.9381,0.106,6.3163,0.4202,2,1.32167290398042,Inverse Transform.D,118763
354045,354045,15.1086672334021,15,0.221206782066612,47.7346216933855,198.989339056425,0.691675137221911,0.161632764991373,-17.7412438278538,159.854383840772,5.51046381693163e-07,3.47901137095136,0.50671078904315,0.742542961379629,142.614005216079,0,10,1,0.5318,86.6929,0.1331,6.9375,0.3889,2,1.11993638802043,Inverse Transform.D,329599
96099,96099,14.3082759690691,15,0.196146793074672,73.1604340606023,221.444595393884,0.687803603077476,0.101258651306853,-20.1639190735805,160.902860689679,5.49233468493737e-07,3.4490292431384,0.492998798151387,0.726584000921476,137.532768360149,0,10,1,0.534,131.9355,0.0806,7.0489,0.3851,2,1.09739017857088,Inverse Transform.D,89445
104534,104534,13.761339647682,12,0.510836186266046,51.4008736616893,244.306483252351,0.705638655057455,0.11639565853402,-27.376510551679,161.331654506621,5.61796011125053e-07,3.43256769709426,0.503427860699444,0.568247087183016,144.661900442779,0,10,1,0.5414,47.5883,0.1106,3.8944,0.4935,2,1.9338377803269,Inverse Transform.D,97294
287901,287901,14.3318927509459,15,0.325316013080759,57.4110241260059,229.524558396412,0.600132103823513,0.15294598150067,-16.1278478097881,209.524558396412,5.51333516720028e-07,3.49666717509358,0.523349835762367,0.743717638205973,157.357293087561,0,10,1,0.5464,75.4592,0.1538,6.1088,0.4076,2,1.23687582536675,Inverse Transform.D,267884
386308,386308,13.6334174155476,22,0.191708773347634,43.9446055936785,224.796805517153,0.755773298929201,0.0846993927843869,-21.1352006183282,204.796805517153,5.3808436439224e-07,3.49024089020587,0.549584761451422,0.788000407076122,149.669689241559,0,10,1,0.5124,166.5489,0.0893,8.1552,0.3656,2,0.98767139688947,Inverse Transform.D,359613
86836,86836,13.5525773500502,20,0.222641282892082,52.2406686267109,227.915696713274,0.712842224522574,0.195817904546857,-23.9190266229522,174.946467491834,5.58927522305579e-07,3.5229507794303,0.472800727855446,0.727816366850218,133.946742774104,0,10,1,0.5357,168.9262,0.0633,6.8998,0.3885,2,1.11754443779215,Inverse Transform.D,80812
112660,112660,14.3894315590641,11,0.290628367945817,34.06419837571,283.08045260474,0.541757199291081,0.236439419724047,-15.511792540685,131.759603117048,5.59947951874935e-07,3.52147180814573,0.497866461100056,0.707384517467531,156.138438447086,0,10,1,0.5517,245.1967,0.0394,5.8662,0.4134,1,1.27528028814037,Inverse Transform.D,104839
40337,40337,12.7114860451637,14,0.379390337967549,40.263868788238,260.573877552432,0.82005202199948,0.146583051653579,-20.3896399396719,240.573877552432,5.63753728821333e-07,3.48676745089732,0.556102168801167,0.685949860708669,145.70365279833,0,10,1,0.5529,115.4164,0.0757,5.1581,0.437,2,1.44299329939552,Inverse Transform.D,37486
262183,262183,13.7543131611453,11,0.222827285698367,64.536554472691,253.238978376129,0.73329644264711,0.0910247675143182,-19.5735956586399,176.44754481632,5.52800791687269e-07,3.49132387823654,0.511316243374063,0.7136015597828,140.796941065451,0,10,1,0.5447,243.1868,0.041,6.1781,0.4061,2,1.22711356744919,Inverse Transform.D,243968
213876,213876,13.7328783706437,24,0.1737255003199,43.8497595159219,289.432028911465,0.755510073080758,0.202582855522633,-13.3032066717554,136.929827490129,5.36497551316851e-07,3.50579280370067,0.54289434853966,0.702245906373273,153.076391417697,0,10,1,0.5005,578.6986,0.0163,7.79,0.3786,1,1.05972640133017,Inverse Transform.D,199058
157619,157619,13.8551077436897,12,0.279620052613376,51.9086748890506,230.251225676526,0.672557932552781,0.111370919132605,-21.2027422216427,210.251225676526,5.53129982688513e-07,3.43369797334322,0.521590039727891,0.740461218837559,139.269304594591,0,10,1,0.5004,72.7981,0.1568,6.4863,0.4128,2,1.27125836194402,Inverse Transform.D,146780
283684,283684,13.0677780176704,14,0.182116767937481,52.9844433053518,232.078457909859,0.559174251827875,0.211675590742379,-17.8009182814147,181.976378850775,5.32525841427442e-07,3.55703203743213,0.504768896213033,0.81215871873951,110.709819302979,0,10,1,0.5478,260.41,0.0664,7.9822,0.3571,2,0.942800414848367,Inverse Transform.D,263951
290369,290369,13.7746508462886,14,0.356058542932752,65.293846913761,266.35118216053,0.60643876517371,0.123252555076033,-22.5248105338719,246.35118216053,5.1360169937904e-07,3.54108575137407,0.477160109811026,0.746163326437527,115.198953393194,0,10,1,0.5348,110.545,0.1064,6.0253,0.4142,2,1.28066069128279,Inverse Transform.D,270172
288945,288945,13.4424379034232,13,0.258611573119596,90.633529190249,219.589217140001,0.53815755069117,0.196780771296471,-12.5224489752253,212.906348302636,5.83779868557347e-07,3.42680580207471,0.518749668074817,0.735367307191637,135.867704433925,0,10,1,0.5257,71.9398,0.1545,6.6046,0.4002,2,1.18937587775846,Inverse Transform.D,268855
377256,377256,14.2905656488394,14,0.307348271659349,44.6935074511038,233.879527553486,0.717082759612532,0.192785366391763,-26.3962173353241,170.652534736608,5.58673804477895e-07,3.43480107355447,0.479162560722678,0.669345047036929,165.891229055047,0,10,1,0.5322,76.2098,0.1062,5.5365,0.4309,2,1.39780009976075,Inverse Transform.D,351178
408430,408430,14.0428824519535,11,0.614561802237856,57.5739473879491,221.976221933672,0.714345181554785,0.0894026369322091,-9.86014245528109,201.976221933672,5.39442109465119e-07,3.4757528221329,0.507102925007952,0.570258002025383,138.833874624333,0,10,1,0.518,23.8475,0.2226,3.8976,0.5016,2,2.01663827171126,Inverse Transform.D,380249
88918,88918,14.285623246305,12,0.249722953304909,75.4997982385066,229.819699363562,0.487080386989491,0.126802809117362,-15.0863712183853,135.215299191837,5.36699781275391e-07,3.48973743151666,0.467285083743281,0.707769785144856,144.17110298483,0,10,1,0.5483,115.6681,0.0838,6.2344,0.4031,1,1.20779442549983,Inverse Transform.D,82757
425594,425594,14.0470254726932,17,0.204959506736183,69.6210554279343,254.808611896066,0.738704039802445,0.139651770796627,-16.7470119058293,234.808611896066,5.263719674063e-07,3.51348068793048,0.49980257107992,0.750196499680482,131.47120755031,0,10,1,0.5057,251.3918,0.0478,7.4652,0.3846,2,1.09445286530556,Inverse Transform.D,396181
248081,248081,14.0835875262199,19,0.275806023893207,71.1210941185634,241.333279888751,0.655620199307144,0.241045044409111,-19.1762296795958,194.433773488303,5.00448837267671e-07,3.47490215125231,0.501825020936597,0.701507736639544,132.428894797893,0,10,1,0.5526,110.4597,0.0851,6.0301,0.4079,2,1.23883656810195,Inverse Transform.D,230844
449780,449780,13.7451315598711,13,0.238013803034432,42.8428912704885,332.067806763002,0.879974322825691,0.102481866581365,-23.3664303642035,312.067806763002,5.65187002037065e-07,3.47168681280878,0.49130231647185,0.733243206568814,109.333165479503,0,10,1,0.4982,437.1097,0.0252,6.7041,0.4075,2,1.23622286027406,Inverse Transform.D,418662
285031,285031,13.2286807963641,18,0.362108924916225,50.452367069236,241.579624595204,0.552565081726349,0.0786451529711485,-25.5212941422552,221.579624595204,5.14208747107293e-07,3.4743493924308,0.517449935592227,0.806081898577147,114.441173820626,0,10,1,0.5528,46.0946,0.3607,6.5187,0.3933,4,1.14654218278702,Inverse Transform.D,265222
438841,438841,13.8847555391473,15,0.430451551509018,104.690219475579,263.653420374779,0.640950281144727,0.131993828387931,-18.5733543459724,243.653420374779,5.17603362407944e-07,3.55357026453989,0.453753022166961,0.623390587132605,148.705136340873,0,10,1,0.4953,98.611,0.0671,4.8619,0.4687,2,1.70102271362136,Inverse Transform.D,408503
325759,325759,13.1907188626709,11,0.327849335265184,64.3250440694421,255.934552705867,0.795999697369055,0.211714267171919,-15.8493246397598,128.957289113342,5.46261461263102e-07,3.49116803811058,0.50387112776678,0.580082440454954,157.600399873218,0,10,1,0.52,164.2231,0.0336,4.6974,0.466,1,1.67741731132981,Inverse Transform.D,303204
352317,352317,14.4384090546594,17,0.469663506871011,55.3195076891808,195.689047377091,0.520174910554919,0.12825277550146,-14.8630404887214,144.151151455378,5.1802919095517e-07,3.52743511647667,0.489811115537714,0.627670608083205,131.020843424177,0,10,1,0.5216,26.3382,0.256,4.6447,0.4675,2,1.69049154876197,Inverse Transform.D,327998
91110,91110,13.6538118258642,20,0.435862535580652,40.8275940434009,252.446655502898,0.673668732907043,0.145644707186148,-15.285608730216,232.446655502898,5.47578819060317e-07,3.49423323729797,0.452878614600653,0.684800909055134,179.404329201639,0,10,1,0.5377,56.1029,0.1549,5.0831,0.445,2,1.50433827193212,Inverse Transform.D,84797
369442,369442,13.7784209953207,19,0.275746777042122,65.6989263863868,238.839581703242,0.724828376863209,0.232114030234516,-16.5962553447286,218.839581703242,5.4329912014528e-07,3.42976731461575,0.510572105029075,0.687680395056989,115.586901085481,0,10,1,0.5185,91.8373,0.0959,6.0674,0.4187,2,1.31130965677174,Inverse Transform.D,343926
337817,337817,13.4288019932907,15,0.343378124924163,56.3266686243045,219.577767863872,0.467280759196868,0.170281557412818,-19.4002037890031,136.479290788461,5.74743426397132e-07,3.4853131230675,0.508438436515943,0.686523660975434,191.528247472536,0,10,1,0.5461,61.3464,0.1428,5.5726,0.4249,2,1.35463025093553,Inverse Transform.D,314470
230628,230628,14.0209436442761,18,0.19942701748301,43.6748196619539,190.318702483726,0.67182574958243,0.111805993830785,-17.373098628708,172.026363406489,5.36845977471624e-07,3.42630200192137,0.492596566018055,0.805690387455974,155.058405796437,0,10,1,0.5429,55.295,0.2999,7.9573,0.3594,2,0.954773037052297,Inverse Transform.D,214618
311820,311820,13.1572108401635,12,0.26084643200863,70.1614882492733,334.600983984842,0.589741892352956,0.139620547089726,-20.9579320959656,314.600983984842,5.43837020969377e-07,3.47443955919689,0.496934603778671,0.799143854340981,112.335620787975,0,10,1,0.5284,312.442,0.0509,7.0398,0.3873,2,1.11039504603758,Inverse Transform.D,290217
118940,118940,14.2288585115793,13,0.299470880597564,75.624017318119,198.077895543538,0.806575810446119,0.0509941027965397,-22.8713532003049,136.130976719096,5.50001810715087e-07,3.53010468876491,0.506290841463825,0.577498743641407,147.365414698504,0,10,1,0.509,96.6127,0.0566,4.9029,0.462,1,1.64303313643829,Inverse Transform.D,110706
127802,127802,13.2555184116743,13,0.163642623839885,64.6752301650332,232.388351107166,0.539592651270331,0.135749946953729,-16.1594257252064,167.734986799914,5.67634365084886e-07,3.42657707326896,0.457258543946652,0.816678526529476,118.146239973056,0,10,1,0.5555,149.618,0.1191,8.0157,0.3537,2,0.925326512405283,Inverse Transform.D,119005
24346,24346,13.8091889921261,13,0.388485441704912,50.3484919134367,242.658335328271,0.804144559200102,0.108791780518368,-19.6270426108836,222.658335328271,5.59522976033064e-07,3.41955897189274,0.477838217194401,0.680199759130552,129.572174639819,0,10,1,0.5424,50.4496,0.1686,5.1343,0.4415,2,1.47720381882951,Inverse Transform.D,22659
452655,452655,14.6833554457391,22,0.150313057245004,58.4328060772361,229.24864551624,0.793290996926255,0.238020090153441,-20.8047087969683,161.85715257391,5.17738657014566e-07,3.56207064134513,0.494485337696511,0.756570730889376,120.471348006456,0,10,1,0.5395,363.4075,0.0342,8.5742,0.3466,2,0.889682101562904,Inverse Transform.D,421332
3523,3523,13.6460124022281,16,0.332285977008795,61.2587740565433,282.985068757399,0.704750471767408,0.17975578843616,-26.301052730912,154.756966090797,5.08190885469896e-07,3.45446141785277,0.455402089488868,0.58762247942371,135.17647745381,0,10,1,0.5022,140.3664,0.0406,4.9199,0.4638,1,1.65842021191406,Inverse Transform.D,3290
364529,364529,13.3814200254265,14,0.339695382631966,100.985852987802,196.348254329059,0.806015101480069,0.226175871258602,-15.7106097805864,176.40146680835,6.19844206588445e-07,3.43744987637506,0.475907744654943,0.575992821769903,152.912797430779,0,10,1,0.5308,50.0986,0.1085,4.5941,0.4663,2,1.68002422464008,Inverse Transform.D,339368
374479,374479,13.8296915970084,19,0.287270452661451,76.751265301063,198.904770156369,0.755581488564815,0.224441229412332,-21.6552584884965,174.868818893995,5.32449759952179e-07,3.49839434729829,0.524181946611412,0.62834348225307,153.673319805571,0,10,1,0.4943,73.7581,0.0917,5.5836,0.4432,2,1.49032515649417,Inverse Transform.D,348602
377516,377516,14.0467808950304,18,0.378139567859474,57.7772341395049,198.24597755826,0.899571352490819,0.171841194620356,-19.6946822202082,190.573920610199,5.73051593884744e-07,3.48733087723316,0.510767814343157,0.615056561353327,115.532814696889,0,10,1,0.5123,48.3302,0.1322,4.7812,0.4655,2,1.67308123401995,Inverse Transform.D,351423
304053,304053,13.4528248296324,12,0.17454487377866,57.4872410316418,227.612943826087,0.60379543933931,0.224292223947123,-22.3012937375282,207.612943826087,5.77659524968511e-07,3.42239503321847,0.469573218349895,0.821291595544239,146.742784856324,0,10,1,0.5437,126.8588,0.1449,7.7795,0.3633,2,0.975359713338767,Inverse Transform.D,282995
140170,140170,14.3642822699822,15,0.300298130646185,99.6780810097862,241.223414335343,0.466750547916311,0.212380330171436,-22.9531383228563,237.019602983399,5.47004679521366e-07,3.42975479241808,0.507462627271407,0.748574661028103,157.420695875268,0,10,1,0.523,61.9222,0.1923,6.6014,0.4013,2,1.19633279886471,Inverse Transform.D,130521
430577,430577,13.5543496334408,13,0.310178089372199,66.3949143226224,291.14468647117,0.444420507596177,0.0893033257685602,-21.3241817194774,271.14468647117,5.44515995203842e-07,3.50978219379446,0.464092934648837,0.848643356864462,112.267107261051,0,10,1,0.526,114.4018,0.196,7.5958,0.374,4,1.03374131860134,Inverse Transform.D,400827
233901,233901,14.3800846703642,14,0.199482470792702,39.9683427641939,202.149828903328,0.348385937237629,0.20612855385989,-14.2456513326367,142.693822602532,5.44579708961213e-07,3.48336488025537,0.496066992076585,0.862832812964475,126.604244995171,0,10,1,0.5492,76.7667,0.3278,8.6422,0.3418,2,0.866214851094933,Inverse Transform.D,217644
16433,16433,13.733909405858,17,0.174173065716136,67.2178129876327,208.453361027718,0.678906164535205,0.0734211555682123,-20.6261192164252,188.453361027718,5.60577122247042e-07,3.44300592505085,0.498899575791553,0.794641639750272,108.183669967826,0,10,1,0.4986,107.3676,0.1442,8.4452,0.3642,2,0.980162104290012,Inverse Transform.D,15272
293787,293787,14.1965161981474,11,0.536295240586803,54.9685078065909,275.483124112215,0.573876320653656,0.133776665572077,-17.711793670911,255.483124112215,5.48439985118837e-07,3.47868813178219,0.471365214452337,0.678808444497708,131.474879784048,0,10,1,0.5169,39.4201,0.2144,4.9892,0.4558,2,1.59108501254473,Inverse Transform.D,273377
168141,168141,13.4399643344578,12,0.631385237631394,64.2451048337926,232.96370253002,0.456896532586629,0.134907021932304,-19.7189172993528,168.061233254143,5.57465470958603e-07,3.43061898113964,0.535053859451033,0.57748435036557,141.205637590876,0,10,1,0.495,17.4323,0.3136,4.0938,0.5009,2,2.00934161952385,Inverse Transform.D,156540
23794,23794,13.8646780476431,17,0.495439160072225,39.1362063088888,212.594401356265,0.731255864694958,0.193107994832099,-19.4091885729833,192.594401356265,5.41357833510707e-07,3.45704980775038,0.507498532510306,0.631357111125398,160.806261009031,0,10,1,0.5396,26.4075,0.2594,4.431,0.47,2,1.71250409077926,Inverse Transform.D,22143
26169,26169,13.9025919522526,17,0.435169949721883,84.0727410545685,211.680248461823,0.568150842728231,0.108891247631982,-21.5017478195599,191.680248461823,5.40642472438068e-07,3.53235122351171,0.497169963858345,0.654490337831558,159.891510085598,0,10,1,0.4966,38.7538,0.1955,5.1325,0.458,2,1.60933388112575,Inverse Transform.D,24357
281609,281609,13.8305990714364,16,0.256059062694194,63.8824801493168,233.463304455446,0.691416593680549,0.0995945650152862,-23.7877158812148,213.463304455446,5.37522922924197e-07,3.46991546226031,0.468739648013442,0.743378782686741,167.836027213273,0,10,1,0.5004,93.7282,0.1236,6.8596,0.4024,2,1.20332563515872,Inverse Transform.D,262002
23613,23613,13.2225305586186,17,0.267270428963028,59.9601520174694,267.976111707167,0.652941508417883,0.144508136343211,-20.2076622334517,231.73062139264,5.29649813530892e-07,3.52200887526424,0.505463487175258,0.734905399432939,142.24281941364,0,10,1,0.5147,204.4025,0.0543,6.619,0.4038,2,1.21227791104109,Inverse Transform.D,21972
433207,433207,14.4218581520986,17,0.145812190803982,66.6174303118831,200.608355773641,0.657672929978923,0.0735943251755089,-15.0583007089125,150.441180294246,5.41350428010086e-07,3.55380785126232,0.504239022287887,0.780666860996748,124.670705164318,0,10,1,0.521,230.1885,0.0618,8.665,0.3511,2,0.912142386065781,Inverse Transform.D,403262
482305,482305,14.3655484690303,11,0.732244987448016,68.9744830694422,226.547987550951,0.5689013503452,0.11981649575755,-19.133635083744,135.794121164833,5.80605484837725e-07,3.50026826098096,0.486727994802583,0.483346446830746,136.220866901498,0,10,1,0.5377,30.1722,0.124,2.9972,0.5438,1,2.51204046361716,Inverse Transform.D,449009
115242,115242,13.2033041752829,14,0.140426626278907,56.9123867308257,196.383936751215,0.592110860169908,0.0736970841418952,-23.2397283887133,176.383936751215,5.33030872645874e-07,3.49428846481485,0.54168784752851,0.86939351499079,137.855992812536,0,10,1,0.5275,149.6768,0.1779,9.2257,0.3371,2,0.84371514746565,Inverse Transform.D,107259
42877,42877,13.6198948986258,14,0.449428112040119,50.8888182917692,201.690651043318,0.780307678337103,0.1482269867789,-24.6551468682209,138.535042380171,5.4431303983859e-07,3.54986681016687,0.523010583836004,0.568614922579985,130.488128050849,0,10,1,0.5403,59.9657,0.0879,4.0522,0.4865,2,1.86506866110057,Inverse Transform.D,39846
188713,188713,14.0673152823471,22,0.208208887727137,58.3055004841857,240.379804589423,0.56050459796603,0.243283966835588,-8.34575140855507,220.379804589423,5.14162409832667e-07,3.48339687467087,0.480715580053473,0.791600775403146,163.069339409434,0,10,1,0.5552,145.1777,0.1047,7.8289,0.3582,2,0.94851102005557,Inverse Transform.D,175672
227884,227884,13.1682145069093,15,0.180737677304135,63.7299198685634,196.933592628941,0.595016357780508,0.0894614227581769,-18.733130547209,157.676901154317,5.81107977748565e-07,3.45522259539933,0.529567073940018,0.769605538827625,151.779338304219,0,10,1,0.4986,102.6558,0.1302,7.9167,0.3762,2,1.04610088800832,Inverse Transform.D,212059
206143,206143,14.3176575374293,15,0.189970982024536,92.4645912506915,214.768075041837,0.839048904517364,0.17162281870842,-15.1298503910807,194.768075041837,4.7310060087048e-07,3.56471221131335,0.501352596281149,0.698406212801628,165.734226252677,0,10,1,0.5061,209.0288,0.0443,7.0154,0.3961,2,1.16375816390767,Inverse Transform.D,191878
76151,76151,14.2215234358313,12,0.387693645245605,37.7560241368119,231.316943202702,0.463532743244243,0.0917584516108036,-17.8555907525439,211.316943202702,5.89888290629425e-07,3.39785882993767,0.526477347470128,0.794884372648115,150.391980508277,0,10,1,0.5074,22.7663,0.6809,6.6929,0.4044,4,1.21613263976368,Inverse Transform.D,70852
365102,365102,13.6856603967332,13,0.2304919532829,56.3556354923406,250.592597495378,0.59034206088228,0.0980823419056833,-23.5734107991455,131.265704621425,5.48162113381744e-07,3.44945159760403,0.483672984593528,0.696360933014632,101.683280143493,0,10,1,0.5362,156.3356,0.0587,6.3852,0.4028,1,1.20587743367354,Inverse Transform.D,339898
167358,167358,12.4724923801927,17,0.493802915616301,74.596287585822,228.469020503275,0.526210994907508,0.139864139491692,-19.6543842848331,218.827589038934,5.44961610063672e-07,3.48064870763156,0.536535418602739,0.714300785809546,115.56735501327,0,10,1,0.5555,26.5082,0.3773,5.1534,0.4363,4,1.43773887761308,Inverse Transform.D,155821
210508,210508,14.914076345429,13,0.411486582276729,51.9475267183829,190.858821865712,0.597172697365123,0.219540879083797,-25.2122523520693,170.858821865712,5.40044686158482e-07,3.48141552791668,0.535705062026642,0.675875917160728,133.263439732015,0,10,1,0.5362,26.648,0.313,5.1482,0.4431,2,1.48955027849852,Inverse Transform.D,195898
175405,175405,13.8873979543533,12,0.288755037939346,68.1762158561208,202.787327442957,0.491578117524801,0.204356747446582,-15.5656404623951,193.163189976184,5.54220358625567e-07,3.47324900813322,0.494831942182058,0.775073863137575,150.572226757811,0,10,1,0.5471,47.0139,0.2932,6.6153,0.3925,2,1.14166432516629,Inverse Transform.D,163291
170932,170932,14.2254400908605,15,0.289084685036969,57.0085193274979,286.440188485081,0.57325458748117,0.197565145883709,-19.6032344610443,196.360304231448,5.6500523991427e-07,3.47512044515783,0.528725967005558,0.681806351135357,134.44938753526,0,10,1,0.4958,206.6172,0.0415,6.0927,0.4263,2,1.3645918729927,Inverse Transform.D,159135
70281,70281,13.7067960455777,12,0.254241383809396,72.7318905666229,325.270753226313,0.652751884782808,0.129233295144513,-14.8051841948946,213.085947609389,5.1792615685657e-07,3.54335958147718,0.48878013562939,0.705619043682543,148.674385312776,0,10,1,0.5437,551.982,0.0174,6.0739,0.4096,2,1.25000000120282,Inverse Transform.D,65398
172680,172680,14.1650189445142,12,0.407685060053868,96.4844170305684,241.732524405067,0.702363241370875,0.102910698950291,-15.550550339721,221.732524405067,5.67098921716597e-07,3.40995146466371,0.470061873053827,0.652963186851405,160.71805811949,0,10,1,0.5469,45.3147,0.1661,4.857,0.4503,2,1.54632848122304,Inverse Transform.D,160773
269636,269636,13.1534411167508,21,0.245499943262697,65.6139286532942,259.876902094671,0.476987645383415,0.212235525716096,-10.4714661958518,239.876902094671,5.49808023585927e-07,3.52911003783812,0.510901313095303,0.792732325616617,116.351575771726,0,10,1,0.5308,189.7499,0.0806,7.5881,0.3725,2,1.02538510343021,Inverse Transform.D,250888
234445,234445,13.7067208978212,19,0.19005782050333,66.0325734847105,309.970152179835,0.625522505939751,0.0587374300695956,-19.7423848546281,240.814199053896,5.4710293027091e-07,3.47242537515034,0.505314017604574,0.770349023640396,179.791204725052,0,10,1,0.5094,452.4908,0.0297,7.9511,0.3714,2,1.01929335929314,Inverse Transform.D,218156
26837,26837,13.0385541115788,12,0.4776504860334,59.7904873765207,206.491412719622,0.753089033872678,0.233345559053123,-27.3419496162772,186.491412719622,6.0053558821098e-07,3.39112841583745,0.529375655486815,0.584269245180356,195.89020694251,0,10,1,0.5155,24.3,0.2313,4.247,0.4865,2,1.86506866110057,Inverse Transform.D,24968
454676,454676,14.1343791207607,13,0.255429519569597,53.5000225554679,196.828307337128,0.636826090825224,0.205706928763539,-18.9746033287357,151.849192912057,5.47099635096263e-07,3.53747235015112,0.475450553447583,0.710475541303648,184.62827696813,0,10,1,0.5245,86.7158,0.1132,6.3088,0.4092,2,1.24736524794331,Inverse Transform.D,423215
466713,466713,13.2458559045498,20,0.327573005519314,63.2854008403259,269.259329414236,0.470677074212041,0.128168416628614,-28.0623754137189,240.765927075656,5.75075190426662e-07,3.48820194980855,0.447898378616024,0.802027998618598,136.255967487942,0,10,1,0.5295,81.5596,0.1987,6.9297,0.3899,4,1.12593565070541,Inverse Transform.D,434451
446992,446992,13.6772378500963,14,0.295508406960932,47.3961452490272,195.866739414632,0.523812429389823,0.124879952287301,-23.5881403214742,142.658305083747,5.55918754882061e-07,3.50172364911298,0.53449618216208,0.740224020278087,142.69483007576,0,10,1,0.55,57.4205,0.1985,6.2186,0.4031,2,1.20779442549983,Inverse Transform.D,416058
390193,390193,13.9013006359116,12,0.400967104009231,46.2942343211007,225.642680214308,0.391371825352215,0.151545881060883,-18.8290006938578,205.642680214308,5.85869802888772e-07,3.43415774695316,0.502780358395448,0.78865594994418,150.052942198535,0,10,1,0.5009,20.7225,0.7203,6.7081,0.4063,4,1.22841122210365,Inverse Transform.D,363236
152439,152439,14.6674923047682,20,0.372772781796113,65.9530023980604,238.721634991035,0.517851114613278,0.100408543040976,-18.0799441171227,168.616227899944,5.29432277535317e-07,3.42591718189221,0.485664371687724,0.656918660556865,144.176580210811,0,10,1,0.5163,47.5218,0.1612,5.2418,0.4468,2,1.51847608041809,Inverse Transform.D,141954
119225,119225,14.8374102338539,15,0.347194098062763,39.9954279774094,250.866832154435,0.769061628367574,0.126054668612778,-19.8485936339756,144.657521079661,5.42197501555689e-07,3.48474634407475,0.552980277104579,0.582813071607013,137.23933197644,0,10,1,0.5022,136.2989,0.041,4.7662,0.4698,1,1.71073278529684,Inverse Transform.D,110969
313856,313856,14.2440025937758,14,0.315100210748081,74.0708798452736,217.472528075698,0.553928514204353,0.137948282249272,-14.1866403731882,203.522258094791,4.86199383714423e-07,3.48406796398949,0.497638801797586,0.729814976009228,131.008220479799,0,10,1,0.5184,50.5497,0.2137,6.2521,0.4131,2,1.27326789495258,Inverse Transform.D,292105
426091,426091,13.7880550200505,17,0.382949127338533,63.083916209388,288.626280861276,0.507638056545273,0.222095639165491,-17.6016295098175,142.758985681046,5.55592619813588e-07,3.44475076821443,0.533991560044451,0.603994254355102,126.606994980099,0,10,1,0.5089,119.9456,0.0509,4.8918,0.4625,1,1.6472933446049,Inverse Transform.D,396651
223502,223502,13.8041766283143,16,0.231477435277129,81.5179492978924,230.521926472564,0.625026315512678,0.0731832675170154,-12.3690260282705,170.970579346609,5.06514678562004e-07,3.56696462704375,0.495555270290149,0.726616100280631,166.851578341551,0,10,1,0.556,204.1341,0.0521,6.6157,0.3895,2,1.12353261589415,Inverse Transform.D,208005
467130,467130,13.7250547983319,18,0.387393236865718,63.4252500781617,272.942682573787,0.906401430820913,0.211645674612373,-17.6101329200082,192.13758117542,5.20360733219758e-07,3.41523331898107,0.532901607782186,0.567402448779189,119.006637460273,0,10,1,0.5336,107.0482,0.049,4.259,0.4795,1,1.79875913483266,Inverse Transform.D,434839
56279,56279,14.7589336201127,15,0.257520410081774,45.2586365674015,192.569332866958,0.689118509388683,0.060787747381255,-17.7628029651204,168.979462638569,5.49224559390601e-07,3.50334217857455,0.502164923091731,0.760588260945708,128.190522203744,0,10,1,0.5293,63.2888,0.2008,6.7713,0.3943,2,1.15266504095849,Inverse Transform.D,52321
148826,148826,13.6980306245403,14,0.174239586553248,73.1201981842652,212.027001146626,0.917111525292156,0.129041189374402,-20.2415625955883,192.027001146626,5.06673766674365e-07,3.54540830863138,0.479739526413501,0.751271334646673,156.771845283572,0,10,1,0.5378,202.52,0.0597,7.3645,0.3756,2,1.04271778648037,Inverse Transform.D,138605
99205,99205,15.3488107696893,19,0.288257746982017,61.4958062277518,201.257821279854,0.780426876759032,0.083376070484519,-20.7238819363744,196.320195176834,5.93617994356193e-07,3.4242865064905,0.523860776237796,0.725727997993979,131.435817129695,0,10,1,0.5146,46.5827,0.2272,6.32,0.4125,2,1.26925168410629,Inverse Transform.D,92321
105141,105141,14.1075453886358,10,0.22545090316225,58.4355065412877,198.900960490573,0.653408085044904,0.221730781020597,-23.8380820164569,175.654495175523,5.80902660286909e-07,3.48114077789361,0.495627169224095,0.742366398051243,136.231194103535,0,10,1,0.5157,88.2389,0.1306,6.4322,0.4088,2,1.24473546523997,Inverse Transform.D,97864
1001,1001,13.8407985353737,15,0.263740591262597,51.6931155381024,209.59700458689,0.613712121879212,0.064799547707662,-18.989065883502,189.59700458689,5.33389135773829e-07,3.53390273188109,0.512656485151063,0.801159231318645,128.838976170277,0,10,1,0.5413,84.3971,0.191,7.1212,0.3807,2,1.07177208196232,Inverse Transform.D,951
190229,190229,13.8550997702772,17,0.371468931278299,53.6187249603494,234.226575402632,0.64263409227235,0.228778641251847,-23.996341560086,101.105157968452,5.28122351331367e-07,3.47321701741083,0.527658720777813,0.583370492849761,154.149026959803,0,10,1,0.5327,81.4774,0.0687,4.5747,0.4664,1,1.68089407524992,Inverse Transform.D,177078
115356,115356,12.7758317968991,13,0.250333064609977,63.7496284861252,201.163191652147,0.67854170254134,0.147121799038723,-18.3982655360555,193.150165552802,5.22028521566672e-07,3.53423071996224,0.487110998886305,0.750957873538106,127.25490665743,0,10,1,0.5241,85.4105,0.1412,6.7024,0.398,2,1.1755688720093,Inverse Transform.D,107365
156403,156403,14.256801936002,16,0.305920198346895,80.5180274395637,212.859433325074,0.661251197068569,0.0503201868850738,-32.9745331619771,160.655840233559,5.5182463459459e-07,3.48348451751113,0.542070359949114,0.641288819106688,184.512306273422,0,10,1,0.5115,85.2875,0.0838,5.3862,0.4435,2,1.49265207506502,Inverse Transform.D,145651
463571,463571,13.8843180068753,12,0.462709968110359,72.7986497506163,197.76163455048,0.583684949687905,0.0807100773788989,-24.1322668696588,123.034680870101,5.39446626982779e-07,3.42998676730938,0.512731603767938,0.535366939124078,139.960526051593,0,10,1,0.5255,27.4331,0.168,3.8952,0.499,1,1.98967261557917,Inverse Transform.D,431531
211119,211119,14.3362224782465,15,0.315262927516637,65.5794516071023,219.266429227908,0.774320013390433,0.184139303117991,-21.8039941548141,179.33589060513,5.83205649271225e-07,3.4605709401331,0.498469213300986,0.644544283106338,129.203212422655,0,10,1,0.5247,76.9925,0.0942,5.3175,0.4411,2,1.47413230315407,Inverse Transform.D,196474
372675,372675,13.1023431448078,20,0.364795225616516,41.1390084085065,232.782773748161,0.656175955651265,0.0646917439531535,-23.5035676529451,157.575544504173,5.29778431390259e-07,3.46134914162657,0.51605056040122,0.623879839664939,144.02164606232,0,10,1,0.5025,67.8514,0.0978,4.9889,0.4611,2,1.63539170583027,Inverse Transform.D,346940
449169,449169,13.1334519638384,18,0.403903752686581,82.1021532388644,197.263904706136,0.490177164523562,0.244773564022034,-21.5725274235861,177.263904706136,5.68666664189678e-07,3.48831204453183,0.512767813313039,0.648690682160743,150.890289295391,0,10,1,0.5268,31.6616,0.2333,5.0802,0.4489,2,1.53512964934319,Inverse Transform.D,418086
467917,467917,13.8087271233753,15,0.358233398750597,57.5351976772458,222.456738086961,0.488761609010586,0.163569339737296,-22.1647092789986,202.456738086961,5.81463486639678e-07,3.41681426466086,0.491021777496415,0.844162871292743,142.066995653559,0,10,1,0.6718,29.8194,0.7266,6.2992,0.3632,4,0.974827317410146,Inverse Transform.D,435578
234442,234442,14.565458614611,16,0.155233791293945,48.5046747406336,192.006318955106,0.77492962392667,0.127575524104759,-20.9149906224737,172.006318955106,5.48797503933958e-07,3.48250637793521,0.482500164541465,0.833150958973582,117.511703968255,0,10,1,0.5872,117.5883,0.1699,8.4961,0.3325,2,0.822141678683159,Inverse Transform.D,218153
368486,368486,12.9233250316304,18,0.283646840661688,68.9214312367298,201.686092629097,0.77794185125388,0.184691383130848,-20.3111810390729,181.977465232241,5.53658149522614e-07,3.50317424696292,0.522690881502987,0.731235816671294,125.221489797985,0,10,1,0.6202,80.3416,0.1355,5.7966,0.3937,2,1.14898791500923,Inverse Transform.D,343040
194706,194706,13.8817958830359,11,0.339759951552718,76.4657426691301,207.050510956476,0.676587376507348,0.0641453312244266,-24.0803396136796,176.944225222868,5.20471261168314e-07,3.51313202953044,0.514356861504201,0.73675484274695,136.208530197534,0,10,1,0.6012,61.4078,0.1823,5.4485,0.4111,2,1.25992479270431,Inverse Transform.D,181229
381570,381570,13.5626239768612,15,0.170057805620971,56.8975908073315,291.753188242681,0.85956629475387,0.0815982416737825,-17.6762378874141,271.753188242681,5.42719186322486e-07,3.42000172041621,0.49197828218758,0.830834415161706,147.841196062987,0,10,1,0.5944,318.1992,0.0617,8.0296,0.3407,2,0.860906947177586,Inverse Transform.D,355215
66743,66743,13.2093733115126,13,0.187443005417585,76.423077957612,344.386254856752,0.490513842827613,0.0973111234605312,-23.9168829450619,176.193542894514,5.37636847213794e-07,3.47593913397206,0.529317037608859,0.817340568039225,151.662131894399,0,10,1,0.6446,710.4009,0.0252,7.4565,0.3394,1,0.854667205244427,Inverse Transform.D,62105
143589,143589,12.9856888960105,11,0.721562831733539,64.8117199732664,220.220455146168,0.432127079260856,0.230277455830947,-19.9508513202993,182.587607591967,5.54248505866141e-07,3.51686565804129,0.493142577955871,0.6717054621576,134.920430398454,0,10,1,0.6454,12.9245,0.6332,3.9952,0.4559,2,1.59191016378389,Inverse Transform.D,133711
236984,236984,14.3595704635956,18,0.309881792334522,61.7125161978062,211.942368901565,0.907260862140674,0.110911352653056,-18.4899643718596,191.942368901565,5.8839800914938e-07,3.51700709567366,0.447347241196688,0.744130408214974,134.927529638837,0,10,1,0.6634,85.2485,0.1365,5.4329,0.3933,2,1.14654218278702,Inverse Transform.D,220530
100291,100291,14.0370203578057,15,0.257630149813033,57.8525660977164,224.649972487771,0.601393380881994,0.24966544136405,-20.9538841731064,163.351597859866,5.24320045982253e-07,3.45030792361051,0.519436271089546,0.759621720849178,116.510673569029,0,10,1,0.6188,87.9072,0.1438,6.3546,0.377,2,1.05062613078948,Inverse Transform.D,93324
448521,448521,13.7907476327242,18,0.172841369518866,69.6137613866109,275.546775238611,0.59006094498763,0.0814077748917043,-15.8243425203689,196.71038438078,5.23933495413505e-07,3.53834489213632,0.49605775753145,0.853010578656561,102.622071299577,0,10,1,0.6746,474.3131,0.0489,8.2347,0.3123,2,0.732390033658898,Inverse Transform.D,417482
435115,435115,14.6731932424396,19,0.18017304902724,68.3919195002754,195.590225721184,0.673050445062317,0.0922954299021512,-20.7247207059184,175.590225721184,5.48386989242679e-07,3.49370553751803,0.475461902649433,0.849686732332313,166.545297117278,0,10,1,0.6282,101.6166,0.2225,8.3044,0.3241,2,0.783854784717438,Inverse Transform.D,405043
369183,369183,14.1372546138395,15,0.679627608492748,66.3422079485984,246.622233699074,0.794754875089712,0.116752176918089,-17.5194268255404,221.624419241352,5.43768821245204e-07,3.4138246366548,0.491912946199214,0.6514021430547,170.290325847236,0,10,1,0.6789,21.857,0.342,3.5953,0.4661,2,1.67828584296132,Inverse Transform.D,343685
127503,127503,14.4091383019269,10,0.855713848095492,48.5011149794049,250.807657544963,0.661068192608614,0.128504048893228,-21.6326240363179,230.807657544963,5.34365812806907e-07,3.54382755363582,0.480497162470973,0.671713399611643,141.731396663976,0,10,1,0.6534,17.6007,0.465,3.7321,0.4663,2,1.68002422464008,Inverse Transform.D,118720
114867,114867,14.3078051685346,16,0.34329125298997,70.4019493282925,258.218680339295,0.678245596818592,0.0756749937310815,-21.2296310086338,238.218680339295,5.44681863024729e-07,3.526036073584,0.537476964307567,0.772969869492645,157.775207794711,0,10,1,0.5873,125.0426,0.1089,5.9663,0.3985,2,1.17869438301263,Inverse Transform.D,106905
19732,19732,14.071208948599,14,0.259603890729885,56.02404757961,250.462931238796,0.593484590768563,0.189257437642664,-24.6654233669602,203.549974673955,5.30780537092925e-07,3.54662871296249,0.518135521224376,0.80507037680892,135.266093371519,0,10,1,0.6246,198.0785,0.0834,6.6731,0.3661,2,0.990364823883057,Inverse Transform.D,18350
428721,428721,13.580334826569,15,0.50004026001766,67.403440288143,201.233825942036,0.565927751542309,0.163919552741572,-24.9782024585442,157.002854405683,5.3864947292902e-07,3.4465727915412,0.504264623440745,0.658646321720251,163.780822012337,0,10,1,0.6132,20.1124,0.3837,4.32,0.4508,2,1.55034691940061,Inverse Transform.D,399098
392670,392670,14.7499178345239,15,0.149650678565051,54.3543080875696,215.104886636843,0.490101423590112,0.21496713059023,-21.8258090483733,144.248731588461,5.20529029741991e-07,3.55861251641654,0.514313816829907,0.866486351500756,145.135933436823,0,10,1,0.6252,259.439,0.1001,8.8774,0.3125,2,0.733240494956917,Inverse Transform.D,365540
75576,75576,14.453140581092,19,0.204964556775828,77.0641413582574,198.20759111084,0.634301028570201,0.112599890772253,-28.0099402836162,109.538411342777,5.43025729525973e-07,3.47883699802709,0.503824605058188,0.720021522297361,136.459543030955,0,10,1,0.6342,105.7713,0.0973,6.6828,0.363,1,0.973763245834762,Inverse Transform.D,70316
463546,463546,15.0463456561076,21,0.300757306736202,63.9337259840685,302.148182708664,0.470899483955338,0.230362983839586,-16.6023043338091,282.148182708664,5.35576564303738e-07,3.42196360762974,0.532756259551622,0.811498656703981,112.487467565012,0,10,1,0.5759,118.4473,0.1454,6.937,0.374,2,1.03374131860134,Inverse Transform.D,431507
368601,368601,14.10420482323,18,0.385163441074257,57.4591241796558,250.152918258122,0.469913090237346,0.228049943502992,-21.7589505559198,184.679564484731,5.1423960986808e-07,3.55855183410011,0.521826586551523,0.734631173117577,129.167706833798,0,10,1,0.5908,95.2326,0.1163,5.5328,0.4115,2,1.26258331458143,Inverse Transform.D,343146
134562,134562,13.5154875099036,17,0.275562439496739,64.5967140069469,237.317586381987,0.497022654203661,0.167477256339043,-20.8547599506543,217.317586381987,5.09217973868799e-07,3.55837629538678,0.504923362434293,0.845657468982457,147.995538189375,0,10,1,0.6193,118.8833,0.1844,7.2163,0.353,4,0.921761851633027,Inverse Transform.D,125315
77472,77472,13.9921422888811,19,0.43609843827674,62.7219131202873,291.766558436857,0.373504566896847,0.1201539917849,-24.6105731566503,202.404874661041,5.23728304088774e-07,3.5090318442569,0.528491317998405,0.748116206223742,142.217212473461,0,10,1,0.5719,83.9967,0.1414,5.5696,0.4164,2,1.29556263980986,Inverse Transform.D,72081
318539,318539,13.9304759702955,20,0.186848008019341,66.528771660832,254.260804786899,0.634374938786476,0.237904527783394,-24.275723612479,189.625333823584,5.54899649929474e-07,3.4740927822931,0.504126414355404,0.809481401351467,144.965819812526,0,10,1,0.6297,246.3086,0.069,7.8305,0.3346,2,0.83193619692321,Inverse Transform.D,296476
447642,447642,13.2513434315969,15,0.210346574321404,74.8463312318885,256.046308236525,0.686257827988738,0.200688892835751,-22.5746559132887,236.046308236525,5.20903187079683e-07,3.483048603405,0.500899822431674,0.792335918550563,132.326436243122,0,10,1,0.5806,206.2687,0.074,7.2751,0.3636,2,0.97695834324446,Inverse Transform.D,416655
65124,65124,14.2977000630264,10,0.572137838368948,84.7947924886091,267.46092952013,0.411465746783969,0.127524007065222,-21.2850265988674,247.46092952013,5.53458076758251e-07,3.46923543431348,0.491054100471164,0.774273235779543,128.433197949611,0,10,1,0.5885,20.8343,0.6586,5.4282,0.4158,4,1.29148300483059,Inverse Transform.D,60591
40380,40380,13.6444444530864,21,0.45260364651011,47.3151937926579,312.14488906208,0.459522314979803,0.167892633425072,-15.326006028353,214.562990752331,6.00804847858258e-07,3.50640064934951,0.494695716906332,0.773078485620878,142.192082014148,0,10,1,0.676,122.139,0.1116,5.1374,0.4002,2,1.18937587775846,Inverse Transform.D,37523
70571,70571,14.7166403247323,14,0.32680766506861,41.6437201042458,209.02132656357,0.222519213404067,0.17614855132997,-21.3226930264035,189.02132656357,5.3509885743644e-07,3.44096991278665,0.492621123288334,0.932907019295012,132.167962677989,0,10,1,0.5732,13.8915,4.0038,9.0765,0.3246,6,0.786094531585238,Inverse Transform.D,65668
117396,117396,13.6874246686863,13,0.314833550726947,70.1115901166902,198.235637185064,0.580271472025128,0.109487125137821,-19.0714480549846,137.919670208059,5.48693281908965e-07,3.44057130042422,0.519450780777044,0.690403657754227,148.619590447577,0,10,1,0.5948,46.0924,0.1935,5.3799,0.4155,2,1.28944754854965,Inverse Transform.D,109267
426757,426757,13.7628139831245,14,0.290962299305765,60.6524438914072,195.901599720343,0.527558609870415,0.128845267416909,-17.0010098206019,175.901599720343,5.53219515485812e-07,3.51336244699084,0.535521537882987,0.84622279746963,166.717706277111,0,10,1,0.6678,54.2998,0.4054,6.7156,0.3524,2,0.918715297241059,Inverse Transform.D,397266
426062,426062,14.1761985801159,18,0.335583903199616,66.7469494381351,246.899026604541,0.722783122036113,0.128056295309216,-19.7667339826964,188.522628947164,5.41301527750848e-07,3.43369191889558,0.482783597602189,0.725461222079913,120.163601838725,0,10,1,0.6594,79.7867,0.1325,5.1853,0.4031,2,1.20779442549983,Inverse Transform.D,396623
184596,184596,14.5285923926325,20,0.279708375855833,70.0526898851357,216.371277763366,0.781774688409981,0.0536616418976337,-25.5983866610538,169.12514152478,5.20500956586633e-07,3.41760755376648,0.508142215873854,0.70413412290857,135.703814260432,0,10,1,0.5947,65.0589,0.1463,5.6346,0.4069,2,1.23231152335189,Inverse Transform.D,171832
426755,426755,14.0768200177688,13,0.139980775416099,54.1037840765832,238.62329905914,0.67134791814435,0.118334142165259,-22.4261874133922,170.56880024365,5.41357734456222e-07,3.55076592821886,0.475576130681773,0.818061231783514,172.090873979238,0,10,1,0.5605,417.6792,0.0431,8.209,0.3476,2,0.894634435429183,Inverse Transform.D,397264
28397,28397,13.8204294914259,12,0.412525953182918,54.0158994267854,231.804111116059,0.858502099327735,0.0870962926652283,-22.6561123231608,225.52394123739,5.50687818309744e-07,3.5037488437749,0.479397330727713,0.697641779847884,118.97051419731,0,10,1,0.5594,58.8569,0.1568,5.0856,0.4375,2,1.44675744706557,Inverse Transform.D,26408
78459,78459,13.7616314124389,13,0.258489561740482,81.1508563108355,277.060691226806,0.549539476525586,0.149923270056024,-9.43669513246752,257.060691226806,5.62590146285709e-07,3.52924015491242,0.477070677654118,0.833292329075619,167.06492850963,0,10,1,0.6625,238.7061,0.0838,6.8166,0.3511,2,0.912142386065781,Inverse Transform.D,72991
432510,432510,14.0734107086399,13,0.300086769626728,52.9558729327159,227.493534801905,0.820781031048751,0.0668076470028609,-15.0639172388491,187.300639950594,5.48761363928826e-07,3.43008645479329,0.496707319551639,0.753291514197467,146.521153249093,0,10,1,0.6575,73.5909,0.166,5.5634,0.3905,2,1.12954855228342,Inverse Transform.D,402624
406473,406473,14.3439176467883,17,0.276374859649044,63.9073514546582,231.239415370891,0.772324117260693,0.237875861674547,-23.7229059643562,209.083063674321,5.42353407622826e-07,3.43361626955019,0.523729470332688,0.721036930256352,122.359518210299,0,10,1,0.5883,89.5457,0.1155,5.927,0.3994,2,1.18433872820675,Inverse Transform.D,378449
481578,481578,14.0654264502583,11,0.413131119098979,61.2007870733603,193.750409204948,0.419019238841733,0.0993484821170568,-21.5464720115737,153.102138600057,5.35773356807731e-07,3.44962505009868,0.511592523726912,0.803705258428042,158.016613789586,0,10,1,0.6509,17.6347,0.9287,5.6785,0.3885,2,1.11754443779215,Inverse Transform.D,448339
21205,21205,13.6657465606768,16,0.29964908793269,49.8272004463649,201.169138421769,0.754344336996411,0.201442636735737,-13.0804313877595,181.169138421769,5.68191087614247e-07,3.45404860584276,0.524551359665625,0.754365720113332,123.077569940961,0,10,1,0.6538,56.36,0.218,5.7176,0.3864,2,1.10505892629248,Inverse Transform.D,19716
496576,496576,13.981263041528,17,0.42668626751313,77.6012389330438,206.608538113927,0.466746870562989,0.15904912953265,-17.807067408951,186.608538113927,5.75036737642272e-07,3.48280999943862,0.53075716871123,0.767903358421614,142.127012607889,0,10,1,0.6396,27.7366,0.4771,5.4123,0.4008,2,1.19316612330181,Inverse Transform.D,462325
206266,206266,12.5792391204513,14,0.262878393276485,53.3351234984958,230.264884709253,0.688874892477192,0.160079819336534,-16.4446250888457,210.264884709253,5.51598193795547e-07,3.49937722638084,0.509565864280274,0.809492202075407,143.441300888231,0,10,1,0.6448,118.0422,0.144,6.5368,0.364,2,0.979093219581203,Inverse Transform.D,191992
29625,29625,13.639699645194,19,0.405477300392355,73.6749828647594,241.321247523448,0.677156594026878,0.211035584425554,-14.9181703379076,206.523347392903,5.45440582059925e-07,3.40995618555339,0.514981869619215,0.675810330765656,157.364054307339,0,10,1,0.6145,49.2145,0.1694,4.7142,0.4341,2,1.42134103213089,Inverse Transform.D,27541
28314,28314,13.868785133339,13,0.466000462502988,52.697141154586,315.790950235536,0.392077765363794,0.0668020520824939,-20.3103150942854,143.651077688633,5.22524622828956e-07,3.4444026284067,0.52808599523352,0.692784752758511,197.259620952135,0,10,1,0.6434,87.4255,0.1032,4.7228,0.4252,2,1.35675924359527,Inverse Transform.D,26329
342169,342169,13.8191504838928,16,0.292746787043234,55.6522862756442,274.755839981437,0.804642415450047,0.122858230350539,-23.5303647571344,254.755839981437,5.37975394030372e-07,3.52901654940601,0.485285628511581,0.806269423687632,121.149253526993,0,10,1,0.6761,211.8974,0.0786,6.0847,0.3685,2,1.00337845521104,Inverse Transform.D,318552
91179,91179,14.4327872309408,16,0.295780495214124,51.3763875678922,195.283349975944,0.717627717414423,0.195837242435664,-18.1912032648762,148.704796411417,5.66021044021503e-07,3.46834801133759,0.508998759841852,0.728631878155545,136.979283232153,0,10,1,0.6389,56.3858,0.1905,5.6105,0.3943,2,1.15266504095849,Inverse Transform.D,84861
62307,62307,13.4988287116726,16,0.15710257752303,59.9661283519029,208.519282316035,0.603165024532885,0.211880244221538,-18.6295744435444,200.753244254387,5.71855516025711e-07,3.41585709091798,0.503138542701517,0.88312216722684,128.687419836968,0,10,1,0.651,107.9037,0.2801,8.8762,0.305,2,0.701847021876814,Inverse Transform.D,57971
484682,484682,13.3722438672783,11,0.284291073196763,66.1463673645512,377.159206420184,0.662518978602203,0.0946380163077265,-23.5525323323302,223.9814038261,5.34647423906832e-07,3.48152592406242,0.509226380763202,0.708365405185478,133.200796528903,0,10,1,0.5946,614.6504,0.0158,5.5786,0.4088,2,1.24473546523997,Inverse Transform.D,451233
52280,52280,12.7163449532829,14,0.360153741608332,51.0143605259797,227.314443449893,0.645465282289907,0.231290706060827,-18.1316763495702,207.314443449893,5.50779021089132e-07,3.48834386062708,0.512064907215028,0.748288743893092,169.138211787207,0,10,1,0.6261,64.498,0.1844,5.4713,0.4028,2,1.20587743367354,Inverse Transform.D,48608
129397,129397,14.3126796005379,11,0.342661328156484,53.9325332587632,192.072150796497,0.474583953681816,0.172205905942246,-15.7905123152452,144.262355585511,5.41461032138409e-07,3.43214865252769,0.526185615301364,0.741465988622946,128.311350720658,0,10,1,0.5764,26.8335,0.4275,5.7823,0.4079,2,1.23883656810195,Inverse Transform.D,120481
357367,357367,13.1249922475386,13,0.22037624943945,50.7556917440798,263.693695141041,0.512688704257,0.210049534682184,-19.2403863454068,243.693695141041,5.52446979085788e-07,3.47611967172571,0.509229764129176,0.848667011774454,133.189287864095,0,10,1,0.5707,180.3553,0.1244,7.787,0.3541,2,0.927368479605673,Inverse Transform.D,332705
22424,22424,13.6181645385315,10,0.33203922565409,71.2517733580176,193.577731619677,0.801142035299162,0.225965808425099,-16.4312369751575,175.21759531645,5.58061745270662e-07,3.48521867098462,0.52832798197347,0.688376299851159,167.167498938856,0,10,1,0.6299,57.4215,0.1539,4.9534,0.4202,2,1.32167290398042,Inverse Transform.D,20865
313896,313896,14.3011805231959,12,0.498369048508798,38.1559486231816,280.888015551673,0.543137498807652,0.0977438412606716,-17.551313368178,206.156562194238,5.33928270840845e-07,3.46087169522659,0.501804649539419,0.75336986947778,121.999823730225,0,10,1,0.6747,56.4944,0.2163,4.7712,0.4144,2,1.28200898681734,Inverse Transform.D,292142
293996,293996,14.1845889931651,10,0.67900840801668,64.9277910390507,219.996526581328,0.522546892742173,0.221230556396768,-29.4130316762302,191.11783744279,5.53238551548601e-07,3.44021976754767,0.505787574671349,0.665351848013531,153.829147057299,0,10,1,0.6369,12.2148,0.6511,3.9974,0.4583,2,1.61183795147887,Inverse Transform.D,273576
166073,166073,13.6536704909724,12,0.364061312631717,69.7137906904001,271.344119482655,0.596972000664953,0.174059533374384,-17.2483242818629,251.344119482655,5.38935554120852e-07,3.55119670464446,0.525614279111139,0.782934705749803,137.564593856486,0,10,1,0.6376,151.5297,0.0952,5.7112,0.3913,2,1.13438139159538,Inverse Transform.D,154620
206304,206304,14.1707225975145,12,0.490409034787496,50.8808825321616,238.80764736576,0.652652525347834,0.0831855528056622,-16.8914571994932,168.716974583634,5.32969029628462e-07,3.53802011536588,0.503354563804508,0.642544772898706,173.182437539841,0,10,1,0.5965,69.5144,0.1034,4.242,0.4594,2,1.62105179362511,Inverse Transform.D,192029
124933,124933,13.1258855151685,15,0.181825020436222,78.1533161104855,237.001668185607,0.786422788840311,0.159496991010383,-20.6287433932549,209.627769921151,5.56010943163585e-07,3.49563292560217,0.503889170301432,0.802470740047946,144.657770814494,0,10,1,0.616,238.4346,0.0682,7.5022,0.3468,2,0.89067080616061,Inverse Transform.D,116331
446051,446051,13.4884576123254,12,0.398545150600569,59.8700451828558,199.726320868261,0.621705541807874,0.171505578421056,-13.9314421685348,197.898536548709,5.04296689685912e-07,3.51721477364262,0.506859341235404,0.733858609136556,118.073070961949,0,10,1,0.6019,34.3653,0.321,5.3253,0.4152,2,1.2874149929229,Inverse Transform.D,415188
322593,322593,13.931136183845,13,0.527178150015008,41.8685664695797,198.91334725311,0.336188126826703,0.240972470864654,-14.4891737349349,146.69829735905,5.39411976717524e-07,3.46167525456692,0.471534657791996,0.773215960554655,162.627674985107,0,10,1,0.6506,8.909,1.5308,5.2292,0.404,2,1.21356161431819,Inverse Transform.D,300248
334398,334398,13.1590076604824,19,0.34857562164794,42.314047336818,248.07596002814,0.448792897523922,0.215535250399262,-26.3874689647644,167.615064512304,5.59293538788988e-07,3.54402530965815,0.496488696678387,0.74505404299195,151.381241644239,0,10,1,0.5647,100.8903,0.1159,5.9833,0.4053,2,1.22193514001946,Inverse Transform.D,311266
492971,492971,14.6764806628189,17,0.248591112832023,67.6673203502171,233.125063545259,0.60334282536854,0.229680343298242,-21.4117558833465,213.125063545259,5.66379179401802e-07,3.50031931440132,0.464315998567222,0.780163582654266,128.660330542556,0,10,1,0.5802,121.3125,0.117,6.8847,0.374,2,1.03374131860134,Inverse Transform.D,458954
476752,476752,13.69537130609,18,0.373366893895083,70.0595836100565,227.051808797263,0.55803434658165,0.0632443686015904,-20.5423427145855,207.051808797263,5.82382283191574e-07,3.44147177590059,0.487806852886656,0.779480940051403,143.670080669435,0,10,1,0.5629,35.0849,0.403,6.1012,0.4023,4,1.20268843270345,Inverse Transform.D,443827
298774,298774,12.7818982946416,16,0.233318817667218,41.8186270379321,214.912107559573,0.375067445303105,0.229699274897575,-19.208594409113,129.000080471297,5.72016311892072e-07,3.50565122867179,0.513114895886849,0.851092649441821,147.682450007587,0,10,1,0.6396,97.6952,0.234,7.7579,0.3335,2,0.826794440880665,Inverse Transform.D,278053
247112,247112,13.7407002044877,16,0.376315854891848,50.5420389881013,239.995320506216,0.458311117572013,0.0907649746630341,-19.0068629206932,219.995320506216,5.6234306392557e-07,3.43487220338587,0.495404985009325,0.836537632315502,148.857051995872,0,10,1,0.5728,29.5584,0.6925,6.7797,0.3793,4,1.06372876250928,Inverse Transform.D,229952
112283,112283,13.3104924489639,12,0.514292036942125,59.0643596914956,278.729872872124,0.597375689789104,0.226936108991504,-14.2181498533904,233.323929395325,5.16348647086721e-07,3.43885217109683,0.528844176417999,0.703179329241292,156.798958208753,0,10,1,0.6568,52.0499,0.1821,4.4505,0.4324,2,1.40878945384555,Inverse Transform.D,104490
17187,17187,13.5737435480746,18,0.428173408647472,58.9538920696383,229.981140640605,0.702847268248558,0.155812320346013,-21.05653734881,209.981140640605,5.40433597079348e-07,3.42278852413027,0.519662105444477,0.694103825430877,155.546525290123,0,10,1,0.5854,36.1661,0.251,4.8892,0.4364,2,1.43848841281845,Inverse Transform.D,15977
155372,155372,13.6085120665662,18,0.340948349351207,56.2864799375577,196.080307750963,0.746743294125848,0.0717585341073573,-22.4620140792117,154.182278372315,5.42970689885059e-07,3.54560191997967,0.456402877728268,0.734219866278283,142.760293741035,0,10,1,0.6677,61.2727,0.1803,5.1329,0.4027,2,1.20523903539733,Inverse Transform.D,144690
320085,320085,13.8971546534207,10,0.333115143855647,74.6269418615408,223.711881979363,0.723788743131708,0.0722165698651224,-17.24875675212,171.571597867258,5.82249359493494e-07,3.41762671079061,0.505573205948291,0.69218456721142,133.683458224527,0,10,1,0.6097,64.2096,0.1401,5.0209,0.4238,2,1.34685013789908,Inverse Transform.D,297917
476999,476999,13.8853062736038,14,0.157136763989698,70.9317912335487,190.392614156068,0.860870796765411,0.180388061376289,-17.0810062938076,170.392614156068,5.17729644357438e-07,3.53190138914373,0.527031680963798,0.792137650968621,146.10872717424,0,10,1,0.606,165.4921,0.0921,7.681,0.3454,2,0.883768305588741,Inverse Transform.D,444061
427071,427071,14.3721787116335,10,0.462311497017575,56.0240628021835,235.714778377839,0.575083288910481,0.153537412360311,-17.8697029037576,173.3923870832,5.60498284338183e-07,3.49329979398656,0.479232381655233,0.682000925075869,165.08739190895,0,10,1,0.6014,50.0299,0.1715,4.6561,0.4405,2,1.46953629704675,Inverse Transform.D,397553
80039,80039,14.0628359280824,15,0.153964201785631,53.81001764507,193.858882377521,0.800416989351899,0.0749029944650829,-23.6906299178373,174.620004235232,5.59636641948492e-07,3.49092146030686,0.520874155297829,0.836769241549982,155.209351836386,0,10,1,0.5792,141.3368,0.1451,8.4312,0.3364,2,0.840403936225967,Inverse Transform.D,74479
449889,449889,13.4455492171078,18,0.420112300103179,45.8239870183571,254.25625884112,0.906710677827105,0.14151328667067,-30.185494446815,234.25625884112,6.00922377912655e-07,3.42301736043868,0.498938730323534,0.719480002374484,153.581481126831,0,10,1,0.6625,66.0178,0.1554,4.6622,0.4221,2,1.33490679234274,Inverse Transform.D,418765
22246,22246,13.4238320590339,12,0.251267601163187,60.5805964290744,203.037756872363,0.733408028448351,0.200869130576029,-13.7354037555034,147.44708223838,5.32840822904417e-07,3.46586296181391,0.491287315575596,0.700145471034266,115.761211447683,0,10,1,0.5735,77.1565,0.1211,5.8904,0.4054,2,1.22258137856569,Inverse Transform.D,20697
484009,484009,13.8211139100311,20,0.172651195087204,90.4934851191268,217.619969976969,0.570482274078966,0.178907986124978,-22.9392941510671,168.256404705049,5.58209959365143e-07,3.4471833249343,0.540772315269708,0.829309852489425,139.111126407257,0,10,1,0.6728,149.3029,0.1302,8.1802,0.3141,2,0.740070823598327,Inverse Transform.D,450601
179642,179642,13.900397323109,20,0.246195451692599,52.5326133189458,217.305034261744,0.580624148009115,0.159765323251486,-18.3922924651291,205.53907786734,5.20494318099148e-07,3.55568661911957,0.483228835028127,0.818296446267807,127.352086430112,0,10,1,0.5722,109.1986,0.165,7.4381,0.3622,2,0.969516544319003,Inverse Transform.D,167217
303750,303750,14.1959235826138,13,0.588344751786368,51.599099816104,288.861046075708,0.756315222929262,0.183315690606833,-15.8051691287098,268.861046075708,5.14761200172921e-07,3.55929259359354,0.47649935299914,0.674274020424759,116.080510349226,0,10,1,0.6507,91.0809,0.0909,4.0322,0.4526,2,1.56489609303896,Inverse Transform.D,282712
452118,452118,14.0251521041445,17,0.214027578596967,56.3923895402202,268.56111448844,0.538749276163291,0.120393908489496,-23.0260410520002,199.93205073007,5.6798571597539e-07,3.4791062126643,0.518155645547978,0.8218678168058,125.714337983772,0,10,1,0.5962,241.4404,0.0764,7.6238,0.3499,2,0.906108853466942,Inverse Transform.D,420837
136821,136821,14.2756631096122,14,0.471313871441663,84.6620978796223,234.61788799445,0.64773680666781,0.232923101214692,-18.7379666909883,214.61788799445,5.31705658816355e-07,3.45598971777606,0.485608009450614,0.634421505143677,121.489006984039,0,10,1,0.5829,40.6243,0.1709,4.3578,0.4587,2,1.61518256710224,Inverse Transform.D,127421
163711,163711,13.2119854670575,13,0.165732164477369,60.1805417133446,274.953399965281,0.769234146835352,0.219665109738708,-19.2637777565279,254.953399965281,5.35670949281945e-07,3.46872450613929,0.508304686971272,0.813335713220612,121.073266401146,0,10,1,0.5768,367.7583,0.0474,7.7425,0.3532,2,0.922779187460357,Inverse Transform.D,152442
68910,68910,14.4061849196315,11,0.212683550588747,51.2340687328224,294.436518024687,0.814572706740583,0.203378348005936,-23.3097156369875,200.146332833775,5.12717257170631e-07,3.52493690008852,0.4714100762031,0.727638116624352,132.213850326211,0,10,1,0.5663,457.7934,0.0233,6.2666,0.3962,2,1.16437717702833,Inverse Transform.D,64115
378010,378010,14.57158467424,13,0.437855016894198,43.7088059489655,257.948518375158,0.671047504591368,0.059734696475789,-22.0266738192325,209.961938936351,5.39321254535348e-07,3.54385124743333,0.513203272360626,0.709665421599227,133.068322000056,0,10,1,0.5872,98.1154,0.0997,4.9526,0.4334,2,1.41616019366496,Inverse Transform.D,351882
184971,184971,13.8541687063231,13,0.350348593939748,68.5722283312615,216.336001551524,0.634084122380235,0.218828727211803,-16.8749342131833,201.334188119364,5.68808693027282e-07,3.42362169909362,0.484197721912573,0.709737562793142,117.38660928218,0,10,1,0.5787,40.8086,0.2397,5.4406,0.4185,2,1.30993348790459,Inverse Transform.D,172188
285637,285637,14.3304463867216,13,0.372740976969485,55.3610602545872,274.409917000012,0.420313429030085,0.0778227708302438,-22.5767699120914,139.46211637628,4.99993202575161e-07,3.47585255233497,0.532765877934382,0.726162663130929,136.441493300041,0,10,1,0.6346,97.2642,0.1091,5.3483,0.4045,2,1.21677615107451,Inverse Transform.D,265792
204508,204508,13.9007929179512,14,0.62406820178133,51.9266350909486,202.8171353998,0.932676425755212,0.0868692500516772,-20.2442447592083,136.058724252008,5.41092519743889e-07,3.52384810700879,0.486182524767872,0.534553892292168,122.025558287892,0,10,1,0.6634,39.1698,0.1173,2.9685,0.5063,1,2.06634155271317,Inverse Transform.D,190360
61022,61022,13.7485903396969,9,0.88409373411205,60.2975947225498,232.378433855121,0.802503127545428,0.227012367313728,-24.0767299466386,227.793810262281,5.34669737306987e-07,3.53967457985497,0.506376188632151,0.573641785428544,121.01332066344,0,10,1,0.6364,23.3562,0.2304,3.0951,0.5062,2,2.06527098389488,Inverse Transform.D,56768
316021,316021,14.0791250663578,13,0.310169644110582,52.2681712654694,194.289635239498,0.733464371010907,0.205846481770277,-10.1310171920755,180.715579656419,5.58886692652754e-07,3.41844400380002,0.480681779616829,0.696196781993079,136.086273055027,0,10,1,0.5675,35.8841,0.2554,5.5592,0.4181,2,1.30718508500403,Inverse Transform.D,294129
490602,490602,14.7095060510496,11,0.346619617549667,49.806601285622,239.168128233304,0.465407787901964,0.215797501895577,-19.8229190842747,219.168128233304,5.62925106555574e-07,3.45703522763194,0.499171624161256,0.801136761491593,131.129680811451,0,10,1,0.5706,50.0385,0.322,6.3923,0.391,4,1.13256697818538,Inverse Transform.D,456732
317964,317964,13.3757585761793,16,0.289450957320362,52.1781665937829,253.667900202462,0.588054634078561,0.0725135983899236,-17.6226421968083,192.629746851847,5.92316906078333e-07,3.4654576971285,0.525861070379589,0.798277510024233,167.839589557643,0,10,1,0.6492,130.1268,0.1216,6.2306,0.3717,2,1.02095172346035,Inverse Transform.D,295937
426983,426983,13.7194482199995,17,0.280751005368729,63.8764793296341,230.991638325664,0.628474170586591,0.0621933774091303,-19.8110784852635,210.991638325664,5.8423693632365e-07,3.42553149755848,0.503561835662067,0.827265771854214,124.702571453173,0,10,1,0.6105,64.9426,0.295,6.8499,0.3654,2,0.98659572993205,Inverse Transform.D,397474
124211,124211,13.110270156691,13,0.512957564868888,51.1133869468798,236.437149442634,0.533202910607789,0.125515176123008,-20.8802451536117,202.263588558763,4.93186708174221e-07,3.52089296782493,0.490137173684244,0.752945664324961,146.58240297632,0,10,1,0.6216,30.0643,0.4055,5.0363,0.4196,2,1.31751869581021,Inverse Transform.D,115658
127200,127200,13.3512472102299,15,0.377403859322532,65.241911886245,224.668043370027,0.839102795751275,0.177035851031542,-22.3692540115234,204.668043370026,5.00196074366627e-07,3.52018866672449,0.472974378373759,0.671906122522514,164.775094725606,0,10,1,0.5929,71.1241,0.1152,4.8369,0.436,2,1.43549246051552,Inverse Transform.D,118437
135213,135213,14.1262280820352,10,0.655873954640145,45.6237214047355,224.160880812804,0.639619369011405,0.23225394198671,-14.4367290415129,142.705186314559,5.47802744705066e-07,3.48759855208096,0.494885898721064,0.593543127644681,131.673675527039,0,10,1,0.659,28.1762,0.2073,3.4246,0.4808,2,1.81089294732054,Inverse Transform.D,125920
283325,283325,13.9759226764431,12,0.491116600101067,86.019532593877,203.296429847833,0.482276114449474,0.0947654620278627,-19.4068397205628,125.800886288648,5.49414126028444e-07,3.41791603391574,0.469206394246364,0.554232248333888,133.183384532658,0,10,1,0.5766,22.6115,0.2199,3.7907,0.4868,1,1.8679646469678,Inverse Transform.D,263611
485170,485170,14.0527621981599,17,0.192185062318424,42.7737203330983,255.401638071123,0.819366638137961,0.148664658749476,-22.7408511971061,235.401638071123,5.48148288067361e-07,3.40826636780517,0.487175810614988,0.79915508966801,131.330838269073,0,10,1,0.5715,159.5036,0.0998,7.6832,0.3563,2,0.938664919014519,Inverse Transform.D,451691
91699,91699,13.555685215229,14,0.211139502291125,66.1455495606779,259.412659335862,0.590117039757875,0.153008901607245,-13.6267865943225,242.407750073896,5.74318650510527e-07,3.43790544732087,0.514833617069139,0.857950382532534,187.52768634008,0,10,1,0.639,169.6089,0.1424,7.6533,0.3362,2,0.839459753197116,Inverse Transform.D,85345
465374,465374,13.380779122123,18,0.445962061130302,66.0225263143108,199.619100580458,0.930396891782656,0.178689054353163,-22.7443165961002,143.999395444557,5.20315773120633e-07,3.53460551027883,0.516602605301957,0.560624516908185,138.651631506051,0,10,1,0.5969,59.8432,0.0853,3.7338,0.4831,1,1.83256099787201,Inverse Transform.D,433204
61376,61376,13.4794040275074,17,0.199586595109794,54.4903598156967,274.835219989683,0.767706934282583,0.212546684592962,-15.504466317898,172.529210769091,5.59623920445907e-07,3.48470427718558,0.457545591527626,0.74948647013556,120.607465493267,0,10,1,0.6064,319.0692,0.0375,6.9774,0.3632,1,0.974827317410146,Inverse Transform.D,57108
409679,409679,14.3324988451637,14,0.519099574704736,46.4874542719198,196.520608708324,0.468424091140368,0.191519799083471,-17.018113138606,176.520608708324,5.84237121631375e-07,3.45900841028163,0.517261186400805,0.73149969741987,144.097269534918,0,10,1,0.5854,12.23,0.8911,5.1068,0.4282,2,1.37821903700306,Inverse Transform.D,381407
333565,333565,14.0126289342943,9,0.442875417006248,54.173381064972,243.229962769428,0.900516465613071,0.166751583758742,-17.5995740850405,230.634705535927,5.34527324319244e-07,3.53268262659942,0.503833535226399,0.680404569730823,134.755965773139,0,10,1,0.6277,92.815,0.0918,4.4513,0.4409,2,1.47259880063797,Inverse Transform.D,310495
448525,448525,13.3582617428806,16,0.574158194589888,46.2116826670576,238.046921417585,0.440215663612436,0.0643524948507547,-24.447453183754,212.36974784702,5.42010498253612e-07,3.45510018544693,0.501105023535648,0.802073140907597,155.081180837957,0,10,1,0.5634,10.0313,1.6159,5.7915,0.4119,4,1.26524687396586,Inverse Transform.D,417485
406707,406707,14.2786460996165,15,0.410960101678056,74.714270123924,195.257953011994,0.857201524585065,0.188567217066884,-24.0755405459456,175.257953011994,5.20741694379348e-07,3.54319155917399,0.547312075658624,0.631227880666603,142.518918405417,0,10,1,0.6084,57.8139,0.1184,4.3342,0.4517,2,1.55760526194029,Inverse Transform.D,378662
337187,337187,13.6625073405347,19,0.655414368500808,54.3141475967305,235.390380682167,0.537400798968553,0.0819628709927201,-18.9474577928281,215.390380682167,5.51030973915984e-07,3.41575232242398,0.5079404596326,0.776129388874713,145.714660055212,0,10,1,0.6627,9.0735,1.5283,4.7384,0.419,4,1.31337637369744,Inverse Transform.D,313868
143779,143779,13.9144835716034,14,0.545779867503205,53.9254295797841,228.988798283395,0.6858635640065,0.080647243745625,-20.456744407283,157.660068464989,5.3409816732838e-07,3.45992052145005,0.492482130764968,0.823758860383291,146.572056523419,0,10,1,1.0942,35.9703,0.5198,3.7876,0.3671,2,0.995769989485407,Inverse Transform.D,133896
107103,107103,13.6147276694188,15,0.286354782626658,67.0973883107499,206.842054024874,0.743081189206618,0.179687165236101,-15.9731744200883,126.182991245269,5.42898286374512e-07,3.46328226941595,0.527388298093294,0.716696338466864,147.0207669646,0,10,1,0.7292,79.6881,0.127,5.2616,0.3816,1,1.07697011384955,Inverse Transform.D,99687
60632,60632,13.649919318564,25,0.362158244582484,36.2511748673572,194.32044619039,0.707873445746827,0.13586185160093,-19.7869634988452,174.32044619039,5.59372871897221e-07,3.43651936896945,0.506719622378186,0.823029992053278,136.014549665594,0,10,1,0.749,27.8171,0.6688,5.4961,0.3684,2,1.00283339135858,Inverse Transform.D,56400
322624,322624,13.7148359137402,12,0.397396731984839,68.3317131955237,224.216141236534,0.627052951275055,0.0898424135986716,-19.0992630738495,183.991278607632,5.49386463179754e-07,3.49909592087413,0.476204257595894,0.896757290207239,97.4500036431317,0,10,1,1.0443,54.0828,0.6424,5.1035,0.3201,2,0.766111873913287,Inverse Transform.D,300277
127448,127448,14.1401555399775,15,0.142395101849754,60.490096403376,218.350610812536,0.716599967066275,0.119329340569675,-20.0333636479654,204.339723525663,5.37159710406345e-07,3.44273876488469,0.510338862543107,0.96120846744501,133.896105635691,0,10,1,1.0006,164.9431,0.6009,8.9377,0.2233,2,0.417683090203326,Inverse Transform.D,118669
242642,242642,14.5594705718275,13,0.216023906718567,76.1437713706676,204.975189247634,0.5418674631977,0.154585073748603,-21.3761855733029,127.225061955281,5.18530420692471e-07,3.42243236258059,0.51457392675966,0.778758365763216,130.718075012314,0,10,1,0.6822,74.5116,0.189,6.5911,0.3519,1,0.91618273588874,Inverse Transform.D,225798
272555,272555,13.606724806002,19,0.342849549910831,48.7817773248564,281.836042181637,0.55712141726247,0.102221697289497,-14.9005873579993,221.938424170752,5.60109596768204e-07,3.4230278896498,0.484470255070494,0.851620519585142,168.783267237797,0,10,1,0.7636,87.5555,0.2622,5.9185,0.3509,2,0.91113455192514,Inverse Transform.D,253589
127798,127798,14.3400361899933,16,0.484395762032183,49.1761767302429,269.688082596229,0.927094561846611,0.201333302212879,-25.4193033899428,155.797720006694,5.4540943582929e-07,3.51502024005602,0.516767508084889,0.800572704718316,126.488875683773,0,10,1,1.2801,144.8917,0.1108,3.5505,0.3499,1,0.906108853466942,Inverse Transform.D,119001
484574,484574,13.7274241265985,12,0.598494334695555,58.8592001737049,220.063860321095,0.479005852041771,0.207082629948854,-20.2508068707903,200.063860321095,5.51768595148674e-07,3.42598492613322,0.482707683225645,0.779712232124619,152.461624248378,0,10,1,0.7302,10.7034,1.3228,4.6176,0.4057,2,1.22452191831194,Inverse Transform.D,451133
337497,337497,13.7768836227811,18,0.192904703340219,82.4313283161333,196.455571044563,0.861877909222735,0.206351328641176,-23.5555136729187,129.95721013268,5.16035976635374e-07,3.51230387981789,0.478312071931238,0.911420089177398,168.465268538336,0,10,1,1.4155,127.9271,0.3217,6.6547,0.2136,1,0.389982297069754,Inverse Transform.D,314167
365272,365272,13.6307271373253,12,0.194774416644273,49.6392012242969,190.959923734714,0.787361263135573,0.187327581178397,-17.4523013980588,174.855312434707,5.66890293466826e-07,3.46874201270387,0.524785356726003,0.96475045507886,136.400062211011,0,10,1,1.3311,94.0834,1.1636,6.9918,0.2159,2,0.396449440967757,Inverse Transform.D,340053
480670,480670,14.8642959864431,10,0.371435101509101,70.0820120167323,228.185708247659,0.633845602648858,0.112518696300685,-22.0402835255759,190.476690968059,5.51980218763677e-07,3.40830451446117,0.49432880836363,0.933051785922398,113.15971199667,0,10,1,1.197,41.6743,1.3377,5.2604,0.2889,2,0.63778760779085,Inverse Transform.D,447490
111926,111926,13.3218739943467,13,0.165207746818097,62.1373936991527,204.641669020057,0.389469123825712,0.238603911036626,-23.9918427983405,137.820742116872,5.83493546343564e-07,3.51881435927412,0.523067906183562,0.932724321606845,155.948965310439,0,10,1,0.8501,165.8661,0.3343,8.461,0.264,2,0.546996532541142,Inverse Transform.D,104160
284788,284788,13.5062876438068,16,0.269453199667169,64.0976767314365,214.43239336915,0.790849513900044,0.142211242532358,-19.468632587436,130.792450923708,5.62557435987983e-07,3.49727072542859,0.482734721927681,0.72854751390618,162.489274090861,0,10,1,0.744,113.0627,0.095,5.4337,0.3718,1,1.02150501430647,Inverse Transform.D,264989
170431,170431,13.9089675063174,10,0.289917909563278,76.7956034724838,248.964570304324,0.796642301007394,0.212258282257244,-13.3670998513455,109.564718809984,5.55258684139402e-07,3.54144963880372,0.502431772228126,0.791707945745416,151.791722816193,0,10,1,0.9916,241.8284,0.0629,4.9079,0.3371,1,0.84371514746565,Inverse Transform.D,158677
114837,114837,13.8713855273923,14,0.285665857931356,75.3235061998851,267.710004474086,0.719971396636046,0.0977102775126696,-27.690321481963,141.202603898443,4.79841849136268e-07,3.55743567698782,0.497313192318839,0.821644094026682,122.32109871107,0,10,1,1.0535,274.8712,0.067,5.2538,0.313,1,0.735369879557343,Inverse Transform.D,106877
288998,288998,13.4226057508546,12,0.492792263105553,52.896322905332,245.099933294425,0.774217999812101,0.134832922741771,-27.5757028335181,181.641393072492,5.65400909864366e-07,3.40829155749398,0.431385468937139,0.777232095774027,138.139574840088,0,10,1,0.915,38.0659,0.3666,4.0377,0.3886,2,1.11814201092211,Inverse Transform.D,268903
109336,109336,14.70404461569,11,0.29039306309567,73.4164171311535,234.243794212257,0.603837253839856,0.074588459962979,-19.0365823235934,214.243794212257,5.554192988179e-07,3.42320087224595,0.5007379331214,0.956906128017368,127.593155904937,0,10,1,1.0841,62.5959,1.419,6.4857,0.2683,2,0.561997710794107,Inverse Transform.D,101762
218880,218880,13.8817482755109,15,0.477154117676823,45.3834509946141,211.69361668422,0.743968052975397,0.102205050364137,-24.6383536937377,186.419653267133,5.41872050638882e-07,3.53945842357822,0.502557140719253,0.928243041786803,140.965478781553,0,10,1,1.2233,41.0682,1.2599,4.6543,0.3077,2,0.71303149148307,Inverse Transform.D,203700
97953,97953,13.5808402559106,10,0.377358162693084,44.4905138693615,195.989624457434,0.834627329607201,0.181081590102986,-28.8617959240299,160.96327265274,5.31800960767995e-07,3.44773228418764,0.489183211526183,0.747138714112065,112.955734119696,0,10,1,0.7383,34.9599,0.3381,4.747,0.3985,2,1.17869438301263,Inverse Transform.D,91160
411214,411214,13.9349202301773,15,0.330384807595002,60.9514183565763,218.0402037799,0.758665187982805,0.0954359470866621,-24.7283318255506,154.081700635705,5.76525902971769e-07,3.54029032686478,0.527470516002117,0.805246182343869,154.637486240974,0,10,1,0.9025,120.6577,0.1371,4.9967,0.3513,2,0.913151120577267,Inverse Transform.D,382828
402919,402919,13.6636859783058,15,0.40238071478821,67.8001367611638,201.464386868756,0.728995122970187,0.130203234683722,-14.8660933041859,162.172102487241,5.58961740867663e-07,3.51714227323862,0.46639681961023,0.90292452147295,138.30528241349,0,10,1,1.3221,48.2246,0.7715,4.5854,0.296,2,0.665492071779647,Inverse Transform.D,375099
383611,383611,13.3616394800798,14,0.24427935208905,53.3631948041673,238.845586657608,0.854980558585181,0.137759034987539,-18.5125527005244,182.776462239976,5.29451077952521e-07,3.48254935526633,0.499469510525538,0.872071211130968,153.216065372866,0,10,1,0.9703,156.8008,0.1739,6.0746,0.3013,2,0.686730341861083,Inverse Transform.D,357114
492793,492793,13.7104438787364,28,0.293485191768268,56.636722795337,218.415550462593,0.874866628546398,0.0992589542642236,-22.9539461005113,201.267368877695,5.00317214887445e-07,3.55462252319046,0.48151313444275,0.907526394121266,128.111079653477,0,10,1,1.0246,106.0502,0.3702,5.8512,0.2981,2,0.673849377773431,Inverse Transform.D,458786
270034,270034,13.8754478566542,12,0.463915915938883,74.3280823802111,264.289659914025,0.715396793553347,0.0942751600872725,-11.7235710865257,225.029148465135,5.19081792817747e-07,3.53615922997038,0.535581651122943,0.800611700199237,130.862617991514,0,10,1,0.8736,106.5315,0.1508,4.4821,0.3777,2,1.05459930875455,Inverse Transform.D,251255
499793,499793,13.0662141301732,13,0.295923594833543,58.612648707159,224.041343191623,0.508850812749563,0.193406603392214,-23.0546759619689,192.928161843319,5.78810988821472e-07,3.54371869208295,0.474309945577889,0.977130312590014,132.934055710551,0,10,1,1.3823,93.8338,1.8213,6.5785,0.2202,2,0.408707992248071,Inverse Transform.D,465342
105380,105380,14.3776058359849,18,0.320969744307403,69.3314133354746,275.390155739366,0.767055909263562,0.0782757351640612,-19.2312884012869,255.390155739366,5.62944012662578e-07,3.4532128627081,0.51734827469247,0.907702177658394,135.149389684074,0,10,1,0.9597,128.9855,0.305,5.8908,0.3091,2,0.718882453300119,Inverse Transform.D,98088
462302,462302,14.3185830415512,10,0.40048674061676,59.811114550231,219.73023747828,0.647731322818825,0.20192898157984,-25.3920790323071,192.395602707825,5.43056138637874e-07,3.55186184283222,0.48935786708175,0.772072407765087,137.690699340252,0,10,1,0.7062,67.869,0.1996,5.0594,0.3949,2,1.15635243440103,Inverse Transform.D,430357
452317,452317,13.9626168499612,15,0.427017358863719,58.4063650945917,227.820604253898,0.651309820666647,0.0889186868444085,-18.5348228542621,207.820604253898,5.35816571124026e-07,3.48618669924964,0.494175820766616,0.903945350471272,142.592267220571,0,10,1,0.9742,39.7051,0.9481,5.2813,0.3267,2,0.795555166824138,Inverse Transform.D,421021
68934,68934,13.8432307336512,15,0.720595478976305,56.2218863668717,202.762861133087,0.443879756904784,0.213046748097986,-19.2980701921996,153.891724007738,5.55882187050551e-07,3.49955445114226,0.461877517852602,0.89352284036002,129.345900279125,0,10,1,1.2869,9.3803,3.5784,3.8203,0.3352,2,0.834751312585339,Inverse Transform.D,64138
306352,306352,14.1388145810216,17,0.242814697628029,44.5887594229515,227.073619822895,0.744716795261127,0.248224307689816,-20.2242649834639,173.261673393912,5.57382705438104e-07,3.44384821411681,0.5617239265897,0.840235363455391,145.343250336718,0,10,1,0.8208,118.0073,0.1783,6.3903,0.3231,2,0.779389953463278,Inverse Transform.D,285138
162178,162178,14.3100389192521,13,0.730556416004798,61.8187559161318,218.361305729925,0.506862614027114,0.241905875643715,-21.5497513880551,198.361305729925,5.54748824272394e-07,3.51251816360801,0.515814673767979,0.719329819809888,146.656173909842,0,10,1,0.7387,13.8035,0.7427,3.8897,0.4356,2,1.43250233600182,Inverse Transform.D,151016
149747,149747,13.575039701595,11,0.654946245848097,71.7545631187021,236.17897063665,0.485759680120396,0.0961277697235346,-18.3029496857213,115.792087793077,5.51762215679907e-07,3.53978788741521,0.449565010171227,0.634958694482142,188.468758056846,0,10,1,0.8674,42.5185,0.1636,3.1682,0.444,1,1.49653790203174,Inverse Transform.D,139461
130459,130459,13.3199483602885,16,0.199374785658031,62.0097255169753,247.997913565998,0.755170382422549,0.195583344483748,-15.2712721608811,217.823530083637,5.73951572390105e-07,3.44382926452452,0.519391915897441,0.892084965313125,130.148246711588,0,10,1,0.874,192.9527,0.1714,7.3024,0.2864,2,0.62823125008698,Inverse Transform.D,121476
346222,346222,14.2288525339219,9,0.295283196921079,47.892275947142,202.484984982293,0.60331090757907,0.0515944060403854,-20.9007029844721,154.458790241033,5.59755310529873e-07,3.5403291871932,0.516867454639663,0.871932514625626,162.601570422866,0,10,1,0.8352,87.7541,0.3103,5.6825,0.3418,2,0.866214851094933,Inverse Transform.D,322341
111814,111814,13.7423196398724,11,0.231879381447147,60.5608595109591,199.529000879265,0.662756663948886,0.152590425685048,-18.9950085674722,142.694605629233,5.29667783220946e-07,3.44107110105628,0.478907649199623,0.924160656649716,143.71416481022,0,10,1,1.1825,66.2873,0.7353,6.1881,0.2608,2,0.536008522156321,Inverse Transform.D,104054
108827,108827,12.5466454753038,12,0.899899625819061,49.2799270786419,233.028717069682,0.493010205515309,0.169151981268078,-19.0205364062105,176.21267906707,5.53351024427386e-07,3.52617307772714,0.543393427440621,0.926900827153907,124.177652594592,0,10,1,1.4998,12.8746,3.9395,3.4695,0.3246,2,0.786094531585238,Inverse Transform.D,101291
9596,9596,13.7433550865542,8,0.660883432679443,89.2125919391193,207.546788030049,0.325913738503536,0.246578545123339,-22.2124662453148,113.916254213309,5.5829402931911e-07,3.42834043144147,0.534787951919265,0.584813239059157,125.579458851578,0,10,1,0.7398,15.1342,0.3723,3.2751,0.4675,1,1.69049154876197,Inverse Transform.D,8930
121484,121484,14.9042024321869,13,0.23648501949358,56.2761602767633,272.361951758033,0.681300467066842,0.207663427246735,-20.5745282695094,173.554889516497,5.04151974109501e-07,3.55017940154154,0.516068314516886,0.909784166658094,152.610360310926,0,10,1,1.1165,349.5613,0.1154,6.3278,0.2674,2,0.558835302137602,Inverse Transform.D,113092
242156,242156,13.2633577718918,8,0.377164860004256,54.6076273473934,268.609704845888,0.948120324581692,0.129066525911912,-25.2385844993365,200.147315560924,5.57878392518163e-07,3.40357226890591,0.484024827510127,0.720482525577795,158.344320372585,0,10,1,0.7573,98.922,0.1042,4.3522,0.41,2,1.25263973657993,Inverse Transform.D,225339
205395,205395,13.1107409494907,21,0.340097080325895,75.441726773083,285.449721427822,0.622951232047215,0.239168319152668,-20.225785541595,237.332238373849,5.3145411916565e-07,3.52652328565396,0.459388406366585,0.822859943446129,142.102505149874,0,10,1,0.8111,175.406,0.1059,5.4764,0.3542,2,0.927879542868568,Inverse Transform.D,191185
256885,256885,13.8620590757926,16,0.337961729072123,44.1847674843928,282.871405225849,0.779298678492154,0.242954257130623,-18.7647385792876,262.871405225849,5.32525575094448e-07,3.52014870549364,0.537674958225255,0.835265457523675,167.039569769608,0,10,1,0.8371,207.2253,0.0979,5.415,0.3504,2,0.908618899443595,Inverse Transform.D,239050
309635,309635,13.1838613217066,15,0.196126139966221,84.3176763719032,239.065836564369,0.429512884699744,0.0503064514603466,-25.0159429712706,147.972769978224,5.3477700440966e-07,3.46267778770279,0.485425746128379,0.900120879706684,151.932185531122,0,10,1,0.9083,156.5836,0.2302,7.5553,0.2728,2,0.577991900478327,Inverse Transform.D,288167
205560,205560,13.99955441832,14,0.464769864824171,61.7445168915734,290.004590880275,0.593901278437121,0.136670468887314,-17.9111889287647,165.011271569602,5.34409557081646e-07,3.45527209038774,0.482227687760561,0.900430615691148,141.8607349158,0,10,1,1.4797,93.6262,0.3864,4.1779,0.2924,2,0.651339396138741,Inverse Transform.D,191339
392273,392273,13.8794757815627,16,0.299620957962727,69.0221325260364,244.286739641564,0.449011173037809,0.10520579488948,-18.9459007596067,224.286739641564,5.31778232423989e-07,3.41886346044299,0.477991511678317,0.986392700768675,130.785028426163,0,10,1,1.2724,44.677,6.4901,7.3944,0.2138,4,0.390542196662216,Inverse Transform.D,365167
412586,412586,14.5107997385533,13,0.746302380989184,42.6504187655741,239.023618262657,0.814549379793982,0.223064991086721,-23.2577219946729,219.023618262657,5.62838496365938e-07,3.50022263696016,0.515398054432969,0.695366648792088,152.677045376205,0,10,1,0.8063,30.1394,0.3029,3.3698,0.4461,2,1.51296313834169,Inverse Transform.D,384110
338672,338672,14.1185712792044,15,0.336188459717892,58.2519944878253,193.626096039112,0.781098456791716,0.0797831600066274,-10.8616180480685,162.777315421152,5.18213084094619e-07,3.47382345578158,0.528828156764648,0.763644163711385,143.595179804234,0,10,1,0.7371,45.1224,0.2864,5.1838,0.3823,2,1.08102789515644,Inverse Transform.D,315275
50428,50428,14.4609233631913,11,0.353752951928141,53.4670083379963,219.962438590911,0.545908648105587,0.230699388310313,-25.3156685351879,156.092556668772,5.48375164024933e-07,3.48006932383258,0.483326027237036,0.854529696349798,118.748704555773,0,10,1,0.9089,55.2542,0.4253,5.3824,0.3361,2,0.838987974030358,Inverse Transform.D,46886
132020,132020,14.0005661918802,15,0.275369302633556,53.2473263164197,225.778668670195,0.689944253554349,0.0753044362645596,-15.082310392493,137.327887304458,5.68099283550538e-07,3.41600854877123,0.535993586425968,0.923119163865491,129.146682623018,0,10,1,1.4118,87.2275,0.5506,5.6346,0.2452,1,0.484514058384438,Inverse Transform.D,122935
233715,233715,13.9436502530575,13,0.51909377223581,74.6811379554082,198.018269864842,0.66785468395964,0.141775444103405,-15.2215346834643,173.626365604369,5.77274095522559e-07,3.51783938439258,0.490191870581979,0.918412836018676,150.86763724487,0,10,1,1.4601,29.5914,1.5216,4.131,0.297,2,0.669462336769241,Inverse Transform.D,217472
469829,469829,13.9783134316268,20,0.206068994998827,55.7691327857202,208.52479019205,0.779444169520265,0.157681781006977,-19.0774789320089,188.52479019205,5.23872495303859e-07,3.55755686161721,0.449695087560999,0.901983184161223,115.189403990438,0,10,1,0.8958,144.2501,0.2552,7.3584,0.2804,2,0.605707859713551,Inverse Transform.D,437354
426314,426314,14.3256021638553,9,0.296189512870166,57.4924436227309,246.19358502295,0.587431561569704,0.197522843396291,-16.6715026728213,139.008438632532,5.56139626310732e-07,3.47117231183925,0.474836610194517,0.87788136155255,132.365556775498,0,10,1,1.071,118.3553,0.243,5.3396,0.3069,1,0.709703958169205,Inverse Transform.D,396849
262740,262740,13.4402070379884,14,0.528679064242957,62.1914792708645,221.142834385883,0.693389590925359,0.204814996337518,-18.1752263847346,165.710591916543,5.67466650953544e-07,3.4773550577349,0.46121933150824,0.795648155620784,174.8091105761,0,10,1,1.0456,35.8252,0.4347,3.847,0.3727,2,1.02649597156305,Inverse Transform.D,244488
361914,361914,13.8672302680182,12,0.426357782323151,77.5315458702136,231.354209298534,0.682450015113222,0.188757048174739,-18.2920423541702,211.354209298534,5.799836751338e-07,3.52378760117794,0.499550973328161,0.731355321682072,167.822661507419,0,10,1,0.6918,72.4819,0.1502,4.7388,0.411,2,1.2592609479706,Inverse Transform.D,336940
270753,270753,14.1726340388345,13,0.434041484051196,47.4075753987771,201.752907451631,0.758340582477486,0.0775866777636111,-24.562255217431,140.285695631789,5.16119403350606e-07,3.43253028823671,0.538389574851451,0.822145859657098,141.873054204975,0,10,1,1.0394,32.3281,0.572,4.2315,0.356,2,0.937117929658522,Inverse Transform.D,251923
336177,336177,13.284483762604,13,0.30562665359004,58.3427829888472,207.147452834102,0.56803627291844,0.219424515916035,-27.4732579374103,187.147452834102,4.95293110518987e-07,3.57023547210095,0.460803688410958,0.961974473198676,124.418285899036,0,10,1,1.2831,70.1442,1.4426,6.2264,0.2444,2,0.481963288613886,Inverse Transform.D,312927
308951,308951,14.1899166734195,12,0.338875087005774,36.5012907700352,250.141528702168,0.947804342897332,0.181881981156766,-14.3880598870138,161.266145474278,5.2472369774758e-07,3.49661762906459,0.454824995553595,0.723091925132508,136.527913860243,0,10,1,0.7852,129.5447,0.0806,4.6664,0.3902,1,1.12774084744459,Inverse Transform.D,287533
443532,443532,14.2688623787235,17,0.50645394374938,72.9680098728797,263.577441122763,0.402479871594854,0.224351078504697,-20.6633619259968,177.791080786439,4.98715532887103e-07,3.53766524867804,0.536518296911172,0.797249765656394,98.660660688763,0,10,1,0.8354,60.6927,0.2592,4.6384,0.3797,2,1.0660215918121,Inverse Transform.D,412857
86484,86484,14.4989007184955,13,0.538885265835647,50.6487894198438,203.124293261205,0.595618145504485,0.171742093656212,-25.4013170094255,196.084859877714,5.85305749710803e-07,3.51273593603597,0.491986682814027,0.921568158422716,122.59358466704,0,10,1,1.11,19.3627,2.4273,4.7987,0.3202,2,0.766551681919936,Inverse Transform.D,80484
317203,317203,14.1053321338108,17,0.316381899023046,47.0964141888216,231.049198656363,0.616502781868695,0.0781241445336491,-13.4036835296939,120.148253003215,5.2675912963604e-07,3.54000340869787,0.489768090263427,0.85675238023564,146.081872802268,0,10,1,1.0906,121.5419,0.1968,5.2866,0.3054,1,0.703495759193145,Inverse Transform.D,295226
151803,151803,13.6490843162279,12,0.307094284381058,67.1474170803905,200.396243443759,0.529361105520659,0.222087540663779,-25.1809898140142,174.690890811015,5.37149069210362e-07,3.53907494772091,0.484808600371543,0.813644758560772,139.50927695804,0,10,1,0.6875,61.1999,0.2854,6.0978,0.365,2,0.984447311090096,Inverse Transform.D,141363
13141,13141,13.6811555227077,14,0.237718939924825,51.9477861651805,192.426147560542,0.738803589292508,0.105861251056194,-21.2576334834633,172.426147560541,5.43283560100764e-07,3.42961962325443,0.563302844062174,0.900087959913092,154.00717280255,0,10,1,0.8658,57.0221,0.632,6.7943,0.3016,2,0.687947055416118,Inverse Transform.D,12213
117113,117113,14.0804330451996,18,0.328009916312907,50.3300590136213,266.695503020242,0.445356722844377,0.118257219018415,-23.4995997714391,211.130569101223,5.59570807017113e-07,3.47916512269551,0.501740742245604,0.924928045077628,144.156896926016,0,10,1,0.8582,89.2554,0.5521,6.6818,0.3064,2,0.707630086093722,Inverse Transform.D,109008
37549,37549,12.9341693271153,20,0.328981256339085,106.135102117836,235.235646410764,0.526473007308203,0.131448770361021,-28.6092772648839,215.235646410764,5.52523746198706e-07,3.47276270374197,0.560890485312021,0.86422276052443,139.309158631774,0,10,1,0.8067,74.8258,0.3403,6.0394,0.3369,2,0.842768042891498,Inverse Transform.D,34897
190797,190797,13.1951634038073,15,0.214428801890476,58.8432947650097,192.90551444297,0.559591345376924,0.183715171646327,-19.3363190874794,140.629479764178,5.47497240750281e-07,3.49775690561691,0.502791804017488,0.84526044993163,148.926799447191,0,10,1,0.7295,85.1367,0.2566,7.1669,0.3237,2,0.78206650979395,Inverse Transform.D,177612
389439,389439,13.6744187498509,15,0.390691988371662,61.2272627209903,194.326243547651,0.766599042229126,0.1148438106291,-19.934115766232,183.191126143884,5.52952442847014e-07,3.47882580820701,0.45759843787343,0.903096988173264,188.327397052365,0,10,1,1.0773,30.0149,1.242,5.0902,0.3148,2,0.743074046112138,Inverse Transform.D,362522
247264,247264,13.2496132582338,18,0.591010090455043,54.3911429718868,241.408270041374,0.534606498550489,0.153042752528563,-16.5505220210009,220.756502494732,5.28321040391084e-07,3.47099388347446,0.507082940410063,0.809256531155843,156.814887265236,0,10,1,0.7708,19.556,0.8678,4.6536,0.3942,2,1.15205147455616,Inverse Transform.D,230088
403775,403775,13.6529794107621,10,0.531180263064654,76.9148519239599,267.126050839499,0.675745752706862,0.183848514175043,-27.9576529531169,247.126050839499,5.41291026152296e-07,3.4648317854755,0.513412048760301,0.91998579827853,185.294249107628,0,10,1,1.2731,52.7139,0.8725,4.3912,0.3112,2,0.727725659436284,Inverse Transform.D,375905
343569,343569,12.5235811607345,11,0.42158004093132,55.4617335132177,204.044700943723,0.78717057257645,0.115760946879163,-19.9396847982126,196.429716831968,5.52739427257958e-07,3.43073839932352,0.490039166144599,0.843374064774473,143.128796006301,0,10,1,0.8665,25.8367,0.8336,4.9599,0.3603,2,0.959491771577902,Inverse Transform.D,319865
318838,318838,14.5109818848391,16,0.295785971784253,58.73932888971,229.487786331895,0.755037484846722,0.0605322232935578,-17.8966055209155,161.49684259009,5.23333129160534e-07,3.54232641522515,0.517854751332663,0.76369861572815,142.749155511207,0,10,1,0.7404,148.8773,0.0868,5.4167,0.3733,2,1.02983464920927,Inverse Transform.D,296761
164918,164918,13.9065355823083,14,0.44690967650252,70.5181183694033,216.50944398605,0.825156646048623,0.207416490791366,-23.0652839403362,159.249405857961,5.57601852314411e-07,3.54508921240601,0.504084605080422,0.788083361899903,162.003723309982,0,10,1,1.0965,79.7791,0.1865,3.9263,0.36,2,0.957916736889222,Inverse Transform.D,153548
415284,415284,13.504129559651,16,0.578376957962768,49.4395395998448,223.374456982639,0.841031111108347,0.0950674153864384,-20.438850150336,213.568857052418,5.64424764730012e-07,3.52792990845391,0.487465797487374,0.797144738900398,141.413684391821,0,10,1,0.8461,34.4206,0.4567,4.1622,0.3976,2,1.17307370708271,Inverse Transform.D,386605
366905,366905,13.9369345942956,18,0.36413380121908,47.4179622694361,214.084398554327,0.803289334164817,0.141936390986666,-15.101536555772,194.084398554327,5.50089836511294e-07,3.48393681832266,0.503721560371048,0.907404277078651,125.118866292959,0,10,1,1.1329,56.2429,0.697,5.1302,0.3039,2,0.697327646652937,Inverse Transform.D,341563
76678,76678,13.4359146466889,11,0.195851234876382,64.1221026932479,195.040905600779,0.535478746520861,0.123427422717214,-24.2265483995865,178.673975462884,5.32685916176661e-07,3.49485327900694,0.513310995802844,0.957066296981498,128.090712339032,0,10,1,0.9223,85.6733,1.0408,7.6446,0.2678,2,0.5602393295887,Inverse Transform.D,71336
473936,473936,13.5948234595623,16,0.240630275750493,73.0454439681875,197.949309875257,0.742671775152212,0.138208420248702,-23.1931972948321,128.504097240279,5.1672246069586e-07,3.5601599001052,0.491085168932933,0.723842164824788,152.929290462666,0,10,1,0.684,126.4921,0.0829,5.905,0.3719,1,1.022058556777,Inverse Transform.D,441179
139056,139056,13.8075324922197,14,0.684834793651736,58.1513144036843,248.453732196818,0.540414778555249,0.168601431837305,-26.1374509183309,126.068576067173,5.21097431327535e-07,3.47645956488755,0.498218577001469,0.623721722817067,134.497975436698,0,10,1,0.8006,33.9629,0.1952,3.1714,0.4588,1,1.61601976833189,Inverse Transform.D,129491
7901,7901,13.6593299900083,15,0.147914102636803,54.143846045659,255.358413549839,0.679944483768849,0.166576243471354,-20.4805310007616,235.358413549839,5.318030793754e-07,3.47625457923545,0.489924456997898,0.949945424401479,98.439887686303,0,10,1,0.9134,303.726,0.2499,8.8633,0.2419,2,0.474047112192933,Inverse Transform.D,7340
205741,205741,13.3720604827656,16,0.291937597184493,56.3214674700426,263.188886048895,0.758149589955304,0.16955634476617,-17.9341383274929,243.188886048895,5.84790974835065e-07,3.42937718582261,0.499292296586012,0.966221010359341,142.720139299089,0,10,1,1.4334,119.2684,0.9593,6.0161,0.2301,2,0.437782386790318,Inverse Transform.D,191504
464700,464700,13.8118154508808,17,0.236185105103542,50.7925920743435,190.692862328909,0.553768628406798,0.152945106476545,-17.9350610719458,170.692862328909,5.42147293620861e-07,3.51036734073049,0.513260216842992,0.872509405447261,124.138387084347,0,10,1,0.6879,65.2932,0.4193,7.5048,0.326,2,0.792391952449638,Inverse Transform.D,432587
497119,497119,12.9154586013047,12,0.201882784297654,60.3308209080036,205.098782557948,0.581482063347093,0.246581593342125,-17.11060823659,185.098782557948,5.43846622822676e-07,3.43431278294139,0.507945350937345,0.957681118749276,132.477517116867,0,10,1,1.1539,79.761,1.1349,7.2729,0.2352,2,0.453236471535282,Inverse Transform.D,462838
453594,453594,13.5587132290426,10,0.534456009657517,57.8541987794386,196.392463067147,0.790196983725479,0.0846889964770526,-22.1993392407898,158.439605268234,5.69889751646645e-07,3.51734933897483,0.495031150732553,0.787033762860308,117.443269260147,0,10,1,0.9318,32.2211,0.4588,3.9335,0.3901,2,1.12713883672965,Inverse Transform.D,422217
40273,40273,13.757891393514,22,0.324090208536125,52.653413110806,244.312580844039,0.396324526416989,0.128786028828472,-20.3289684546037,150.226540494014,5.27768215634829e-07,3.47465213469033,0.499323695775413,0.865271141231011,139.120033538425,0,10,1,0.8124,71.3755,0.3599,6.1754,0.3314,2,0.817047227897245,Inverse Transform.D,37426
446966,446966,13.1849684425917,17,0.292374292627893,70.6235219874803,204.656444222201,0.658329336824777,0.14872414576821,-15.8050811935735,145.697112043233,5.30775667448653e-07,3.46550240056923,0.483270626147601,0.79787758036479,149.890802372334,0,10,1,0.8341,60.7038,0.2601,5.5333,0.347,2,0.891660390918492,Inverse Transform.D,416034
245310,245310,14.2821178147263,15,0.469337405423131,45.7318531406109,197.034440736119,0.656651382919603,0.248303387640044,-23.6592549225033,177.034440736119,5.41627669240529e-07,3.45898491429721,0.472082350547367,0.932352234346372,119.822096424826,0,10,1,1.3569,20.4048,2.7018,4.5834,0.2912,2,0.646670174065855,Inverse Transform.D,228266
413267,413267,13.5965383940779,15,0.380584647684466,44.4236821042979,222.920608484692,0.506983449903629,0.0762843404896557,-21.761273351808,202.920608484692,5.14761085290817e-07,3.55185890255456,0.508783213531207,0.96901492193285,154.689712790678,0,10,1,1.0525,43.2937,2.8894,6.5778,0.2712,4,0.572270090996239,Inverse Transform.D,384743
74420,74420,14.4676915106081,12,0.195296137951471,78.7460294108518,215.143064846275,0.584482136481788,0.0815442540682852,-17.2436779392327,195.143064846275,5.73961770277804e-07,3.50608461705521,0.512935404316445,0.952362922679668,124.219759272279,0,10,1,0.9677,146.4694,0.546,7.6209,0.2594,2,0.531247758688844,Inverse Transform.D,69228
347365,347365,14.3693133835368,18,0.26217596591488,55.3300029273912,317.367101522383,0.784706047484769,0.0834826370235533,-18.3044837862566,165.717393815379,5.55095804732556e-07,3.40638617322098,0.483954300605325,0.783361667496901,134.764573115658,0,10,1,0.8605,262.8926,0.055,5.6231,0.3382,1,0.848939201509516,Inverse Transform.D,323400
112557,112557,14.3286704234574,14,0.458282066230924,70.2369009985533,243.255518404481,0.869403920065437,0.24555912562646,-26.6361806024322,223.255518404481,5.37280392102433e-07,3.42113031261882,0.487635411201631,0.702958465880766,133.248399412647,0,10,1,0.7624,49.6101,0.1908,4.1069,0.4196,2,1.31751869581021,Inverse Transform.D,104745
311884,311884,14.2938559179456,16,0.497146718208258,55.5209550398491,274.719347608496,0.639205021151488,0.0652356743812561,-27.785773496049,179.48448188326,5.35556114599321e-07,3.53638165748487,0.517957745762302,0.684364325201048,162.323559837559,0,10,1,0.6881,117.6473,0.0737,4.1039,0.4389,2,1.45734603729406,Inverse Transform.D,290279
130400,130400,14.6615863818645,14,0.279475398907083,51.8210771201757,228.16115356516,0.760416531721294,0.248132155882195,-19.3344329219862,189.185598690462,5.4434557772871e-07,3.49299457327313,0.491045120232966,0.888116489247873,140.991339630503,0,10,1,1.0338,110.9892,0.2861,5.8262,0.2972,2,0.670258438661148,Inverse Transform.D,121420
344131,344131,13.2858774284584,10,1.05694715923044,58.0870054264158,213.565456262983,0.735854700617557,0.0998899992089719,-28.3235718973157,143.154502412677,5.68476841306161e-07,3.43507364590691,0.454076505100322,0.6573089659148,152.177930292232,0,10,1,1.0973,10.8832,0.705,2.3532,0.4556,2,1.58943594463112,Inverse Transform.D,320392
131618,131618,13.7822281402815,14,0.467303672192713,54.1124084983442,210.256517917223,0.872121870454156,0.212824686989188,-20.1050606169886,155.06379291442,5.71049743509655e-07,3.54576645974096,0.509694710668012,0.784794307524615,170.454635901785,0,10,1,1.0753,69.6671,0.2094,3.8525,0.3672,2,0.996311852787644,Inverse Transform.D,122554
10773,10773,13.6845750000958,13,0.320909530601066,63.224764009888,239.943612563906,0.541346133889537,0.156601276248693,-23.3350137524636,173.154428344946,5.61632326909253e-07,3.40615343422085,0.486961854015155,0.934890137094076,150.547232703035,0,10,1,1.2064,59.1091,0.9717,5.7568,0.2706,2,0.57013440117745,Inverse Transform.D,10024
423115,423115,12.5395317672045,14,0.298119904982174,67.6358356411975,209.420289987099,0.861291439414981,0.120484359329566,-11.321976639044,189.420289987098,4.93047041637692e-07,3.4570947803932,0.456161046138381,0.94183726480273,155.25971906139,0,10,1,1.4725,55.218,1.173,5.4529,0.2435,2,0.479103893156951,Inverse Transform.D,393864
216772,216772,14.5577861429793,14,0.680684076218825,50.8247138900236,234.58142817348,0.722803586236528,0.202902315417305,-28.0462562239937,214.58142817348,5.52615652394382e-07,3.49065814536351,0.481648933653403,0.747338048878568,120.108886941497,0,10,1,0.8292,24.5126,0.4827,3.7254,0.4221,2,1.33490679234274,Inverse Transform.D,201745
177059,177059,13.9482667447642,18,0.37297145593968,61.2654816061206,244.811954893935,0.777138250393839,0.1211647328455,-16.2620013937141,180.896483986967,5.16064354220093e-07,3.53755674159055,0.477699520157998,0.863018164866348,123.479143940266,0,10,1,1.1132,118.1418,0.2133,4.7045,0.3234,2,0.780727354261136,Inverse Transform.D,164840
26816,26816,14.0851757095282,13,0.364138696235068,49.5648420684817,206.01052482701,0.668036596483987,0.146441409410909,-25.7050382515187,186.01052482701,5.41364391470161e-07,3.45598947391624,0.540724079398897,0.970039201845562,137.463263086299,0,10,1,1.442,37.9616,3.4115,5.5705,0.2434,2,0.478786848755835,Inverse Transform.D,24949
452821,452821,13.7144583532675,14,0.404371936201792,73.8375914840603,239.428602282396,0.765927815218447,0.0616566682234407,-25.5171004447471,219.428602282396,5.59835774345542e-07,3.49293750348237,0.516394679044305,0.830403345021024,154.255736173342,0,10,1,0.7864,68.1484,0.2874,5.1795,0.3704,2,1.01378177781208,Inverse Transform.D,421491
125634,125634,13.6899042608982,15,0.539055634351469,67.5937311516847,199.059570853399,0.559981773859226,0.200327460607514,-16.4350120141815,158.375499555465,5.51755296315626e-07,3.47477464043684,0.498625176420003,0.844529178125557,135.210798976326,0,10,1,1.1181,20.1788,1.0768,4.0802,0.3492,2,0.902604179842839,Inverse Transform.D,116973
191526,191526,14.0976747796675,15,0.169069795207957,82.4023571560946,221.116475322703,0.745720579913122,0.130276189744473,-22.1957528260597,201.116475322703,5.01397554633149e-07,3.49020675749011,0.533348711916753,0.910467641173184,159.935584154612,0,10,1,0.8634,184.2644,0.2208,7.952,0.2727,2,0.577633148574387,Inverse Transform.D,178286
