"","logK","log_r","log_n"
"logK",1,-0.0539859038249667,0.0476596080507668
"log_r",-0.0539859038249667,1,-0.846665458305883
"log_n",0.0476596080507668,-0.846665458305883,1
