"","logK","log_r","log_n"
"logK",0.208291000164516,-0.022575098889582,0.0139446829756049
"log_r",-0.022575098889582,0.209461370092019,-0.176677385315507
"log_n",0.0139446829756049,-0.176677385315507,0.209156334330287
