"","logK","log_r","log_n"
"logK",0.232537170756693,-0.0121839924852893,0.0106498829394434
"log_r",-0.0121839924852893,0.219041349987728,-0.183621305776786
"log_n",0.0106498829394434,-0.183621305776786,0.214731793421743
