"","logK","log_r","log_n"
"logK",1,-0.108079278980605,0.066809447724261
"log_r",-0.108079278980605,1,-0.844099188132248
"log_n",0.066809447724261,-0.844099188132248,1
