run_id,exec,run_label,run_number,run_name,run_retro,run_time_total,run_time_avg,n_par,low_bfmi,divergent,treedepth,max_rhat,min_neff,prop_rhat_105,prop_rhat_101,prop_neff_01,prop_neff_400,n_obs,looic,p_loo,elpd_loo,prop_pareto_k,total_ll,catch_ll,index_ll_1,index_ll_2,index_ll_3,index_ll_4,index_ll_5,index_ll_6,median_rmse,median_catch_rmse,median_index_rmse,index_rmse_1,index_rmse_2,index_rmse_3,index_rmse_4,index_rmse_5,index_rmse_6,logK,r,sigmao,sigmap,shape,msy-p0.5,Dmsy-p0.5,Pmsy-p0.5,Umsy-p0.5,Fmsy-p0.5,initial_population-p0.5,initial_depletion-p0.5,initial_U-p0.5,initial_F-p0.5,latest_population-p0.5,latest_depletion-p0.5,latest_U-p0.5,latest_F-p0.5,latest_P_Pmsy-p0.5,latest_D_Dmsy-p0.5,latest_U_Umsy-p0.5,latest_F_Fmsy-p0.5,recent_P_Pmsy-p0.5,recent_D_Dmsy-p0.5,recent_U_Umsy-p0.5,recent_F_Fmsy-p0.5,PriorMean_logK,PriorMean_logr,PriorMean_logshape,PriorMean_logsigmap,PriorMean_logsigmao,PriorSD_logK,PriorSD_logr,PriorSD_logshape,PriorSD_logsigmap,PriorSD_logsigmao,PriorMin_logk,PriorMax_logk,PriorSD_sigmaf,PriorSD_sigmao_add
0001-2024cpueExPrior_0-bspm_estF,bspm_estF,0001-2024cpueExPrior_0,0001-2024cpueExPrior,0,0,134.645,116.5238,147,0,0,0,1.00884004716085,0.723969620973639,1,1,0,1,114,1458.61164706384,47.2084991263488,-729.305823531919,0.535087719298246,-345.015375292347,,-692.504963363726,-1.62577440423903,-1.62577440423903,,,,0.28049273515968,,,0.28049273515968,0.28049273515968,,,,,13.825655002411,0.274228925534883,0.267942003694931,0.0654706132939645,1.96544369129841,67408.2378148115,0.496632916338909,499954.7835374,0.137114462767442,0.147473238443175,1010118.52587715,0.998683348723544,0.000668016941144129,0.000668240163890235,825869.05851146,0.831404560042604,0.000776405449385635,0.000776707009521413,1.67695749903502,1.67695749903502,0.00572776947682765,0.00528246509854479,1.60994011020829,1.60994011020829,0.201397535438343,0.18901169040494,13.8633826342304,-0.673608682971451,0.693147180559945,-2.9311037,,0.456389088374683,0.457669490048041,0.1,0.2661089,,,,0.025,0.2
0002-2024cpueDepPrior_0-bspm_estF_softdep,bspm_estF_softdep,0002-2024cpueDepPrior_0,0002-2024cpueDepPrior,0,0,136.75,127.7452,147,0,0,0,1.00864809498729,0.674040092332321,1,1,0,1,114,1462.9944222911,50.8455573703682,-731.497211145549,0.491228070175439,-345.818210531545,,-692.995032513724,0.0239905357803324,0.0239905357803324,,,,0.269598135425207,,,0.269598135425207,0.269598135425207,,,,,13.6975084677472,0.227768437998257,0.260125475674221,0.0665703679966942,1.95503510429064,48964.2557434949,0.49560686418314,439351.869060663,0.113884218999129,0.12090765867337,888928.974095991,1.00004481202271,0.000759651226454574,0.000759939908496012,641589.897743764,0.732843855624429,0.000967355675895725,0.000967823866774664,1.4765613593812,1.4765613593812,0.00884201529336274,0.00830199312934328,1.42141032090805,1.42141032090805,0.320675991312063,0.306369151881872,13.8633826342304,-0.673608682971451,0.693147180559945,-2.9311037,,0.456389088374683,0.457669490048041,0.1,0.2661089,,,,0.025,0.2
0003-2024cpueFPrior_0-bspm_estF_softdep,bspm_estF_softdep,0003-2024cpueFPrior_0,0003-2024cpueFPrior,0,0,112.669,90.277,147,0,0,0,1.00754589147823,0.728314722483403,1,1,0,1,114,1458.19154553498,49.2171593269662,-729.095772767492,0.570175438596491,-344.702940131626,,-692.653058729133,0.837224416476876,0.837224416476876,,,,0.264571407748555,,,0.264571407748555,0.264571407748555,,,,,13.2989480730457,0.234336079247997,0.25768070074071,0.0606989185450804,1.97359834125769,33007.9027055903,0.497432911103925,296845.701783064,0.117168039623999,0.124620406934667,595443.215854461,0.999973015853815,0.00109599960396648,0.00109660065183575,362965.244016404,0.617900466574296,0.00168799817552323,0.00168942444991978,1.23606591171732,1.23606591171732,0.0150997455839365,0.014166315908431,1.18734668700692,1.18734668700692,0.556929997154801,0.541691788611143,13.8633826342304,-0.673608682971451,0.693147180559945,-2.9311037,,0.456389088374683,0.457669490048041,0.1,0.2661089,,,,0.047263287264325,0.2
0004-2024cpueShapePrior_0-bspm_estF_softdep,bspm_estF_softdep,0004-2024cpueShapePrior_0,0004-2024cpueShapePrior,0,0,131.405,107.1228,147,0,0,0,1.00914547401162,0.646831748525747,1,1,0,1,114,1458.7815687399,49.1720349179714,-729.39078436995,0.570175438596491,-342.692317637519,,-693.00704857886,0.508210015656414,0.508210015656414,,,,0.265982461239377,,,0.265982461239377,0.265982461239377,,,,,13.4790166657476,0.302688090181408,0.257241864464541,0.0620806632994045,0.967107712008498,37343.0449211122,0.36174493430122,253476.1669004,0.151344045090704,0.164101448355016,708640.951806793,0.998318762198525,0.000958917375789657,0.000959377431577966,408739.914972893,0.593097378802015,0.00151325081117417,0.00151439693218097,1.65534962567797,1.65534962567797,0.0098053348187346,0.00902320243505502,1.59453744764308,1.59453744764308,0.365243830661934,0.346959526930399,13.8633826342304,-0.673608682971451,0.323744220720267,-2.9311037,,0.456389088374683,0.457669490048041,0.457336028212382,0.2661089,,,,0.047263287264325,0.2
0005-2024cpueMVPrior_0-bspm_estF_softdep_mvprior,bspm_estF_softdep_mvprior,0005-2024cpueMVPrior_0,0005-2024cpueMVPrior,0,0,123.598,104.5284,147,0,0,0,1.00999409347715,0.709813744294888,1,1,0,1,114,1460.52437057205,50.1507488904789,-730.262185286025,0.56140350877193,-345.901867651788,,-693.245445465362,0.657409217910088,0.657409217910088,,,,0.264867254439164,,,0.264867254439164,0.264867254439164,,,,,13.2492185423198,0.309148017023898,0.255362256489751,0.0650412583088179,1.77044505641838,39987.2910321423,0.476432074112226,269836.435689459,0.154574008511949,0.167914650941865,565326.535868717,0.99805425153332,0.00119514565920694,0.00119586041533275,383217.394597296,0.684019946161437,0.00166201743048911,0.0016634001137352,1.44737046062426,1.44737046062426,0.010759716681497,0.00986117624924489,1.38312112194015,1.38312112194015,0.400294141984436,0.378713661621483,,,,-2.9311037,,,,,0.2661089,,,,0.047263287264325,0.2
0006-2024cpueEffortQeff_0-bspm_estq_softdep_mvprior,bspm_estq_softdep_mvprior,0006-2024cpueEffortQeff_0,0006-2024cpueEffortQeff,0,0,540.976,408.6828,163,0,0,0,1.00857944558516,0.71347678598443,1,1,0,1,114,1463.9928581176,53.7295659732534,-731.996429058802,0.649122807017544,-693.029677248022,-697.075267549124,3.97477090613032,3.97477090613032,,,,,,0.211728946478222,0.243058876384605,0.243058876384605,0.243058876384605,,,,,12.7940743868969,0.394458815780315,0.238024082679024,0.0716252620457919,1.42302907030437,29325.0592349496,0.43432750426534,158995.846118011,0.197229407890157,0.219686295171019,348422.016473404,0.977580654319382,0.00344762234097551,0.00345357908596624,146725.70775424,0.416321889690742,0.128090780041695,0.13706997181292,0.961238491388382,0.961238491388382,0.65433333432885,0.629967940779547,0.927724312180089,0.927724312180089,0.703899524941398,0.67518447998572,,,,-2.9311037,,,,,0.2661089,,,,,0.2
0007-au-c0.2-e0.3-s5_0-bspm_estq_softdep_mvprior,bspm_estq_softdep_mvprior,0007-au-c0.2-e0.3-s5_0,0007-au-c0.2-e0.3-s5,0,0,696.594,535.962,163,0,0,0,1.00718675332081,0.746713841628043,1,1,0,1,95,1420.37527943658,55.774693043496,-710.18763971829,0.526315789473684,-669.263802742368,-697.19044815293,-250.356266969469,28.1589316558086,-714.561540762148,24.1048811744047,-33.9242201057589,-272.987921224179,,0.212756045541347,0.0826869585280091,0.311537562209894,0.0826869585280091,0.391691941775933,0.0791976248259692,0.204178989766608,0.488270225336777,13.5477502990059,0.421756675671418,0.0797559270403325,0.0649371673552553,1.38940586291912,68674.9625096475,0.429746828500301,338685.843165759,0.210878337835709,0.236434002821249,763911.389393779,0.982147958345083,0.00158103496575024,0.00158228612859235,650158.194564897,0.838195994061852,0.0311119954895705,0.0316062611369325,1.87686547953787,1.87686547953787,0.147280475406455,0.131631773963589,1.78335263385934,1.78335263385934,0.163224094485751,0.148646660377741,,,,-2.9311037,,,,,0.2661089,,,,,0.2
0008-nz-c0.2-e0.3-s5_0-bspm_estq_softdep_mvprior,bspm_estq_softdep_mvprior,0008-nz-c0.2-e0.3-s5_0,0008-nz-c0.2-e0.3-s5,0,0,1001.928,584.4278,163,0,0,0,1.01131152336986,0.516817219953249,1,0.993865030674847,0,1,118,1483.60538105691,58.0410000987527,-741.802690528454,0.677966101694915,-699.909637815162,-696.752839187084,-7.38595227840308,-0.939026895013408,-3.14603862251533,0.341461595617298,-2.63849691993193,-12.8484124164136,,0.212651846939756,0.291486163293942,0.321919783099998,0.230249610902094,0.291486163293942,0.224819225390369,0.288682875104891,0.468148245488751,12.6348576728851,0.526434737618141,0.318195067190741,0.0922554358274425,1.11238920004056,29722.5387849209,0.38763533313397,120426.279551699,0.263217368809071,0.305462382101654,296223.219045713,0.970596983732963,0.00396520841883441,0.00397309070632428,101018.571807896,0.337245100554874,0.17383007474087,0.190954809875421,0.888903421019561,0.888903421019561,0.652487256380072,0.606622510336609,0.853932148321359,0.853932148321359,0.708783151597742,0.671403402758382,,,,-2.9311037,,,,,0.2661089,,,,,0.2
0009-obs-c0.2-e0.3-s5_0-bspm_estq_softdep_mvprior,bspm_estq_softdep_mvprior,0009-obs-c0.2-e0.3-s5_0,0009-obs-c0.2-e0.3-s5,0,0,714.603,564.5334,163,0,0,0,1.0083980390864,0.71605138118875,1,1,0,1,92,1420.5865646636,45.8711661689536,-710.293282331802,0.532608695652174,-675.480515597013,-697.038693675238,-68.3388253202978,16.0550568766019,-214.177906822555,21.6465637056191,2.57952864626272,-72.7624594467285,,0.211739675149748,0.0649043069966576,0.328078816112936,0.134303719048656,0.406102356861937,0.0649043069966576,0.20010710909299,0.484307351188691,14.2301190773225,0.550365401143547,0.135899542827342,0.0455380573817552,1.25279848995882,171136.156296966,0.410023952853392,616498.774282138,0.275182700571773,0.319614166752353,1501766.85151533,0.990761612198743,0.000787367984775411,0.000787678121821515,1464165.40446845,0.939801324642486,0.0141302055372045,0.0142309874053241,2.276065486819,2.276065486819,0.0501753653117856,0.041715644990639,2.267740198592,2.267740198592,0.0504043654766032,0.0416352792040858,,,,-2.9311037,,,,,0.2661089,,,,,0.2
0010-obsNoPF-c0.2-e0.3-s5_0-bspm_estq_softdep_mvprior,bspm_estq_softdep_mvprior,0010-obsNoPF-c0.2-e0.3-s5_0,0010-obsNoPF-c0.2-e0.3-s5,0,0,666.113,596.9924,163,0,0,0,1.00817883527261,0.7134254268216,1,1,0,1,92,1454.9091350035,49.0801445698515,-727.454567501751,0.5,-690.024502563774,-697.130356965207,-15.314453479699,10.1395592262089,-66.0942755887505,11.9153310581554,7.20990618308894,-25.7081014267684,,0.211476270321166,0.186359512295978,0.329746761639397,0.139502650395815,0.410664952680441,0.0841371416525347,0.186359512295978,0.49257587863789,13.960304240256,0.487549651267316,0.220223370014277,0.0562773725648499,1.32739036797975,122242.517046441,0.421022975242864,476826.175765956,0.243774825633658,0.277293475042815,1147194.16093538,0.983789900380251,0.00108566527615711,0.00108625503784613,1094305.36131662,0.935191536186202,0.0187611350069657,0.0189393578037201,2.18905496212322,2.18905496212322,0.0779982270091077,0.067149979493082,2.16241252883845,2.16241252883845,0.0791408137262563,0.0688353629230675,,,,-2.9311037,,,,,0.2661089,,,,,0.2
0011-obsPFonly-c0.2-e0.3-s5_0-bspm_estq_softdep_mvprior,bspm_estq_softdep_mvprior,0011-obsPFonly-c0.2-e0.3-s5_0,0011-obsPFonly-c0.2-e0.3-s5,0,0,886.452,693.8824,163,0,0,0,1.01108181018159,0.269242118118774,1,0.993865030674847,0,1,90,1475.10772598964,47.080268365422,-737.553862994822,0.611111111111111,-702.87522086661,-697.371582228748,-16.2365851692438,-4.98994113169695,-34.3675149170413,-2.40258977483218,-4.61081558452718,-5.26427279773345,,0.212465642684168,0.392701551584099,0.383961510772008,0.313806834968054,0.443932118893945,0.287131088713243,0.334817071152895,0.392701551584099,12.7989578719336,0.403872727110377,0.384686508840974,0.0583857145008662,1.4107575855492,29006.3150413171,0.432667489550284,159257.35512371,0.201936363555189,0.225281371204783,360709.777792016,0.985883375504601,0.00336267756739089,0.00336834407455285,68217.5688659905,0.189345841529437,0.237303376525596,0.270894937054787,0.430408015103688,0.430408015103688,1.23221678698407,1.27987442509639,0.446227648004449,0.446227648004449,1.19596357425167,1.23439373169303,,,,-2.9311037,,,,,0.2661089,,,,,0.2
0012-dwfn-c0.1-e0.3-s2_0-bspm_estq_softdep_mvprior,bspm_estq_softdep_mvprior,0012-dwfn-c0.1-e0.3-s2_0,0012-dwfn-c0.1-e0.3-s2,0,0,857.725,833.3222,184,0,0.001,0,1.00664958788014,0.661616957356312,1,1,0,1,114,1376.65277509986,58.8092042193385,-688.326387549928,0.517543859649123,-643.82749029351,-647.238170391261,3.35135238710694,5.85686170687682,-44.2553188607096,6.96614034410331,1.53746650362178,-28.4942299245464,,0.105545238955335,0.246817052266264,0.246817052266264,0.177202857567418,0.385425001773228,0.159208791057513,0.241488535504672,0.482569381135727,12.7832173125733,0.38374853795528,0.240256339461447,0.0695214196981221,1.49385970778602,28735.1173811022,0.443655519808299,158780.544326514,0.19187426897764,0.213037641410498,349627.455690011,0.987108220746819,0.00219912863368005,0.002201550268168,152936.865796644,0.439470576415751,0.121818736901308,0.129902257132783,0.997766180490032,0.997766180490032,0.658907589453141,0.631412694629072,0.956616912922881,0.956616912922881,0.685928585230979,0.660040541989727,,,,-2.9311037,,,,,0.2661089,,,,,0.2
0013-dwfn-c0.2-e0.3-s2_0-bspm_estq_softdep_mvprior,bspm_estq_softdep_mvprior,0013-dwfn-c0.2-e0.3-s2_0,0013-dwfn-c0.2-e0.3-s2,0,0,433.197,403.4276,184,0,0.001,0,1.00794774906619,0.712256776195436,1,1,0,1,114,1456.57715340564,49.8890084715629,-728.28857670282,0.68421052631579,-692.218119106767,-695.291847931224,2.98457171935188,5.90724579578587,-44.6679053443146,6.92128576470596,1.35968394071267,-28.6029251080877,,0.206211640232837,0.249260215526762,0.249260215526762,0.1772220041121,0.38477041145758,0.159845932434694,0.244823039793532,0.483220037429975,12.7453854515905,0.40547053450199,0.239767865652375,0.0634738095678825,1.39334476717927,28955.8451175076,0.430287840410765,149245.413086419,0.202735267250995,0.226568513022855,340992.861445087,0.990052472665565,0.00325457956116171,0.00325988722869294,140743.253141758,0.416542309713305,0.129183942250642,0.138324514582877,0.975110950721874,0.975110950721874,0.657687554322048,0.627107544700404,0.935561117819578,0.935561117819578,0.696346276673903,0.670055995000034,,,,-2.9311037,,,,,0.2661089,,,,,0.2
0014-dwfn-c0.4-e0.3-s2_0-bspm_estq_softdep_mvprior,bspm_estq_softdep_mvprior,0014-dwfn-c0.4-e0.3-s2_0,0014-dwfn-c0.4-e0.3-s2,0,0,356.795,278.1812,184,0,0,0,1.00783929759208,0.70671341414988,1,1,0,1,114,1501.76631623228,28.1344616386172,-750.883158116138,0.947368421052632,-732.659041129036,-735.863406891455,3.10579201118179,5.19596709892766,-44.8525291223507,6.36678508626604,0.909599672082347,-28.5356536613019,,0.376094804497546,0.248799966359856,0.248799966359856,0.184584479039492,0.387905100004313,0.16961121035821,0.250619998076662,0.48495418733067,12.7847954478211,0.42975840043144,0.240839332070836,0.0571634612959138,1.350481752094,31575.1021782348,0.424313981233666,150433.55817722,0.21487920021572,0.241917697068952,354489.977735744,0.993460880847779,0.00592241914239933,0.00594002621926433,146053.456555618,0.409779989733374,0.130098280778555,0.139375040131473,0.968121920515198,0.968121920515198,0.618905552550412,0.586103990726815,0.931070198328023,0.931070198328023,0.690498799061714,0.661816557245409,,,,-2.9311037,,,,,0.2661089,,,,,0.2
0015-dwfn-c0.1-e0.5-s2_0-bspm_estq_softdep_mvprior,bspm_estq_softdep_mvprior,0015-dwfn-c0.1-e0.5-s2_0,0015-dwfn-c0.1-e0.5-s2,0,0,867.529,819.8666,184,0,0,0,1.00738063581875,0.694929169663214,1,1,0,1,114,1372.68284479043,56.3253905635614,-686.341422395217,0.517543859649123,-643.500072303591,-646.154543174751,2.55626106926884,5.7614108974045,-42.8839941888457,6.90036086660109,1.53253418461858,-26.8725699930882,,0.105346841494056,0.250788038835934,0.250788038835934,0.174048204781198,0.38711184704828,0.157059916052108,0.240192173392472,0.48190149785771,12.7354076115052,0.398982745293463,0.244850197618294,0.0629792221200765,1.45456131284394,28264.4690283094,0.438532657853466,146051.697462248,0.199491372646731,0.222507970787014,339251.637131406,0.996145582665093,0.00206260270744352,0.00206473280316452,138745.381215275,0.416216540700843,0.135141944481598,0.145189883194558,0.95125992483185,0.95125992483185,0.690946380419911,0.665298579583292,0.91977525571569,0.91977525571569,0.706649152161839,0.678199481351803,,,,-2.9311037,,,,,0.2661089,,,,,0.2
0016-dwfn-c0.2-e0.5-s2_0-bspm_estq_softdep_mvprior,bspm_estq_softdep_mvprior,0016-dwfn-c0.2-e0.5-s2_0,0016-dwfn-c0.2-e0.5-s2,0,0,446.048,426.3346,184,0,0.004,0,1.00894365126947,0.644741000866888,1,1,0,1,114,1457.44632835119,51.6600180608146,-728.723164175597,0.587719298245614,-690.075099571531,-693.319251549206,2.99713037621882,5.44625244898366,-44.1298227357943,6.55350308799598,1.00354581290622,-28.4144364619906,,0.210111126771089,0.249706832697162,0.249706832697162,0.181511252722529,0.386381425039622,0.163455450719359,0.245890279115759,0.483021229289244,12.7121598387311,0.42402547652449,0.242746528435093,0.0599124319632261,1.36817848589938,29108.1668813217,0.426801741538287,140179.439076064,0.212012738262245,0.23827336138435,327501.734762549,0.995894813412195,0.00252653864492541,0.00252973572988899,132384.932192265,0.400082918118831,0.141938301885246,0.153079275218008,0.957295349754543,0.957295349754543,0.66726255841736,0.637307905051411,0.922405908919686,0.922405908919686,0.700859622077619,0.67449778075459,,,,-2.9311037,,,,,0.2661089,,,,,0.2
0017-dwfn-c0.4-e0.5-s2_0-bspm_estq_softdep_mvprior,bspm_estq_softdep_mvprior,0017-dwfn-c0.4-e0.5-s2_0,0017-dwfn-c0.4-e0.5-s2,0,0,366.025,312.8632,184,0,0.001,0,1.00631896076869,0.762465179378884,1,1,0,1,114,1512.61734993272,35.3060747602092,-756.308674966361,0.780701754385965,-731.894636427639,-736.335596479602,4.23804313082021,4.845407959124,-46.7181447181282,5.98720541042679,0.0326225019276444,-31.2000410489279,,0.413764005660404,0.241527998705963,0.241527998705963,0.191659704270399,0.388777105909558,0.17503566617991,0.252884750854614,0.488301459724342,12.7327599330324,0.483720654722473,0.236266034439336,0.0568612478301952,1.24252676973441,32469.2605573875,0.408463424401033,137534.999611219,0.241860327361236,0.276279565252907,338390.035813076,0.997733094695364,0.00399013789132974,0.00399811974658498,136517.112027425,0.402045280495234,0.145782098711197,0.157568968486766,0.991610919359217,0.991610919359217,0.61678455755463,0.580158297360443,0.953276444750378,0.953276444750378,0.655880367217898,0.62452135455427,,,,-2.9311037,,,,,0.2661089,,,,,0.2
0018-dwfn-c0.1-e1-s2_0-bspm_estq_softdep_mvprior,bspm_estq_softdep_mvprior,0018-dwfn-c0.1-e1-s2_0,0018-dwfn-c0.1-e1-s2,0,0,840.588,824.2646,184,0,0,0,1.0061915462431,0.760646361326619,1,1,0,1,114,1372.30262349689,56.4837304411127,-686.151311748444,0.508771929824562,-643.24129574588,-646.186086814175,2.94702376766275,5.60293927158223,-45.1753763258643,6.64056617378913,1.37677007164116,-29.5436272921789,,0.10594022395877,0.250147497929463,0.250147497929463,0.178326297195718,0.390349093231632,0.161236017991013,0.241914608449283,0.483438173258138,12.6933870415348,0.424692767812421,0.241542917320108,0.0647810002417932,1.42842231467391,28542.062397773,0.435052865743507,138368.827831663,0.212346383906211,0.238696870272468,325865.737307174,0.999662855543807,0.00198681931204525,0.00198879565637428,136939.79128204,0.42883876246303,0.139101802979421,0.149779022644661,0.997743763951006,0.997743763951006,0.656156655114742,0.626230258751798,0.959558171073413,0.959558171073413,0.67839338827933,0.649292143047313,,,,-2.9311037,,,,,0.2661089,,,,,0.2
0019-dwfn-c0.2-e1-s2_0-bspm_estq_softdep_mvprior,bspm_estq_softdep_mvprior,0019-dwfn-c0.2-e1-s2_0,0019-dwfn-c0.2-e1-s2,0,0,693.752,547.6354,184,0,0.003,0,1.00922154275483,0.720458596365619,1,1,0,1,114,1467.02370373274,56.4249333840944,-733.511851866369,0.526315789473684,-690.992449840165,-694.231227990727,3.3218490782861,5.18874276524614,-44.9451797101292,6.33242862209314,0.848534675051453,-31.2089711549096,,0.218800334760654,0.24663022313178,0.24663022313178,0.18534905084375,0.391663762009534,0.166937771547588,0.245894020701454,0.484731934774005,12.6426547979721,0.473715418719549,0.2396775710338,0.0612075711284307,1.27676181792494,29349.5671305465,0.413620588420907,127274.110368698,0.236857709359775,0.270310776858896,307476.135445274,1.00430943816385,0.00222280733791636,0.00222528144113586,124861.50356919,0.404281435323648,0.151255036825359,0.163996537772035,0.993709934253396,0.993709934253396,0.636076724602468,0.596769827083465,0.951834691034672,0.951834691034672,0.666544651895926,0.627094859580551,,,,-2.9311037,,,,,0.2661089,,,,,0.2
0020-dwfn-c0.4-e1-s2_0-bspm_estq_softdep_mvprior,bspm_estq_softdep_mvprior,0020-dwfn-c0.4-e1-s2_0,0020-dwfn-c0.4-e1-s2,0,0,374.715,358.7606,184,0,0,0,1.01186499097396,0.721973377461888,1,0.994565217391304,0,1,114,1534.98726709766,46.6612739477162,-767.493633548832,0.578947368421053,-734.011375491567,-739.795615077358,5.6464988861618,3.96515172621864,-51.4927944444025,5.19695019655026,-0.993875690551673,-35.4203816930284,,0.466502297557423,0.233279966544567,0.233279966544567,0.202768312559564,0.397886265582477,0.184340002976418,0.255104545283656,0.492738483247202,12.6912077140452,0.543008065954124,0.227000718240365,0.0562915901496024,1.15466063764285,33314.4628830014,0.394624896338802,127611.221406356,0.271504032977062,0.315473290927166,326858.539756134,0.997954922578346,0.00258296916289058,0.00258631078325364,132311.894513609,0.40749896950958,0.157685718334221,0.171602079258923,1.03006458307514,1.03006458307514,0.593780319533244,0.552391123382203,0.99295968194897,0.99295968194897,0.631027177585455,0.592505028496525,,,,-2.9311037,,,,,0.2661089,,,,,0.2
0021-dwfn-c0.1-e2-s2_0-bspm_estq_softdep_mvprior,bspm_estq_softdep_mvprior,0021-dwfn-c0.1-e2-s2_0,0021-dwfn-c0.1-e2-s2,0,0,2181.061,1343.4542,184,0,0,0.196,1.01288522253081,0.559594426318914,1,0.978260869565217,0,1,114,1376.19101676985,57.8409704390666,-688.095508384925,0.491228070175439,-644.067182495738,-646.133172190881,2.22939110371627,5.58208604056326,-43.1406761906692,6.5830371063145,1.52799344233747,-27.7337253667389,,0.106622000809101,0.253011273666099,0.253011273666099,0.172710150047631,0.392876956734822,0.154863283091161,0.238287983459936,0.484358915590848,12.7429658985662,0.428385714535865,0.246457335557773,0.0665662358276765,1.3969730900858,29493.6120261163,0.430786665797327,149959.772512298,0.214192857267932,0.240988555404027,346345.387387944,1.00204040722681,0.00185617913988356,0.00185790397547367,159385.631407835,0.490746985610516,0.118115044927632,0.125693679325131,1.1344141179046,1.1344141179046,0.569256819294531,0.536035439637276,1.08721205429163,1.08721205429163,0.593980301180307,0.561415963097486,,,,-2.9311037,,,,,0.2661089,,,,,0.2
0022-dwfn-c0.2-e2-s2_0-bspm_estq_softdep_mvprior,bspm_estq_softdep_mvprior,0022-dwfn-c0.2-e2-s2_0,0022-dwfn-c0.2-e2-s2,0,0,760.274,698.8484,184,0,0.004,0.001,1.01069685595991,0.722555211572362,1,0.994565217391304,0,1,114,1472.38784578131,58.6681930804977,-736.193922890653,0.482456140350877,-691.779341022469,-695.177224581345,3.25226286401623,5.01993003640164,-45.1393883264472,6.03647667629335,0.869147065528723,-30.4490571533221,,0.221859399941797,0.247472149150297,0.247472149150297,0.183054421582222,0.396294558147009,0.164866635809453,0.244205381884951,0.486087620739232,12.6762761017826,0.471819151226095,0.242227157502258,0.0622434956598097,1.32862652259289,29784.2070667204,0.421199632971767,132677.58400506,0.235909575613047,0.268043381773964,322493.049759825,1.00421234698819,0.00199172028856531,0.0019937064010665,140506.456479161,0.447955166589112,0.136138042264027,0.146342296659335,1.08918512786467,1.08918512786467,0.578122001799464,0.539291239601135,1.05262699652114,1.05262699652114,0.611124684743235,0.575112072550655,,,,-2.9311037,,,,,0.2661089,,,,,0.2
0023-dwfn-c0.4-e2-s2_0-bspm_estq_softdep_mvprior,bspm_estq_softdep_mvprior,0023-dwfn-c0.4-e2-s2_0,0023-dwfn-c0.4-e2-s2,0,0,649.709,490.6334,184,0,0.002,0,1.00906858722211,0.676779650592749,1,1,0,1,114,1551.6853617951,53.3602038989223,-775.842680897552,0.587719298245614,-736.671303156955,-741.950569929244,5.18530501823624,4.35566138110428,-52.2718149062559,5.51893884435727,-0.682334002592118,-37.2888988543231,,0.499534011124624,0.235620094413087,0.235620094413087,0.198250392196492,0.402532573844513,0.17964633266953,0.251248389060206,0.494513028541365,12.7188929328415,0.534120524731064,0.227545125199775,0.0571769746258631,1.18625749278693,34231.0156890035,0.399705088248339,131434.59909014,0.267060262365532,0.310110626605112,337373.685975746,0.999713292491581,0.00209724196200056,0.00209944425379073,144867.788802282,0.454856713690912,0.138526981113582,0.149111542911186,1.14919812100015,1.14919812100015,0.52543032307088,0.483608080433034,1.10417993617571,1.10417993617571,0.56458304920189,0.52801559583961,,,,-2.9311037,,,,,0.2661089,,,,,0.2
0024-dwfn-c0.1-e0.3-s5_0-bspm_estq_softdep_mvprior,bspm_estq_softdep_mvprior,0024-dwfn-c0.1-e0.3-s5_0,0024-dwfn-c0.1-e0.3-s5,0,0,1334.929,1058.395,163,0,0,0,1.00909109051539,0.72503669618867,1,1,0,1,114,1372.65227173069,60.1970042554068,-686.326135865344,0.543859649122807,-641.042031194067,-647.765982110502,6.26951397073661,5.41380579311685,-49.8307035018984,6.81665277573552,0.00374772218698799,-33.6643281465977,,0.10653617625289,0.230282812572418,0.230282812572418,0.193509839894696,0.37800148008805,0.170998023208189,0.252604171012239,0.487656160984954,12.8875812256888,0.390842102065352,0.222518595354093,0.092756184217499,1.37111172516896,30223.795178205,0.427211207173991,171865.405143073,0.195421051032676,0.217436189895863,382337.036191554,0.966543022942497,0.00208431249844271,0.00208648770195995,167753.212290031,0.42993660809765,0.114356614942105,0.12144090962564,1.00802532035915,1.00802532035915,0.642508148596684,0.609653170796369,0.960677079986608,0.960677079986608,0.666425423666578,0.638634044992163,,,,-2.9311037,,,,,0.2661089,,,,,0.2
0025-dwfn-c0.2-e0.3-s5_0-bspm_estq_softdep_mvprior,bspm_estq_softdep_mvprior,0025-dwfn-c0.2-e0.3-s5_0,0025-dwfn-c0.2-e0.3-s5,0,0,687.028,507.8116,163,0,0,0,1.00857944558516,0.71347678598443,1,1,0,1,114,1463.9928581176,53.7295659732534,-731.996429058802,0.649122807017544,-693.029677248022,-697.075267549124,3.97477090613032,5.54656926020518,-45.0794527256536,6.84811901538188,0.722189025668509,-28.9484684042768,,0.211728946478222,0.243058876384605,0.243058876384605,0.185594099850392,0.381771167172335,0.165564364430181,0.249072370611538,0.485043183588941,12.7940743868969,0.394458815780315,0.238024082679024,0.0716252620457919,1.42302907030437,29325.0592349496,0.43432750426534,158995.846118011,0.197229407890157,0.219686295171019,348422.016473404,0.977580654319382,0.00344762234097551,0.00345357908596624,146725.70775424,0.416321889690742,0.128090780041695,0.13706997181292,0.961238491388382,0.961238491388382,0.65433333432885,0.629967940779547,0.927724312180089,0.927724312180089,0.703899524941398,0.67518447998572,,,,-2.9311037,,,,,0.2661089,,,,,0.2
0026-dwfn-c0.4-e0.3-s5_0-bspm_estq_softdep_mvprior,bspm_estq_softdep_mvprior,0026-dwfn-c0.4-e0.3-s5_0,0026-dwfn-c0.4-e0.3-s5,0,0,247.301,229.4842,163,0,0.002,0,1.01475792649879,0.599654091481975,1,0.993865030674847,0,1,114,1501.99457343118,28.0334084366083,-750.997286715592,0.947368421052632,-733.069225388139,-736.471983006807,3.52594892194446,4.87234451985038,-43.1149484766912,6.05463163485876,0.449012760895869,-28.5895973135473,,0.376137305732151,0.246789563767242,0.246789563767242,0.189122983672427,0.381643415800022,0.171774029601467,0.252763092773789,0.48734691775648,12.7111300555188,0.480177551669624,0.243339692824323,0.0562518720774765,1.17774543598625,31434.3197939278,0.398348312720812,133181.552512965,0.240088775834812,0.274553663589158,328903.680741512,0.993520841951693,0.00713104770600065,0.00715659515657509,128517.338496311,0.384950075849978,0.150893637721857,0.163570822772964,0.965641347226186,0.965641347226186,0.627896486835797,0.588540313534459,0.936225487926698,0.936225487926698,0.694683438004086,0.662821363021843,,,,-2.9311037,,,,,0.2661089,,,,,0.2
0027-dwfn-c0.1-e0.5-s5_0-bspm_estq_softdep_mvprior,bspm_estq_softdep_mvprior,0027-dwfn-c0.1-e0.5-s5_0,0027-dwfn-c0.1-e0.5-s5,0,0,1323.254,1080.7058,163,0,0,0.002,1.00912636445474,0.664649223510873,1,1,0,1,114,1369.645150949,55.7916013840587,-684.822575474499,0.543859649122807,-642.875066444197,-646.285583214781,3.14927461975004,5.72999939679887,-44.0692413099918,6.89357238578194,1.23954592331801,-28.6543183700754,,0.105613490155826,0.247955169077235,0.247955169077235,0.180033724941874,0.387268217480237,0.160702137665107,0.242858879783664,0.481500436940212,12.7478298722237,0.397688153945873,0.239554817889791,0.0662753170862991,1.42657293011483,28487.1642752114,0.43480445120909,148499.32799917,0.198844076972936,0.221699705507036,340146.204889104,0.990148912399608,0.00207859202580152,0.00208075529653985,140810.94675842,0.414536481647515,0.133723237017033,0.143550841621346,0.946737177800282,0.946737177800282,0.688766227792788,0.661500721306296,0.917127051863932,0.917127051863932,0.71345336555519,0.689385115829107,,,,-2.9311037,,,,,0.2661089,,,,,0.2
0028-dwfn-c0.2-e0.5-s5_0-bspm_estq_softdep_mvprior,bspm_estq_softdep_mvprior,0028-dwfn-c0.2-e0.5-s5_0,0028-dwfn-c0.2-e0.5-s5,0,0,645.512,451.748,163,0,0.001,0,1.00559803613047,0.739526307986358,1,1,0,1,114,1452.47654944907,49.7533742212887,-726.238274724533,0.605263157894737,-689.47466463563,-693.21624555749,3.53015009009061,5.4730226498998,-45.1441920358166,6.60834363874658,1.00073545928123,-30.3431890809393,,0.210520690275342,0.245589537767522,0.245589537767522,0.183491670032071,0.387708625155847,0.165723730926403,0.245808962263806,0.485441743435767,12.7200398153865,0.430110732439293,0.239403741978195,0.0622496733777381,1.35833188793603,29147.3322998568,0.425421325187511,141972.770929829,0.215055366219646,0.241686048659911,330642.300261857,0.994719257364909,0.00258066587994155,0.00258400153843128,136026.243700819,0.412102741038876,0.134830135940932,0.144829417248871,0.977988045646691,0.977988045646691,0.660465290948427,0.629413152279559,0.938723299547995,0.938723299547995,0.686606527620213,0.659245481550262,,,,-2.9311037,,,,,0.2661089,,,,,0.2
0029-dwfn-c0.4-e0.5-s5_0-bspm_estq_softdep_mvprior,bspm_estq_softdep_mvprior,0029-dwfn-c0.4-e0.5-s5_0,0029-dwfn-c0.4-e0.5-s5,0,0,446.48,298.0002,163,0,0.002,0,1.01050524903759,0.738026566647778,1,0.993865030674847,0,1,114,1509.66440533514,34.4503475402935,-754.83220266757,0.87719298245614,-731.378315756484,-736.274296855188,4.65774292263715,4.54289861080185,-47.4555940383883,5.74694045021516,-0.325989419985343,-33.5699031311,,0.409943664308916,0.238849075326831,0.238849075326831,0.194491394576624,0.386525858611444,0.178751793716302,0.252530272527124,0.48876044842997,12.6941267460638,0.507756780064454,0.233613802694272,0.0572601287732266,1.19253082448622,32313.495289804,0.400699548452464,128919.766631851,0.253878390032227,0.292867297842836,324647.09136339,0.996970134758712,0.00446267204148665,0.00447265948835029,127201.949475602,0.394142482286782,0.155068198991036,0.168499384731236,0.994854175712662,0.994854175712663,0.608433533664457,0.566999454948926,0.960597570346527,0.960597570346527,0.655167271467913,0.619852746703706,,,,-2.9311037,,,,,0.2661089,,,,,0.2
0030-dwfn-c0.1-e1-s5_0-bspm_estq_softdep_mvprior,bspm_estq_softdep_mvprior,0030-dwfn-c0.1-e1-s5_0,0030-dwfn-c0.1-e1-s5,0,0,1302.593,989.8024,163,0,0,0.016,1.00791514809408,0.736497770967029,1,1,0,1,114,1379.41047757652,60.0085699999139,-689.705238788259,0.482456140350877,-644.183691192088,-646.500307912497,2.48722787712678,5.47000951126378,-44.0353276770582,6.36270455204404,1.06675419935781,-28.4312264823196,,0.106140391666378,0.251104231000493,0.251104231000493,0.179634180096792,0.392704887825624,0.1640512956562,0.242753418797076,0.481747458469721,12.6995631874728,0.418500795434948,0.246310895906091,0.0660171313237974,1.41573832752904,28462.8187061855,0.433342895406855,142611.480142574,0.209250397717474,0.234773940920541,328251.531088069,0.9990546683933,0.00201788660622776,0.00201992528474169,136334.524661918,0.421155893414285,0.138200448605741,0.148732577552616,0.988943428542903,0.988943428542903,0.662552507960913,0.633046499405955,0.946835326568659,0.946835326568659,0.687941152233238,0.656575549592817,,,,-2.9311037,,,,,0.2661089,,,,,0.2
0031-dwfn-c0.2-e1-s5_0-bspm_estq_softdep_mvprior,bspm_estq_softdep_mvprior,0031-dwfn-c0.2-e1-s5_0,0031-dwfn-c0.2-e1-s5,0,0,586.229,519.279,163,0,0.001,0.001,1.01101940309073,0.698644471649876,1,0.993865030674847,0,1,114,1464.7468586608,55.2746877098182,-732.3734293304,0.535087719298246,-690.800099577299,-694.774391167727,3.68419266646683,5.19220568167906,-45.1704705708759,6.21607911300759,0.842678125609255,-30.9842795530722,,0.217688589840503,0.245175731172973,0.245175731172973,0.185664480887159,0.391398227496869,0.169587290417605,0.245658839906882,0.486464665393887,12.6566568771371,0.467723499598901,0.240097572681222,0.059516962793281,1.24274234905053,29277.3261364682,0.408496334814873,127327.660348559,0.233861749799451,0.266392642340312,311968.356367002,0.999876940744635,0.00222119036936053,0.00222366087199775,128511.790089857,0.409755484727993,0.148366021501066,0.160598449045116,0.985537051879087,0.985537051879087,0.636414362561539,0.604916586749039,0.944939854804475,0.944939854804475,0.668557472154082,0.63240739923241,,,,-2.9311037,,,,,0.2661089,,,,,0.2
0032-dwfn-c0.4-e1-s5_0-bspm_estq_softdep_mvprior,bspm_estq_softdep_mvprior,0032-dwfn-c0.4-e1-s5_0,0032-dwfn-c0.4-e1-s5,0,0,343.835,337.9942,163,0,0.002,0,1.00684814748421,0.753579181036194,1,1,0,1,114,1535.21572747495,46.793885801378,-767.607863737475,0.657894736842105,-733.877486525572,-739.774863127546,5.54521920177874,4.15629030452171,-51.3794499774983,5.45294791351984,-0.915832871916259,-36.3683524287325,,0.468470206275099,0.233529904778279,0.233529904778279,0.201423458102614,0.395515624484358,0.18483187207598,0.257126010025749,0.492108651566527,12.6946217729487,0.532522440166608,0.226645677843952,0.0558197376561089,1.14868431465102,33012.2618354007,0.39365015678679,126201.67147211,0.266261220083304,0.309516190596441,326760.959589102,1.00210788334311,0.00266318387215653,0.00266673645735953,126928.606026096,0.400751145856848,0.157912022152413,0.17187078634965,1.02430244915546,1.02430244915546,0.614501651978222,0.566767529743689,0.982591019584029,0.98259101958403,0.634412286549906,0.604433201566295,,,,-2.9311037,,,,,0.2661089,,,,,0.2
0033-dwfn-c0.1-e2-s5_0-bspm_estq_softdep_mvprior,bspm_estq_softdep_mvprior,0033-dwfn-c0.1-e2-s5_0,0033-dwfn-c0.1-e2-s5,0,0,1347.823,1133.5646,163,0,0.001,0.016,1.01110028356223,0.637040573604652,1,0.987730061349693,0,1,114,1381.66444530534,60.7708599310548,-690.832222652672,0.508771929824562,-643.911137608985,-646.320983904805,2.60573904094887,5.75782353776079,-43.4054873718616,6.77880561843003,1.36396197877639,-28.1177719382654,,0.106598050320078,0.251584842502966,0.251584842502966,0.17412859758399,0.393734326074077,0.156411311072572,0.240528989799136,0.482730291943803,12.7457520495518,0.421183645027865,0.244574469972306,0.0641789692135943,1.39737665941819,29009.2243482179,0.430841948516169,149953.968864894,0.210591822513932,0.2360337148114,342020.176188909,1.00422042867865,0.00188127416325884,0.0018830459822067,153707.674731716,0.456678133410619,0.125000122896945,0.133531541664362,1.06994041600662,1.06994041600662,0.606437663413636,0.577891243770076,1.02615358343721,1.02615358343721,0.624149231857159,0.588785938424136,,,,-2.9311037,,,,,0.2661089,,,,,0.2
0034-dwfn-c0.2-e2-s5_0-bspm_estq_softdep_mvprior,bspm_estq_softdep_mvprior,0034-dwfn-c0.2-e2-s5_0,0034-dwfn-c0.2-e2-s5,0,0,917.941,798.8254,163,0,0.003,0.01,1.0081756246484,0.680789803122286,1,1,0,1,114,1472.03269842546,58.4768475451236,-736.016349212731,0.482456140350877,-692.013344498522,-695.379977983773,3.44628240307291,5.13356670939065,-45.060861068539,6.27263194954607,0.834311200993805,-29.5465690631153,,0.222350841510345,0.24628151702252,0.24628151702252,0.183405996688004,0.395181379801502,0.166324827733804,0.245244713511256,0.484468745228797,12.6809497874362,0.473583078224587,0.241553927298548,0.0635533311207677,1.25837522310834,29780.7771811236,0.410866210363285,136855.492783682,0.236791539112294,0.269942000515954,320079.387191211,1.0016591282985,0.00202308314454319,0.00202513234262393,133501.445797862,0.426330565675357,0.140493402639969,0.151396816592241,1.0329820659706,1.0329820659706,0.600828860170346,0.56249351689017,0.990903075746013,0.990903075746013,0.631629416463041,0.59912973693629,,,,-2.9311037,,,,,0.2661089,,,,,0.2
0035-dwfn-c0.4-e2-s5_0-bspm_estq_softdep_mvprior,bspm_estq_softdep_mvprior,0035-dwfn-c0.4-e2-s5_0,0035-dwfn-c0.4-e2-s5,0,0,618.72,441.802,163,0,0.003,0,1.00598026674524,0.67159786258111,1,1,0,1,114,1555.6120453294,55.0496990914955,-777.806022664698,0.56140350877193,-736.914740401667,-742.353885832686,5.27108678379276,3.94519596229309,-51.7114928648573,5.23248205543797,-1.20406897128263,-36.5403668441483,,0.496206184669755,0.235881737278904,0.235881737278904,0.200808850912828,0.400394222914224,0.183710558605512,0.253750191334658,0.492531301781444,12.7119566396845,0.525886336269097,0.228699283800433,0.0576282035461553,1.19096062415532,33894.1922482478,0.400451022329811,132152.697837041,0.262943168134548,0.30499460254615,333771.459935555,1.00306806016638,0.00211179733427286,0.00211403032256519,140785.461779831,0.433245857730424,0.145415313801683,0.15713967649042,1.10319331443458,1.10319331443458,0.559320954376066,0.523184181133839,1.06652591448581,1.06652591448581,0.578073668702934,0.54119898533557,,,,-2.9311037,,,,,0.2661089,,,,,0.2
0036-dwfn-exeB-sy1952-cs0.2flat-e0.3-ss5reg_0-bspm_estq_softdep_mvprior,bspm_estq_softdep_mvprior,0036-dwfn-exeB-sy1952-cs0.2flat-e0.3-ss5reg_0,0036-dwfn-exeB-sy1952-cs0.2flat-e0.3-ss5reg,0,0,683.224,519.6838,163,0,0,0,1.00857944558516,0.71347678598443,1,1,0,1,114,1463.9928581176,53.7295659732534,-731.996429058802,0.649122807017544,-693.029677248022,-697.075267549124,3.97477090613032,5.54656926020518,-45.0794527256536,6.84811901538188,0.722189025668509,-28.9484684042768,,0.211728946478222,0.243058876384605,0.243058876384605,0.185594099850392,0.381771167172335,0.165564364430181,0.249072370611538,0.485043183588941,12.7940743868969,0.394458815780315,0.238024082679024,0.0716252620457919,1.42302907030437,29325.0592349496,0.43432750426534,158995.846118011,0.197229407890157,0.219686295171019,348422.016473404,0.977580654319382,0.00344762234097551,0.00345357908596624,146725.70775424,0.416321889690742,0.128090780041695,0.13706997181292,0.961238491388382,0.961238491388382,0.65433333432885,0.629967940779547,0.927724312180089,0.927724312180089,0.703899524941398,0.67518447998572,,,,-2.9311037,,,,,0.2661089,,,,,0.2
0037-dwfn-exeBF-sy1952-cs0.2flat-e0.3-ss5reg_0-bspm_estq_flex,bspm_estq_flex,0037-dwfn-exeBF-sy1952-cs0.2flat-e0.3-ss5reg_0,0037-dwfn-exeBF-sy1952-cs0.2flat-e0.3-ss5reg,0,0,718.877,524.4984,163,0,0,0,1.00857944558516,0.71347678598443,1,1,0,1,114,1463.9928581176,53.7295659732534,-731.996429058802,0.649122807017544,-693.029677248022,-697.075267549124,3.97477090613032,5.54656926020518,-45.0794527256536,6.84811901538188,0.722189025668509,-28.9484684042768,,0.211728946478222,0.243058876384605,0.243058876384605,0.185594099850392,0.381771167172335,0.165564364430181,0.249072370611538,0.485043183588941,12.7940743868969,0.394458815780315,0.238024082679024,0.0716252620457919,1.42302907030437,29325.0592349496,0.43432750426534,158995.846118011,0.197229407890157,0.219686295171019,348422.016473404,0.977580654319382,0.00344762234097551,0.00345357908596624,146725.70775424,0.416321889690742,0.128090780041695,0.13706997181292,0.961238491388382,0.961238491388382,0.65433333432885,0.629967940779547,0.927724312180089,0.927724312180089,0.703899524941398,0.67518447998572,,,,-2.9311037,,,,,0.2661089,,,,,0.2
0038-dwfn-exeBX-sy1952-cs0.2flat-e0.3-ss5reg_0-bspm_estq_softdep_mvprior_x0,bspm_estq_softdep_mvprior_x0,0038-dwfn-exeBX-sy1952-cs0.2flat-e0.3-ss5reg_0,0038-dwfn-exeBX-sy1952-cs0.2flat-e0.3-ss5reg,0,0,433.094,420.3836,164,0,0,0,1.00562652657055,0.667184271711726,1,1,0,1,114,1462.51478602958,53.2490145303906,-731.257393014791,0.68421052631579,-692.682623869848,-696.993055639618,4.14615372725318,5.38534432463868,-45.4778367204151,6.5825315249322,0.630026720222147,-29.7022869630255,,0.212044122936933,0.24242768039131,0.24242768039131,0.185904954530772,0.380980995879147,0.166066841256178,0.249538723650757,0.484353711846705,12.7637383819257,0.41194181226432,0.235040414405885,0.0715132418180269,1.36327414825908,29225.3833352031,0.42611445128999,148951.796808784,0.20597090613216,0.230635179116884,343304.624535901,0.980893661989467,0.00351745833100525,0.00352365913254265,137330.895535801,0.395432251925966,0.134076591560009,0.143958841281191,0.943416482400614,0.943416482400614,0.666556900484971,0.637591841645815,0.912208892252025,0.912208892252025,0.715992271435598,0.689576485966385,,,,-2.9311037,,,,,0.2661089,,,,,0.2
0039-dwfn-exeBFX-sy1952-cs0.2flat-e0.3-ss5reg_0-bspm_estq_flex_x0,bspm_estq_flex_x0,0039-dwfn-exeBFX-sy1952-cs0.2flat-e0.3-ss5reg_0,0039-dwfn-exeBFX-sy1952-cs0.2flat-e0.3-ss5reg,0,0,490.954,469.4584,164,0,0,0,1.00562652657055,0.667184271711726,1,1,0,1,114,1462.51478602958,53.2490145303906,-731.257393014791,0.68421052631579,-692.682623869848,-696.993055639618,4.14615372725318,5.38534432463868,-45.4778367204151,6.5825315249322,0.630026720222147,-29.7022869630255,,0.212044122936933,0.24242768039131,0.24242768039131,0.185904954530772,0.380980995879147,0.166066841256178,0.249538723650757,0.484353711846705,12.7637383819257,0.41194181226432,0.235040414405885,0.0715132418180269,1.36327414825908,29225.3833352031,0.42611445128999,148951.796808784,0.20597090613216,0.230635179116884,343304.624535901,0.980893661989467,0.00351745833100525,0.00352365913254265,137330.895535801,0.395432251925966,0.134076591560009,0.143958841281191,0.943416482400614,0.943416482400614,0.666556900484971,0.637591841645815,0.912208892252025,0.912208892252025,0.715992271435598,0.689576485966385,,,,-2.9311037,,,,,0.2661089,,,,,0.2
0040-dwfn-exeBF-sy1952-cs0.2DWflat-e0.3-ss5reg_0-bspm_estq_flex,bspm_estq_flex,0040-dwfn-exeBF-sy1952-cs0.2DWflat-e0.3-ss5reg_0,0040-dwfn-exeBF-sy1952-cs0.2DWflat-e0.3-ss5reg,0,0,648.434,478.1452,163,0,0.003,0,1.00777768353287,0.725021121862696,1,1,0,1,114,1462.06123322824,41.1370177240048,-731.030616614122,0.719298245614035,-701.542482457809,-705.650745426779,3.85856364108156,5.34009156213442,-45.4695532937369,6.45698450804695,0.54870186572181,-32.2447249289052,,0.2062261891056,0.243287704856407,0.243287704856407,0.188229824526775,0.378074706319586,0.16974526751856,0.248377755690232,0.48771396443038,12.5951472153027,0.502595735756507,0.237654647124602,0.060909517842212,1.158376948029,28680.1992813714,0.395228710762439,115117.165867802,0.251297867878254,0.289414072921876,294816.510360015,1.00552882370943,0.0319293377915831,0.0324501967240171,111406.853812466,0.375538750559515,0.162428461963327,0.17724860393678,0.960285076673225,0.960285076673225,0.653990923475007,0.615369620877071,0.910335511717312,0.910335511717312,0.693895556184196,0.659034806946667,,,,-2.9311037,,,,,0.2661089,,,,,0.2
0041-dwfn-exeBF-sy1952-cs0.2DWpower-e0.3-ss5reg_0-bspm_estq_flex,bspm_estq_flex,0041-dwfn-exeBF-sy1952-cs0.2DWpower-e0.3-ss5reg_0,0041-dwfn-exeBF-sy1952-cs0.2DWpower-e0.3-ss5reg,0,0,718.876,524.66,163,0,0.01,0,1.00774832082291,0.743806907833056,1,1,0,1,114,1490.17624368347,27.3267041008786,-745.088121841734,0.885964912280702,-726.822055568459,-731.322667282893,4.46207294141033,4.81337363018577,-43.7008755212245,5.98180640982405,0.377324650368637,-32.7394609318295,,0.324565755872196,0.241111102142291,0.241111102142291,0.194571790556274,0.378223270483161,0.178007811216485,0.25272499445014,0.489921097020129,12.6173125399028,0.534576801421598,0.23589463875122,0.0556790369638838,1.13405305004426,30279.6845886266,0.391245734370023,116173.602790152,0.267288400710799,0.311003146810998,302462.305184787,1.00329525574035,0.0284552089404267,0.028867906175907,96401.3205976696,0.320400078329588,0.184128052788938,0.203497865326694,0.836835211524914,0.836835211524914,0.695813120261653,0.655367211392417,0.794618691097458,0.794618691097458,0.740112628637639,0.706915618601188,,,,-2.9311037,,,,,0.2661089,,,,,0.2
0042-dwfn-exeB-sy1952-cs0.2correct-e0.3-ss5reg_0-bspm_estq_softdep_mvprior,bspm_estq_softdep_mvprior,0042-dwfn-exeB-sy1952-cs0.2correct-e0.3-ss5reg_0,0042-dwfn-exeB-sy1952-cs0.2correct-e0.3-ss5reg,0,0,725.986,543.9648,163,0,0.001,0,1.00886458395921,0.722478029264834,1,1,0,1,114,1440.68287728985,42.4089290326828,-720.341438644927,0.649122807017544,-689.661833579884,-693.435779970986,3.53008731530082,5.09443519707152,-43.7769468284756,6.1735285889462,0.783114485466219,-30.5701134685038,,0.200598825214414,0.245552337380657,0.245552337380657,0.189443571719965,0.378993179745599,0.169344336238734,0.249941538701407,0.485841610420166,12.5991769911712,0.497292150223739,0.239207808112016,0.0596790441252721,1.17402885799944,28653.7240913251,0.39775319210188,115840.371272652,0.248646075111869,0.285878485352444,299848.217498586,1.00479219556678,0.0261390249652231,0.0264867216353727,110646.536216135,0.37412271224251,0.164230025028486,0.179401867015433,0.954506323418513,0.954506323418513,0.660343804043116,0.621958767942227,0.910943496860474,0.910943496860473,0.704689768869928,0.667705077809261,,,,-2.9311037,,,,,0.2661089,,,,,0.2
0043-dwfn-exeBX-sy1953-cs0.2flat-e0.3-ss5reg_0-bspm_estq_softdep_mvprior_x0,bspm_estq_softdep_mvprior_x0,0043-dwfn-exeBX-sy1953-cs0.2flat-e0.3-ss5reg_0,0043-dwfn-exeBX-sy1953-cs0.2flat-e0.3-ss5reg,0,0,662.414,569.4916,162,0,0,0,1.01314605995058,0.622533710402529,1,0.993827160493827,0,1,113,1427.53501293711,43.4077837599084,-713.767506468555,0.690265486725664,-682.007357042028,-685.160488101072,3.16649266229664,4.99370730965,-42.8456439428528,6.07901321923034,0.874765237647024,-29.9197481517929,,0.201941994676109,0.248907516837542,0.248907516837542,0.191285930948066,0.380741644045851,0.173489710937462,0.251270844738776,0.483989311252658,12.59478758586,0.517345978836273,0.242770286827703,0.059614508145585,1.06969801504594,28643.9700293159,0.380339840823348,111503.566003781,0.258672989418136,0.299313441739702,298178.097708506,1.01251922359725,0.0451388774551151,0.0461893706142481,103077.986060555,0.351330877862808,0.173756061825575,0.1908652266503,0.923861181226444,0.923861181226444,0.668827764140554,0.630267840412478,0.890932991257901,0.890932991257901,0.716276064902069,0.680857834475108,,,,-2.9311037,,,,,0.2661089,,,,,0.2
0044-dwfn-exeBX-sy1952-cs0.2DWNoProc-e0.5-ss5reg_0-bspm_estq_softdep_mvprior_x0,bspm_estq_softdep_mvprior_x0,0044-dwfn-exeBX-sy1952-cs0.2DWNoProc-e0.5-ss5reg_0,0044-dwfn-exeBX-sy1952-cs0.2DWNoProc-e0.5-ss5reg,0,0,445.604,435.7968,164,0,0,0,1.0102571588448,0.633460093647646,1,0.99390243902439,0,1,114,1468.68751292898,49.7650198408168,-734.343756464488,0.587719298245614,-696.697188176144,-694.629474483581,-1.84123044254411,5.70821919271191,-40.7102675844199,6.50897975379443,2.41657974354122,-21.7538842409753,,0.214968487796614,0.279687579685199,0.279687579685199,0.150091371178998,0.397190780584699,0.133761108335474,0.226552011393561,0.475546725741365,12.7643593077212,0.358943837827148,0.269808236750633,0.00100098055428667,1.57497875772505,27862.0771838293,0.453837941146632,160434.749398631,0.179471918913574,0.19780714471006,348197.733803325,1.0009337944385,0.00246699239345549,0.00247004043322658,152014.763768798,0.427028417509515,0.12510563698776,0.133652128271101,0.931156970039809,0.931156970039809,0.726289550826208,0.70140982988287,0.902695294937906,0.902695294937906,0.750345239549062,0.731818788801962,,,,-6.90775527898214,,,,,0.05,,,,,0.2
0045-dwfn-exeBX-sy1952-cs0.2DWNoProcOldlKPrior-e0.5-ss5reg_0-bspm_estq_softdep_mvprior_x0,bspm_estq_softdep_mvprior_x0,0045-dwfn-exeBX-sy1952-cs0.2DWNoProcOldlKPrior-e0.5-ss5reg_0,0045-dwfn-exeBX-sy1952-cs0.2DWNoProcOldlKPrior-e0.5-ss5reg,0,0,407.63,355.146,164,0,0.001,0,1.00815085580851,0.701245798685978,1,1,0,1,114,1468.45680017096,49.0374163241186,-734.228400085481,0.596491228070175,-696.672388401473,-694.008664145279,-2.45578785189581,6.28307087684976,-40.4556955733826,7.09301879980205,3.02804228275126,-18.5060699690368,,0.214297486297477,0.283272154778941,0.283272154778941,0.135294053744803,0.399346730525485,0.111555403924111,0.217152801724924,0.472064532656949,12.9997476573136,0.255351234466298,0.276559676990365,0.00100141903277175,1.98433157320607,27465.6810509737,0.498480709900698,223749.186628149,0.127675617233149,0.13659395978616,444869.952518074,0.999251630634259,0.00194822437018055,0.00195012462784755,200242.360715609,0.447482406410167,0.0998000337975333,0.105138355746883,0.897743927560549,0.897743927560549,0.782296697470532,0.77052103049795,0.881668869573228,0.881668869573228,0.806792368274465,0.797453532491192,,,,-6.90775527898214,,,,,0.05,,,,,0.2
0046-dwfn-exeBX-sy1952-cs0.2DWNoProcOldlKPrior-e0.3-ss5reg_0-bspm_estq_softdep_mvprior_x0,bspm_estq_softdep_mvprior_x0,0046-dwfn-exeBX-sy1952-cs0.2DWNoProcOldlKPrior-e0.3-ss5reg_0,0046-dwfn-exeBX-sy1952-cs0.2DWNoProcOldlKPrior-e0.3-ss5reg,0,0,431.012,390.4384,164,0,0.003,0,1.00857118100301,0.539378048524884,1,1,0,1,114,1483.74260847788,53.4897896099108,-741.871304238941,0.675438596491228,-701.717378199629,-698.861085514306,-2.5373873930761,6.4047930496183,-40.5801619836544,7.0939705444453,2.96585959773437,-17.1448134890355,,0.214757915063573,0.283354259588779,0.283354259588779,0.13330336111092,0.399461229611911,0.113091136892145,0.218230498916456,0.470681852737535,13.0205998774617,0.240458565246012,0.278048870237814,0.000999119768471581,2.18378728283106,27000.0571443425,0.516955664661177,233956.503799332,0.120229282623006,0.128093959904896,452680.936235867,0.997558619266447,0.00270943586752714,0.00271311303417496,203269.066234795,0.457473673036459,0.0922615260902093,0.0967989662044227,0.87850966250159,0.87850966250159,0.788504270592367,0.776691583571386,0.862840388113193,0.862840388113193,0.823521939477228,0.814664730705241,,,,-6.90775527898214,,,,,0.05,,,,,0.2
0047-dwfn-exeBX-sy1988-cs0.2flat-e0.3-ss5reg_0-bspm_estq_softdep_mvprior_x0,bspm_estq_softdep_mvprior_x0,0047-dwfn-exeBX-sy1988-cs0.2flat-e0.3-ss5reg_0,0047-dwfn-exeBX-sy1988-cs0.2flat-e0.3-ss5reg,0,0,150.138,141.408,85,0,0.001,0,1.008983977598,0.725081503555882,1,1,0,1,69,698.155503910846,20.6411165825369,-349.077751955423,0.739130434782609,-334.490622921578,-336.356447583803,1.71059573645313,6.34286105831788,-17.3980461862124,7.30181373871896,2.04046089031883,-23.6276258283083,,0.190950452668755,0.269056871332326,0.269056871332326,0.162960357490023,0.324733135657732,0.144489955771594,0.237547507406592,0.479699683771278,12.9427253612436,0.337039308236248,0.249870906680013,0.0626167282686605,1.81346049555079,30780.9365700783,0.481073931842433,199536.932004364,0.168519654118124,0.184547641104821,278598.923117228,0.685376541056467,0.0906729037991688,0.0950504084384667,233024.132396269,0.573608848665165,0.0820712625464057,0.0856355222702983,1.18957538587288,1.18957538587288,0.527241664669112,0.496841678904299,1.15242360455492,1.15242360455492,0.561390209993688,0.534189411645953,,,,-2.9311037,,,,,0.2661089,,,,,0.2
0048-dwfn-exeF-sy1952-cs0.2flat-e0.3-ss5reg-mvbase_0-bspm_estF_mvprior,bspm_estF_mvprior,0048-dwfn-exeF-sy1952-cs0.2flat-e0.3-ss5reg-mvbase_0,0048-dwfn-exeF-sy1952-cs0.2flat-e0.3-ss5reg-mvbase,0,0,179.286,170.4854,147,0,0,0,1.01013266746442,0.729503054499563,1,0.993197278911565,0,1,114,1457.94945026695,48.0264254633419,-728.974725133477,0.535087719298246,-693.183650686814,-692.71057912498,-0.343677384471793,6.07566738346821,-33.4439574526858,7.07306571515447,2.55673416776094,-19.7207953444532,,0.210435034295961,0.271581326811377,0.271581326811377,0.148913016648618,0.384010006674506,0.124068674160251,0.221758394786277,0.481706701793041,13.3907523167921,0.335529282152884,0.266253781133543,0.0652012736849978,1.76318675228384,51581.0002245527,0.475636627556687,310798.768200273,0.167764641076442,0.18363999616297,658149.048638125,0.99648436823021,0.00103331309240451,0.00103384732862912,492952.501613087,0.771168806311747,0.043856902361871,0.0448476948502346,1.60973064600082,1.60973064600082,0.251735145009028,0.232882410830827,1.59269547975668,1.59269547975668,0.25468188512634,0.237937272325387,,,,-2.9311037,,,,,0.2661089,,,,0.047263287264325,0.2
0049-dwfn-exeF-sy1952-cs0.2flat-e0.3-ss5reg-sfalt_0-bspm_estF_mvprior,bspm_estF_mvprior,0049-dwfn-exeF-sy1952-cs0.2flat-e0.3-ss5reg-sfalt_0,0049-dwfn-exeF-sy1952-cs0.2flat-e0.3-ss5reg-sfalt,0,0,233.132,176.5384,147,0,0,0,1.00911876177772,0.666202062798097,1,1,0,1,114,1454.11428592913,48.1852431662122,-727.057142964567,0.587719298245614,-691.399698535446,-692.977790864735,1.58264030779226,6.26131933138164,-38.9730252457587,7.27257083000833,2.01965117055027,-23.5250351684036,,0.208659487925229,0.2589802599192,0.2589802599192,0.160121633473748,0.382224944367993,0.140363504289765,0.234022170945208,0.478864952229709,12.905646364862,0.34588271332426,0.250013298601064,0.0623975036635395,1.79257671247616,30625.8540118337,0.478834258952382,188850.207108817,0.17294135666213,0.189879681311278,404142.957101879,0.998151563961816,0.00170127810905285,0.001702726926121,211261.507897951,0.551305642992585,0.0950845955816107,0.0999138322054892,1.13988925236714,1.13988925236714,0.577933401257487,0.552504757801488,1.11625373487033,1.11625373487033,0.590119841060989,0.567708387829076,,,,-2.9311037,,,,,0.2661089,,,,0.0757904284783231,0.2
0050-dwfn-exeF-sy1952-cs0.2flat-e0.3-ss5reg-salt_0-bspm_estF_mvprior,bspm_estF_mvprior,0050-dwfn-exeF-sy1952-cs0.2flat-e0.3-ss5reg-salt_0,0050-dwfn-exeF-sy1952-cs0.2flat-e0.3-ss5reg-salt,0,0,202.362,184.5486,147,0,0,0,1.01007394372723,0.749950027992914,1,0.993197278911565,0,1,114,1458.02923153567,48.2470270430239,-729.014615767835,0.587719298245614,-693.157800226618,-693.054218427903,0.20606052940139,6.18029494996761,-35.5470142400203,7.12592200369524,2.43274799828565,-19.7977392904563,,0.209297360452139,0.267897303779275,0.267897303779275,0.150701232071244,0.383114685839838,0.129567290267215,0.226368974880765,0.477817130784629,13.2830520160429,0.245057436457178,0.258684190361941,0.0619764840720017,2.2705204702078,34427.6356781691,0.524446454753057,308531.750224306,0.122528718228589,0.130711052153127,584540.94738524,0.999148504813366,0.00116019899481257,0.00116087254670851,361730.727212502,0.653196879116321,0.0563975297591664,0.0580503144234129,1.23876240229417,1.23876240229417,0.477489175744931,0.462262835139484,1.21008887081937,1.21008887081937,0.503416201294783,0.487335879009349,,,,-2.9311037,,,,,0.2661089,,,,0.047263287264325,0.2
0051-dwfn-exeF-sy1952-cs0.2flat-e0.3-ss5reg-salt-sfalt_0-bspm_estF_mvprior,bspm_estF_mvprior,0051-dwfn-exeF-sy1952-cs0.2flat-e0.3-ss5reg-salt-sfalt_0,0051-dwfn-exeF-sy1952-cs0.2flat-e0.3-ss5reg-salt-sfalt,0,0,173.421,147.0208,147,0,0,0,1.00895224501286,0.722226065810507,1,1,0,1,114,1456.39304150561,49.3439125487574,-728.196520752805,0.570175438596491,-691.422443367547,-693.266214775277,1.79236416807633,6.24224778820378,-38.2637849603415,7.22026264765864,1.93170354449975,-22.9812631042611,,0.210207627968689,0.257129468727148,0.257129468727148,0.161464450879938,0.381461840061995,0.143312936936098,0.235481306811803,0.479829725322374,12.9129917956137,0.297675554366936,0.24948351398031,0.060064959283328,2.19794702893285,29809.6240484119,0.518199758477665,209713.001826411,0.148837777183468,0.161152544154627,405408.549445703,0.99496470774786,0.00166823214872774,0.00166962519765435,211859.416819231,0.539693717673537,0.095679025088145,0.100570920866651,1.04138396236599,1.04138396236599,0.651319030950993,0.631291418109811,1.01300029867736,1.01300029867736,0.653267269885371,0.636496526488912,,,,-2.9311037,,,,,0.2661089,,,,0.0757904284783231,0.2
0052-dwfn-exeB-sy1952-cs0.2flat-e0.3-ss5reg-qmf_0-bspm_estq_softdep_mvprior,bspm_estq_softdep_mvprior,0052-dwfn-exeB-sy1952-cs0.2flat-e0.3-ss5reg-qmf_0,0052-dwfn-exeB-sy1952-cs0.2flat-e0.3-ss5reg-qmf,0,0,890.206,726.5022,163,0,0,0,1.00965384778631,0.763956736433646,1,1,0,1,114,1463.42301871417,53.516495620274,-731.711509357086,0.605263157894737,-693.033629372769,-696.832464958133,3.81205239544259,5.70587412868023,-43.330788114433,6.94236062741684,1.1457375378139,-27.5386973640187,,0.210150303855795,0.244922727423156,0.244922727423156,0.178307279902233,0.380131284824326,0.159182682492049,0.244521416214618,0.484945397795252,12.9089969280619,0.389714002926025,0.23835047238913,0.0735874244087751,1.42624648257166,30269.6212722272,0.434760597261454,185871.788162297,0.194857001463012,0.216708602631899,399679.152327142,0.978036964354738,0.0029746150263737,0.00297904799061863,180839.98963111,0.467460532841972,0.103692965466111,0.10947225323385,1.08773449753206,1.08773449753206,0.564092784243754,0.534512187807524,1.04139604560063,1.04139604560063,0.618762602238483,0.591875841075965,,,,-2.9311037,,,,,0.2661089,,,,0.047263287264325,0.2
0053-dwfn-exeB-sy1952-cs0.2flat-e0.3-ss5reg-salt_0-bspm_estq_softdep_mvprior,bspm_estq_softdep_mvprior,0053-dwfn-exeB-sy1952-cs0.2flat-e0.3-ss5reg-salt_0,0053-dwfn-exeB-sy1952-cs0.2flat-e0.3-ss5reg-salt,0,0,765.616,562.643,163,0,0.001,0,1.01347540534986,0.716002287409332,1,0.987730061349693,0,1,114,1464.43174928889,53.0755888983416,-732.215874644445,0.675438596491228,-693.643402442282,-697.196715283681,3.56983087218447,5.77128286991803,-42.8206064144387,6.88930232166088,1.25689129169678,-27.0731469884075,,0.21269969390979,0.246127544596728,0.246127544596728,0.176313232089752,0.380667414382913,0.159433706086142,0.246338596443828,0.481068640831854,12.9667440707609,0.275310169618143,0.241344909770828,0.0698277675551045,2.22409425666821,29695.591103946,0.520475094097342,222883.463976593,0.137655084809071,0.148099958792455,414555.645025062,0.980779798002497,0.0028883006660495,0.00289247986322176,186644.340995685,0.459543406680541,0.100800085043732,0.106249896211971,0.88462873014198,0.88462873014198,0.729827204456802,0.712631536454783,0.853969827859961,0.853969827859961,0.779353356897888,0.763162826898373,,,,-2.9311037,,,,,0.2661089,,,,0.047263287264325,0.2
0054-dwfn-exeB-sy1952-cs0.2flat-e0.3-ss5reg-qmf-salt_0-bspm_estq_softdep_mvprior,bspm_estq_softdep_mvprior,0054-dwfn-exeB-sy1952-cs0.2flat-e0.3-ss5reg-qmf-salt_0,0054-dwfn-exeB-sy1952-cs0.2flat-e0.3-ss5reg-qmf-salt,0,0,816.494,632.5878,163,0,0,0,1.01204023492084,0.740676377437114,1,0.993865030674847,0,1,114,1466.82030892558,54.5425334822684,-733.41015446279,0.657894736842105,-693.187798512166,-696.389017503327,3.23655260857451,5.81305705020616,-42.9083963009474,6.97811099290987,1.43187853221754,-26.1096603217308,,0.210346034795848,0.24739945236014,0.24739945236014,0.174471862978975,0.382036947476114,0.154811230655829,0.244673809944603,0.483200491186336,13.1199661197342,0.260369553618876,0.24127917948501,0.0726912438928013,2.23207476639569,30387.2442735161,0.521163952679938,263470.440979021,0.130184776809438,0.139474477399895,492945.248411352,0.976179793389887,0.00247043007526415,0.00247348663032036,229851.77447456,0.502168413147003,0.0839568561210209,0.0876918293073548,0.969298615042957,0.969298615042957,0.652391305382854,0.633413024293589,0.935090003341343,0.935090003341343,0.70172455330077,0.685032402578341,,,,-2.9311037,,,,,0.2661089,,,,0.047263287264325,0.2
0055-dwfn-exeBX-sy1988-cs0.2flat-e0.3-ss5reg-x0.7_0-bspm_estq_softdep_mvprior_x0,bspm_estq_softdep_mvprior_x0,0055-dwfn-exeBX-sy1988-cs0.2flat-e0.3-ss5reg-x0.7_0,0055-dwfn-exeBX-sy1988-cs0.2flat-e0.3-ss5reg-x0.7,0,0,147.846,129.6886,85,0,0.001,0,1.00866078769343,0.681690553143068,1,1,0,1,69,698.019155132553,20.6370391106216,-349.009577566276,0.797101449275362,-334.508709036527,-336.325500531565,1.76961861774297,6.32243228368827,-17.7558837400675,7.32153264594496,1.85994460951947,-23.7055755408638,,0.187774792554055,0.268785119626769,0.268785119626769,0.162403533542474,0.325280580562591,0.143296423608856,0.236898864059693,0.479937944835338,12.9370706128245,0.314097220087151,0.249413456935882,0.0630174109438814,1.94590540470171,30678.8037814722,0.494702303080812,204116.174621034,0.157048610043576,0.170845986225839,291704.506812096,0.69984517999436,0.0868085625998846,0.0908097422711349,243200.72466197,0.590498193542441,0.0807020113450365,0.084144956097553,1.21421669894209,1.21421669894209,0.517188155733914,0.494502179574477,1.18118842427277,1.18118842427277,0.552795246358205,0.528489841805823,,,,-2.9311037,,,,,0.2661089,,,,0.047263287264325,0.2
0056-dwfn-exeBX-sy1988-cs0.2flat-e0.3-ss5reg-x0.55_0-bspm_estq_softdep_mvprior_x0,bspm_estq_softdep_mvprior_x0,0056-dwfn-exeBX-sy1988-cs0.2flat-e0.3-ss5reg-x0.55_0,0056-dwfn-exeBX-sy1988-cs0.2flat-e0.3-ss5reg-x0.55,0,0,149.31,142.3764,85,0,0,0,1.00607388167835,0.73510502914037,1,1,0,1,69,695.988415314295,20.0739019543341,-347.994207657147,0.695652173913044,-333.80349018471,-336.074144096487,2.2417611922449,5.81421360907183,-17.1038459130956,6.94608348529923,1.48089774467042,-26.3031929674435,,0.189146029758605,0.264933956623679,0.264933956623679,0.17498682723487,0.320517888349281,0.157922815967646,0.245581731382697,0.479430512403856,12.8168181321595,0.325447662860916,0.244690933469777,0.0594297746986919,1.92875373285372,29282.2775532792,0.492991167093854,178774.895145505,0.162723831430458,0.177601312496542,203799.185185691,0.548773963043521,0.118712046617401,0.126370858309223,174439.118544543,0.470286260834834,0.109369218217278,0.115825328753824,0.956450821555652,0.956450821555652,0.679032670073885,0.658005011257749,0.925904340625239,0.925904340625239,0.712270476399244,0.696555363230384,,,,-2.9311037,,,,,0.2661089,,,,0.047263287264325,0.2
0057-dwfn-exeBX-sy1988-cs0.2flat-e0.3-ss5reg-x0.85_0-bspm_estq_softdep_mvprior_x0,bspm_estq_softdep_mvprior_x0,0057-dwfn-exeBX-sy1988-cs0.2flat-e0.3-ss5reg-x0.85_0,0057-dwfn-exeBX-sy1988-cs0.2flat-e0.3-ss5reg-x0.85,0,0,165.262,153.712,85,0,0,0,1.00697878910749,0.679120444425686,1,1,0,1,69,699.053478630151,20.8274008489965,-349.526739315076,0.739130434782609,-334.871383477664,-336.291349473453,1.42557104823118,6.73065584352783,-18.3645132709091,7.64886521564288,2.26268925869668,-23.2006292269032,,0.190270028622181,0.271942958405884,0.271942958405884,0.151784268387505,0.331875231582609,0.131342328087999,0.231217529062543,0.480848045221776,13.1800757492388,0.327367396148409,0.25057157363386,0.0653499678204643,1.8447721606712,37478.2198657432,0.484384186598989,261178.113011556,0.163683698074204,0.178116056574297,449782.460395963,0.846586319491425,0.0587242220207457,0.0605191143017697,373353.829092346,0.713542516569734,0.0533456183624405,0.0548212140901643,1.49705623037896,1.49705623037896,0.345266784781006,0.32835137395304,1.45768492775792,1.45768492775792,0.363030882466215,0.344511130008723,,,,-2.9311037,,,,,0.2661089,,,,0.047263287264325,0.2
0058-dwfn-exeBX-sy1988-cs0.2flat-e0.3-ss5reg-salt-x0.7_0-bspm_estq_softdep_mvprior_x0,bspm_estq_softdep_mvprior_x0,0058-dwfn-exeBX-sy1988-cs0.2flat-e0.3-ss5reg-salt-x0.7_0,0058-dwfn-exeBX-sy1988-cs0.2flat-e0.3-ss5reg-salt-x0.7,0,0,141.535,122.6828,85,0,0.001,0,1.00866078769343,0.681690553143068,1,1,0,1,69,698.019155132553,20.6370391106216,-349.009577566276,0.797101449275362,-334.508709036527,-336.325500531565,1.76961861774297,6.32243228368827,-17.7558837400675,7.32153264594496,1.85994460951947,-23.7055755408638,,0.187774792554055,0.268785119626769,0.268785119626769,0.162403533542474,0.325280580562591,0.143296423608856,0.236898864059693,0.479937944835338,12.9370706128245,0.314097220087151,0.249413456935882,0.0630174109438814,1.94590540470171,30678.8037814722,0.494702303080812,204116.174621034,0.157048610043576,0.170845986225839,291704.506812096,0.69984517999436,0.0868085625998846,0.0908097422711349,243200.72466197,0.590498193542441,0.0807020113450365,0.084144956097553,1.21421669894209,1.21421669894209,0.517188155733914,0.494502179574477,1.18118842427277,1.18118842427277,0.552795246358205,0.528489841805823,,,,-2.9311037,,,,,0.2661089,,,,0.047263287264325,0.2
0059-dwfn-exeBX-sy1988-cs0.2flat-e0.3-ss5reg-qmf-x0.7_0-bspm_estq_softdep_mvprior_x0,bspm_estq_softdep_mvprior_x0,0059-dwfn-exeBX-sy1988-cs0.2flat-e0.3-ss5reg-qmf-x0.7_0,0059-dwfn-exeBX-sy1988-cs0.2flat-e0.3-ss5reg-qmf-x0.7,0,0,223.398,173.2956,85,0,0,0,1.00606626225071,0.738872694835855,1,1,0,1,69,699.367123692228,21.3960560090077,-349.683561846114,0.782608695652174,-335.036072845845,-336.477480000178,1.61016159980767,6.2760839259052,-15.154948607481,7.3443431148047,2.16156753024832,-23.3020123614939,,0.189521790880915,0.269739451612659,0.269739451612659,0.156277406204148,0.327498408465527,0.138664398318665,0.234675187449052,0.481614724055787,13.2667250666148,0.330238971653989,0.252698852352723,0.0671588657078223,1.80474356532562,36101.7478558245,0.480141932492146,293066.88806405,0.165119485826994,0.180433261348998,407189.167239665,0.714031633959495,0.0606710390434564,0.0625895304242402,368885.972890357,0.671479978043032,0.052770124701105,0.0542134760091583,1.39600996475315,1.39600996475315,0.384473429607692,0.358871758093585,1.3566082339901,1.3566082339901,0.412892614138856,0.387471749145832,,,,-2.9311037,,,,,0.2661089,,,,0.047263287264325,0.2
0060-dwfn-exeBX-sy1988-cs0.2flat-e0.3-ss5reg-qmf-salt-x0.7_0-bspm_estq_softdep_mvprior_x0,bspm_estq_softdep_mvprior_x0,0060-dwfn-exeBX-sy1988-cs0.2flat-e0.3-ss5reg-qmf-salt-x0.7_0,0060-dwfn-exeBX-sy1988-cs0.2flat-e0.3-ss5reg-qmf-salt-x0.7,0,0,232.058,180.3344,85,0,0,0,1.00606626225071,0.738872694835855,1,1,0,1,69,699.367123692228,21.3960560090077,-349.683561846114,0.782608695652174,-335.036072845845,-336.477480000178,1.61016159980767,6.2760839259052,-15.154948607481,7.3443431148047,2.16156753024832,-23.3020123614939,,0.189521790880915,0.269739451612659,0.269739451612659,0.156277406204148,0.327498408465527,0.138664398318665,0.234675187449052,0.481614724055787,13.2667250666148,0.330238971653989,0.252698852352723,0.0671588657078223,1.80474356532562,36101.7478558245,0.480141932492146,293066.88806405,0.165119485826994,0.180433261348998,407189.167239665,0.714031633959495,0.0606710390434564,0.0625895304242402,368885.972890357,0.671479978043032,0.052770124701105,0.0542134760091583,1.39600996475315,1.39600996475315,0.384473429607692,0.358871758093585,1.3566082339901,1.3566082339901,0.412892614138856,0.387471749145832,,,,-2.9311037,,,,,0.2661089,,,,0.047263287264325,0.2
0061-dwfn-c0.2-nb-qb-s1_0-bspm_estqsimple_softdep_mvprior_x0,bspm_estqsimple_softdep_mvprior_x0,0061-dwfn-c0.2-nb-qb-s1_0,0061-dwfn-c0.2-nb-qb-s1,0,0,406.579,376.007,149,0,0,0,1.00505281445639,0.7005787649256,1,1,0,1,114,1457.17171247903,49.9247140968279,-728.585856239515,0.771929824561403,-692.073025001383,-694.912434403126,2.74235617799616,5.60870951100929,-43.2900450657942,6.62468021427292,1.32042140041828,-28.7541845675204,,0.199544269403456,0.250092121270046,0.250092121270046,0.176597120512886,0.390624444562162,0.159067469425408,0.241767354272613,0.48672110354607,12.6915209753722,0.443868809174969,0.246839454236483,0.0646414156678173,1.38366882628011,29332.6727869394,0.428954905088693,140897.486420564,0.221934404587484,0.250944446232145,323083.042943747,0.988503992180388,0.00324945528505233,0.00325474623419187,142318.370520228,0.449131523936454,0.12874755574608,0.137823512718296,1.05179408950244,1.05179408950244,0.592616747825152,0.558778571947904,1.00324635376973,1.00324635376973,0.639117696882449,0.605537791844161,,,,-2.9311037,,,,,0.2661089,,,,,0.2
0062-dwfn-c0.3-nb-qb-s1_0-bspm_estqsimple_softdep_mvprior_x0,bspm_estqsimple_softdep_mvprior_x0,0062-dwfn-c0.3-nb-qb-s1_0,0062-dwfn-c0.3-nb-qb-s1,0,0,387.647,331.7364,149,0,0,0,1.00653270832289,0.697930658397485,1,1,0,1,114,1488.18028899132,36.9698175316597,-744.090144495659,0.947368421052632,-719.484074775335,-721.624075858484,2.11630648313588,5.30711299675449,-42.6352296683429,6.42993780874556,1.26996782197435,-27.1737953870978,,0.289057372691532,0.252418168512602,0.252418168512602,0.176813842471409,0.38805532043817,0.158854445629735,0.244722151895482,0.486449835223649,12.7791636718041,0.439533978832134,0.247512315127257,0.0624091462140461,1.36636276383869,30221.9607660179,0.426547894415309,150732.252763058,0.219766989416067,0.248114689739733,353010.061744078,0.994296940947603,0.00487779117608361,0.00488972642882892,150140.089279265,0.452967494815156,0.12140420322766,0.129430331709336,1.06248983527231,1.06248983527231,0.571518078684338,0.534864165772283,1.01252799640519,1.01252799640519,0.636914234982762,0.599224065074042,,,,-2.9311037,,,,,0.2661089,,,,,0.2
0063-dwfn-c0.4-nb-qb-s1_0-bspm_estqsimple_softdep_mvprior_x0,bspm_estqsimple_softdep_mvprior_x0,0063-dwfn-c0.4-nb-qb-s1_0,0063-dwfn-c0.4-nb-qb-s1,0,0,279.899,233.53,149,0,0,0,1.01085473072571,0.625390475737405,1,0.993288590604027,0,1,114,1499.06992160053,23.8405265228488,-749.534960800265,0.982456140350877,-734.764910456821,-735.995721420711,1.20323076281181,5.19835484870908,-41.0864840960855,6.36629769078023,1.22320574062371,-23.1543129470187,,0.355546032549064,0.260276072646254,0.260276072646254,0.175155207373446,0.38651088180104,0.161630092994596,0.24827108846364,0.479387816172009,12.8938971637267,0.399442412255658,0.252392287283767,0.0574418977500769,1.40378301909308,31821.9263933912,0.431717993806293,178412.739201741,0.199721206127829,0.222505677760643,399474.382572047,0.999002808455927,0.00614444725473962,0.00616340206028816,172140.624432353,0.444732329374715,0.113475146737153,0.120446129942845,1.03289283093078,1.03289283093078,0.585736906087464,0.55084956775908,0.98447248536309,0.98447248536309,0.671800886022035,0.637903755499866,,,,-2.9311037,,,,,0.2661089,,,,,0.2
0064-dwfn-c0.5-nb-qb-s1_0-bspm_estqsimple_softdep_mvprior_x0,bspm_estqsimple_softdep_mvprior_x0,0064-dwfn-c0.5-nb-qb-s1_0,0064-dwfn-c0.5-nb-qb-s1,0,0,363.415,263.9572,149,0,0,0,1.00990363774866,0.572409302105253,1,1,0,1,114,1509.92778823325,16.6531632100966,-754.963894116627,0.991228070175439,-744.763472015442,-745.467765002769,0.683650304112426,5.29027695979859,-39.3459774664104,6.41942606603486,1.55619097012861,-21.7904251309935,,0.410828735370328,0.262641446219279,0.262641446219279,0.169914725432815,0.385310342292285,0.15432160689606,0.244469704195458,0.479910939259033,12.9946149640597,0.394613871110239,0.257582595224686,0.0580646029888221,1.44599890537805,34074.6652992135,0.437399265071098,207042.378615631,0.19730693555512,0.219782874891058,441202.477771455,0.996887596378934,0.00662840864233877,0.00665047411142922,192223.027212239,0.457082679613453,0.100593933166631,0.106020659278404,1.05016479702714,1.05016479702714,0.54909367587714,0.521537772812485,0.996826399845269,0.996826399845269,0.652181987955926,0.623332730706139,,,,-2.9311037,,,,,0.2661089,,,,,0.2
0065-dwfn-c0.2-nb-qr-s1_0-bspm_estqsimple_softdep_mvprior_x0,bspm_estqsimple_softdep_mvprior_x0,0065-dwfn-c0.2-nb-qr-s1_0,0065-dwfn-c0.2-nb-qr-s1,0,0,400.209,357.7708,149,0,0,0,1.00898253400215,0.691967813253115,1,1,0,1,114,1461.89133479584,51.6726796296697,-730.945667397922,0.710526315789474,-693.597621101516,-695.741531130954,2.54674013922266,5.63419562836882,-43.1939383447746,6.73171144471367,1.49792154896262,-28.1693110768773,,0.202028335925587,0.251089972938224,0.251089972938224,0.174089106785918,0.387386991720129,0.156644826150049,0.240086497699844,0.486035779010889,12.7342144141203,0.450272872045152,0.244372023166214,0.0646994623064482,1.34545464071132,29389.9431786878,0.423601766650304,147983.976966396,0.225136436022576,0.254976528192173,336850.450323303,0.986552326296227,0.00311576128410851,0.00312062537467603,149774.596773156,0.456816008742651,0.123734071828734,0.132085663835736,1.10220439364214,1.10220439364214,0.574620040593775,0.537123160144886,1.06389892574708,1.06389892574708,0.608715654787515,0.571011675127818,,,,-2.9311037,,,,,0.2661089,,,,,0.2
0066-dwfn-c0.3-nb-qr-s1_0-bspm_estqsimple_softdep_mvprior_x0,bspm_estqsimple_softdep_mvprior_x0,0066-dwfn-c0.3-nb-qr-s1_0,0066-dwfn-c0.3-nb-qr-s1,0,0,342.008,266.1276,149,0,0,0,1.00545118362519,0.678284539272942,1,1,0,1,114,1489.09559785262,36.6550254753695,-744.547798926309,0.929824561403509,-720.275306062911,-721.909030508517,1.65754391451106,5.48252240930431,-42.4171170603474,6.56787891268469,1.40095916498789,-27.0502633087953,,0.290819494208915,0.256775401124911,0.256775401124911,0.174301159305467,0.388693062580874,0.15840777437206,0.244597835071153,0.48674392866115,12.7748688667331,0.429745548354535,0.248470471803615,0.0607470552744908,1.36173872214833,30362.9342949845,0.425899975893126,155083.6626446,0.214872774177267,0.241753807234979,351252.29861374,0.990702833845882,0.00500187454012752,0.00501442578602235,157977.01547001,0.45815804292813,0.118929831928807,0.126618010947691,1.08173952374248,1.08173952374248,0.568602695784163,0.532146988204,1.03138671718518,1.03138671718518,0.621880813143656,0.586331396121212,,,,-2.9311037,,,,,0.2661089,,,,,0.2
0067-dwfn-exeSTT-c0.2-nb-qb-s1_0-bspm_estqsimple_softdep_mvprior_x0_stt,bspm_estqsimple_softdep_mvprior_x0_stt,0067-dwfn-exeSTT-c0.2-nb-qb-s1_0,0067-dwfn-exeSTT-c0.2-nb-qb-s1,0,0,410.066,347.5578,150,0,0,0,1.01023484214555,0.384709796534003,1,0.993333333333333,0,1,114,45.831228820802,32.2662577206646,-22.915614410401,0.973684210526316,-3.04249398827487,-4.47095184843803,1.37463621602077,5.40185072935659,-39.8410897987842,6.49315622423141,1.69620577874852,-23.7809038978875,,0.25452649467933,0.25810588907083,0.25810588907083,0.174740897150406,0.383818517243071,0.156085809318163,0.243985682382857,0.481826176728693,12.7845930767566,0.413664928347212,0.253588573703525,0.0604628632853288,1.35509038640525,28961.9210351101,0.424964649816391,152709.693594459,0.206832464173606,0.231720838361283,359131.545851219,1.0075956246116,0.0166481119074345,0.0167882492528724,133639.234704388,0.382642639656642,0.133407538335467,0.143186475277285,0.902662158514808,0.902662158514808,0.673831773810093,0.643275838473243,0.869164951799854,0.869164951799854,0.748787306490618,0.723694911248423,,,,-2.9311037,,,,,0.2661089,,,,,0.2
0068-dwfn-exeSTTGF-c0.2-nb-qb-s1_0-bspm_estqsimple_softdep_mvprior_x0_sttgamma_flexsigmaC,bspm_estqsimple_softdep_mvprior_x0_sttgamma_flexsigmaC,0068-dwfn-exeSTTGF-c0.2-nb-qb-s1_0,0068-dwfn-exeSTTGF-c0.2-nb-qb-s1,0,0,433.296,399.194,150,0,0,0,1.00806516050904,0.280129393115233,1,1,0,1,114,47.381829829715,33.7282345563673,-23.6909149148575,0.964912280701754,-3.18862536779178,-4.92568310023426,1.44176847337993,5.5359451303728,-39.8957627373479,6.76659294980785,1.58802444496559,-24.0713909888112,,0.251256140411853,0.257008639989573,0.257008639989573,0.173082559640065,0.381691691569959,0.156680559735023,0.244878381739388,0.481119986598983,12.8111283626405,0.406723882138743,0.251513882794166,0.0612164488810028,1.38019692338802,29123.1330090567,0.428474223230987,156224.263151523,0.203361941069372,0.227354853516588,370429.906256268,1.00835874064768,0.0163673112924044,0.0165027355968699,137657.536805608,0.396165373739719,0.128424612344296,0.137453009068985,0.909893193216649,0.909893193216649,0.669823818463289,0.63852599022635,0.868072340693455,0.868072340693455,0.739489647598121,0.714276329830872,,,,-2.9311037,,,,,0.2661089,,,,,0.2
0069-dwfn-exeFSTTGF-c0.2-nb-qnewK-s1_0-bspm_estqsimple_softdep_fullmvprior_x0_sttgamma_flexsigmaC,bspm_estqsimple_softdep_fullmvprior_x0_sttgamma_flexsigmaC,0069-dwfn-exeFSTTGF-c0.2-nb-qnewK-s1_0,0069-dwfn-exeFSTTGF-c0.2-nb-qnewK-s1,0,0,380.662,305.514,150,0,0,0,1.00911213670056,0.741305068051161,1,1,0,1,114,44.3099551027603,32.1040424717243,-22.1549775513802,0.982456140350877,-2.69407693314277,-4.17896213186585,1.72650610363921,5.55852269172561,-40.4881026049834,6.69873974226029,1.64476422586549,-24.9101191037249,,0.250974172509334,0.255827600420579,0.255827600420579,0.173660921620397,0.385895005162861,0.157740277573699,0.245617023565866,0.481730022712014,12.786125754678,0.398302166231579,0.251439820734585,0.0588203780042324,1.3727637637176,29021.5743382844,0.427441470849719,150908.109774978,0.199151083115789,0.222082968826148,364493.770391975,1.00890965458531,0.0180436180665299,0.0182083897751043,136356.142474404,0.377632683105979,0.128168596153641,0.13715922277997,0.901808138825638,0.901808138825638,0.677161572743442,0.64850645471757,0.867206279623666,0.867206279623666,0.750899630534978,0.726976457496812,,,,-2.9311037,,,,,0.2661089,,,,,0.2
0070-dwfn-exeqV2FSTTGF-c0.2-nb-qnewK-s1_0-bspm_estqsimpleV2_softdep_fullmvprior_x0_sttgamma_flexsigmaC,bspm_estqsimpleV2_softdep_fullmvprior_x0_sttgamma_flexsigmaC,0070-dwfn-exeqV2FSTTGF-c0.2-nb-qnewK-s1_0,0070-dwfn-exeqV2FSTTGF-c0.2-nb-qnewK-s1,0,0,430.222,395.1104,149,0,0,0,1.00729509560704,0.674377420102535,1,1,0,1,114,109.070744925583,80.6779642950749,-54.5353724627914,0.587719298245614,5.53728135081488,-2.91203239879251,8.90188719053119,1.23372173096971,-71.3081587547661,3.87014768278447,-4.66478287353018,-36.8418897833061,,0.262273687857273,0.213301797243779,0.213301797243779,0.243641436622529,0.455246085406228,0.211918525425826,0.280952703775335,0.482997880457757,13.1081662776018,0.40353682892228,0.212842053999983,0.115911878748361,0.951485901844109,35152.4878628717,0.358770680823189,174525.94426745,0.20176841446114,0.225356587551928,525783.544495594,1.0412012056207,0.00306121913932828,0.00306591425637089,95292.5009662119,0.164537929000555,0.198250617045571,0.220959210169142,0.518280971213351,0.518280971213351,0.998857970389973,0.998611213944116,0.512107006709923,0.512107006709923,1.00377705535378,1.0065675111658,,,,-2.9311037,,,,,0.2661089,,,,,0.2
0071-au-exeFSTTGF-cf0.2-nb-qnewK-s1-o52b-o54b_0-bspm_estqsimple_softdep_fullmvprior_x0_sttgamma_flexsigmaC,bspm_estqsimple_softdep_fullmvprior_x0_sttgamma_flexsigmaC,0071-au-exeFSTTGF-cf0.2-nb-qnewK-s1-o52b-o54b_0,0071-au-exeFSTTGF-cf0.2-nb-qnewK-s1-o52b-o54b,0,0,334.465,284.1522,150,0,0,0,1.00663611105703,0.792432587684496,1,1,0,1,95,-1.56705214156015,35.6778471467774,0.783526070780073,0.936842105263158,23.13521163321,-4.18572826005928,-229.188640580683,27.1359754057909,-637.770289990172,24.5940299789408,-27.5987986646616,-241.987201537526,,0.246073809025264,0.0858426345723721,0.315971646352881,0.0858426345723721,0.391685196282178,0.077008185182709,0.203606889941862,0.487782303451849,13.4562747735355,0.48182824775694,0.0830244410674621,0.0608273362445392,1.22058187675952,65143.3738186232,0.40509037221645,269713.792530384,0.24091412387847,0.274529318187549,688763.942197578,1.00490168269737,0.00919937663346926,0.00924195222683928,578739.012102293,0.842879975194873,0.0344136069680325,0.0350197082110503,1.98064621713522,1.98064621713522,0.1451355255111,0.128984406309866,1.85616705724354,1.85616705724354,0.159265121224365,0.144527301134368,,,,-2.9311037,,,,,0.2661089,,,,,0.2
0072-nz-exeFSTTGF-cf0.2-nb-qnewK-s1-o52b-o54b_0-bspm_estqsimple_softdep_fullmvprior_x0_sttgamma_flexsigmaC,bspm_estqsimple_softdep_fullmvprior_x0_sttgamma_flexsigmaC,0072-nz-exeFSTTGF-cf0.2-nb-qnewK-s1-o52b-o54b_0,0072-nz-exeFSTTGF-cf0.2-nb-qnewK-s1-o52b-o54b,0,0,356.09,298.7158,150,0,0,0,1.01372321223196,0.610373344807669,1,0.993333333333333,0,1,118,65.3443075728239,33.6941254143239,-32.6721537864119,0.983050847457627,-12.4263916021982,-4.47719052228953,-8.24671762082205,-1.70331337720056,-7.95701786190828,-0.258124538858335,-2.44841303734068,-11.1071931977345,,0.249519391399314,0.316384354619116,0.33029952687407,0.221843210749324,0.316384354619116,0.218480338273297,0.281074317631066,0.461110280888352,12.6232875860821,0.52652905545179,0.353765032462242,0.0672162101206421,1.12822214136876,29735.7984111786,0.390279629672798,118979.886482808,0.263264527725895,0.305526381476632,308596.340562828,1.00197874200181,0.021322584199969,0.0215531945587151,91645.4625265953,0.306315851174328,0.181814563789387,0.200666273514488,0.788835629965155,0.788835629965155,0.701761329895106,0.659985574584358,0.750563711135943,0.750563711135943,0.783550700854702,0.753150175735647,,,,-2.9311037,,,,,0.2661089,,,,,0.2
0073-obs-exeFSTTGF-cf0.2-nb-qnewK-s1-o52b-o54b_0-bspm_estqsimple_softdep_fullmvprior_x0_sttgamma_flexsigmaC,bspm_estqsimple_softdep_fullmvprior_x0_sttgamma_flexsigmaC,0073-obs-exeFSTTGF-cf0.2-nb-qnewK-s1-o52b-o54b_0,0073-obs-exeFSTTGF-cf0.2-nb-qnewK-s1-o52b-o54b,0,0,338.588,292.2224,150,0,0,0,1.00773118481009,0.738454945387658,1,1,0,1,92,-0.709812625570944,27.5022785680398,0.354906312785472,1,17.367670837446,-4.05493212996759,-70.6861093742397,16.0724079583571,-217.077226457679,21.7702518664345,2.52488297395858,-73.9178247705511,,0.245478828150785,0.0643677181665292,0.329717773272291,0.133935475040744,0.405466004342984,0.0643677181665292,0.200037583691111,0.484990688409752,13.970541120075,0.594957674324384,0.135312175168395,0.0444348539552535,1.18330320502399,131719.293392029,0.399235166211791,452114.156785919,0.297478837162192,0.348708705060884,1162008.27289247,1.00356356826418,0.00543469835934107,0.00544952005810978,1090198.6002726,0.9272907290057,0.0181306431280243,0.018297017293431,2.30895963198313,2.30895963198313,0.0622753558820975,0.0528180310369908,2.28500107712786,2.28500107712786,0.0660808312656065,0.0553071070612305,,,,-2.9311037,,,,,0.2661089,,,,,0.2
0074-obsNoPF-exeFSTTGF-cf0.2-nb-qnewK-s1-o52b-o54b_0-bspm_estqsimple_softdep_fullmvprior_x0_sttgamma_flexsigmaC,bspm_estqsimple_softdep_fullmvprior_x0_sttgamma_flexsigmaC,0074-obsNoPF-exeFSTTGF-cf0.2-nb-qnewK-s1-o52b-o54b_0,0074-obsNoPF-exeFSTTGF-cf0.2-nb-qnewK-s1-o52b-o54b,0,0,400.841,330.3084,150,0,0,0,1.0081867196063,0.759936826216268,1,1,0,1,92,30.1619077007375,28.8802372024604,-15.0809538503688,0.978260869565217,3.04392077380617,-4.03314346251177,-16.7108367872318,10.1384529128687,-67.9436598780453,12.0411917384678,7.15355621169458,-25.8511747631942,,0.244462090590341,0.187701757969934,0.333811149054944,0.139731093499706,0.4123415157977,0.0829866419061309,0.187701757969934,0.491523477201788,13.7899202775519,0.564244000079203,0.219889705857696,0.0521735968740942,1.16169884490188,105896.526687413,0.395766733153666,380461.942386138,0.282122000039602,0.325759421584961,984523.45504875,1.00308539169975,0.00645927092941834,0.00648022228932809,923222.552835896,0.928108534925414,0.0211102422961018,0.0213362498373844,2.26521221478855,2.26521221478855,0.0794346108295164,0.0687468309930035,2.21799116611763,2.21799116611763,0.0836326190517957,0.0737000297675206,,,,-2.9311037,,,,,0.2661089,,,,,0.2
0075-obsPFonly-exeFSTTGF-cf0.2-nb-qnewK-s1-o52b-o54b_0-bspm_estqsimple_softdep_fullmvprior_x0_sttgamma_flexsigmaC,bspm_estqsimple_softdep_fullmvprior_x0_sttgamma_flexsigmaC,0075-obsPFonly-exeFSTTGF-cf0.2-nb-qnewK-s1-o52b-o54b_0,0075-obsPFonly-exeFSTTGF-cf0.2-nb-qnewK-s1-o52b-o54b,0,0,594.331,435.8624,150,0,0,0,1.03575426581418,0.230399292767454,1,0.993333333333333,0,1,90,58.3382301395621,29.7014836425051,-29.169115069781,0.988888888888889,-10.6329774519336,-5.03066078033796,-17.6776146162385,-5.95986997805998,-36.5588785972502,-2.87077144172004,-5.05634293834821,-5.40944054159745,,0.251417394775382,0.389611892812857,0.402730707582239,0.340574657529578,0.443132611060656,0.304449931083987,0.352849571435784,0.389611892812857,12.7001532927939,0.498947532389176,0.387780021631832,0.0536355102116772,1.14950660825752,29350.3107462867,0.393784735647983,128649.857261939,0.249473766194588,0.286638854238515,332474.726103408,1.00773666750157,0.0204546356264392,0.0206667288902916,53572.9788768825,0.163942235919043,0.270803972254094,0.315812690319461,0.408772052848438,0.408772052848439,1.12204607356015,1.14521186063871,0.421341129815589,0.421341129815589,1.135530396212,1.16906873647309,,,,-2.9311037,,,,,0.2661089,,,,,0.2
0076-dwfn-exeFSTTGF-cp0.2-nb-qnewK-s1-o52b-o54b_0-bspm_estqsimple_softdep_fullmvprior_x0_sttgamma_flexsigmaC,bspm_estqsimple_softdep_fullmvprior_x0_sttgamma_flexsigmaC,0076-dwfn-exeFSTTGF-cp0.2-nb-qnewK-s1-o52b-o54b_0,0076-dwfn-exeFSTTGF-cp0.2-nb-qnewK-s1-o52b-o54b,0,0,411.002,363.3646,150,0,0,0,1.00821689488429,0.644109016634125,1,1,0,1,114,49.7787473879095,19.1977248769104,-24.8893736939548,0.991228070175439,-13.5390418469545,-14.2558396363335,0.99684231730463,5.09519419259295,-40.1281292266307,6.30731051305737,1.50778461781682,-24.6597109792791,,0.335173523979556,0.26073380344984,0.26073380344984,0.178989275285168,0.383851465492563,0.165294245453396,0.24945373243735,0.480635368789629,12.8157033903139,0.391986930586101,0.253491774219008,0.0563767919429082,1.34020076402926,30010.5325368433,0.422855221799408,157283.724694161,0.19599346529305,0.218147883136519,367702.237712984,0.999820784738677,0.0116155316352898,0.0116835189788249,129197.913949434,0.351277852191876,0.134639887190936,0.144609546004669,0.828453500901588,0.828453500901588,0.700313762010298,0.669999425718669,0.789669540312055,0.789669540312055,0.785003717830613,0.758723458607534,,,,-2.9311037,,,,,0.2661089,,,,,0.2
0077-dwfn-exeFSTTGF-cf0.1-nb-qnewK-s1-o52b-o54b_0-bspm_estqsimple_softdep_fullmvprior_x0_sttgamma_flexsigmaC,bspm_estqsimple_softdep_fullmvprior_x0_sttgamma_flexsigmaC,0077-dwfn-exeFSTTGF-cf0.1-nb-qnewK-s1-o52b-o54b_0,0077-dwfn-exeFSTTGF-cf0.1-nb-qnewK-s1-o52b-o54b,0,0,716.823,605.4658,150,0,0,0,1.01292828352517,0.692851215212749,1,0.98,0,1,114,32.000092229812,57.3217935930138,-16.000046114906,0.991228070175439,18.8379601468673,16.5591713301664,2.05901982890033,5.63388734688903,-41.2209235004859,6.82444360924345,1.76990518642248,-25.9520934766857,,0.210440861557895,0.253157462401904,0.253157462401904,0.17484290113133,0.384970121967388,0.157258205904759,0.242898801464006,0.482543986933322,12.8106656657782,0.377523217293819,0.246823396528914,0.0618669926566587,1.4179541898367,28697.9180521324,0.433642338691035,157680.111307874,0.188761608646909,0.209193320646644,370343.271486086,1.00797809645023,0.0191976026574706,0.0193842695378079,137765.926477409,0.383007843439848,0.128814176740013,0.137899986077863,0.889364321258501,0.889364321258501,0.706651603391596,0.682203387672512,0.850613243321394,0.850613243321394,0.757455652905756,0.738665892897908,,,,-2.9311037,,,,,0.2661089,,,,,0.2
0078-dwfn-exeFSTTGF-cp0.1-nb-qnewK-s1-o52b-o54b_0-bspm_estqsimple_softdep_fullmvprior_x0_sttgamma_flexsigmaC,bspm_estqsimple_softdep_fullmvprior_x0_sttgamma_flexsigmaC,0078-dwfn-exeFSTTGF-cp0.1-nb-qnewK-s1-o52b-o54b_0,0078-dwfn-exeFSTTGF-cp0.1-nb-qnewK-s1-o52b-o54b,0,0,730.235,546.368,150,0,0,0,1.00968995783738,0.779030668009452,1,1,0,1,114,28.5638055055349,26.8563794395314,-14.2819027527674,0.991228070175439,2.4901476113887,0.572830079773897,1.75371949924737,5.4788173849367,-40.6919875999778,6.61515250937442,1.72402805867834,-25.9757492008573,,0.307004804185162,0.255822596063995,0.255822596063995,0.179331370834493,0.382378488770646,0.163231444923271,0.248211435830959,0.48148515430965,12.7693185524821,0.398996667796947,0.250613605837943,0.0570028963026551,1.40292519610904,29110.098017384,0.431600909265515,149658.316161748,0.199498333898474,0.22251666710787,350911.53399382,0.999737385502615,0.0126252553216233,0.0127056310919907,122297.24970045,0.354162178945652,0.14340346188724,0.154788258958282,0.821485227310506,0.821485227310506,0.731627036897492,0.707920096474583,0.783026106108893,0.783026106108893,0.797253789390985,0.777569046654157,,,,-2.9311037,,,,,0.2661089,,,,,0.2
0079-dwfn-exeFSTTGF-cf0.2-nb-qnewK-s1-o52ac-o54b_0-bspm_estqsimple_softdep_fullmvprior_x0_sttgamma_flexsigmaC,bspm_estqsimple_softdep_fullmvprior_x0_sttgamma_flexsigmaC,0079-dwfn-exeFSTTGF-cf0.2-nb-qnewK-s1-o52ac-o54b_0,0079-dwfn-exeFSTTGF-cf0.2-nb-qnewK-s1-o52ac-o54b,0,0,405.776,318.9978,150,0,0,0,1.01030470700971,0.75369989777859,1,0.993333333333333,0,1,114,19.4575634300009,33.6445199019437,-9.72878171500043,0.93859649122807,11.479556327306,9.8295816392696,1.78901632156388,5.85533236885708,-41.4737995712194,6.86935093429253,1.67826829560006,-25.7475547396245,,0.221871825503305,0.255796568598946,0.255796568598946,0.171964201814432,0.384855727393465,0.156767459011203,0.243577242469216,0.482497257017545,12.8190972379641,0.383823399057365,0.250014632054875,0.060536716309414,1.41778321901938,29082.0336047224,0.433619547531636,159178.543663508,0.191911699528683,0.212812200346649,371152.641463967,1.00655677185667,0.0201612341655436,0.0203672455470613,145923.604436017,0.407119815600495,0.123906045410291,0.132281974123665,0.939466450387555,0.939466450387555,0.664960952293083,0.635269414357673,0.900647595824378,0.900647595824378,0.731567890411828,0.706674083272093,,,,-2.9311037,,,,,0.2661089,,,,,0.2
0080-dwfn-exeFSTTGF-cf0.2-nb-qnewK-s1-o52ae-o54b_0-bspm_estqsimple_softdep_fullmvprior_x0_sttgamma_flexsigmaC,bspm_estqsimple_softdep_fullmvprior_x0_sttgamma_flexsigmaC,0080-dwfn-exeFSTTGF-cf0.2-nb-qnewK-s1-o52ae-o54b_0,0080-dwfn-exeFSTTGF-cf0.2-nb-qnewK-s1-o52ae-o54b,0,0,398.728,320.9958,150,0,0,0,1.00978022711942,0.773247675389688,1,1,0,1,114,20.9331179245608,34.3186410864475,-10.4665589622804,0.929824561403509,11.2747650515554,9.60138521417886,1.7556486037237,5.79688745082609,-40.9921499854487,6.91443198455144,1.66928354781737,-25.3171531725364,,0.22292759323164,0.255655091453263,0.255655091453263,0.17302702260996,0.382770573288957,0.158119365017275,0.245167246738736,0.482516649013118,12.8141534073767,0.389573588422195,0.249392467804167,0.0604199015020464,1.34923032723443,28786.2030244575,0.424136885098822,156522.614914007,0.194786794211098,0.216648189459305,370567.5344542,1.00667368830101,0.00173446025014073,0.00173596616813907,145299.209955289,0.398941786756921,0.1212346101905,0.129237322720859,0.939905960290789,0.939905960290789,0.645602307482448,0.618238463548436,0.897821832816273,0.897821832816273,0.724919796910347,0.700095188065142,,,,-2.9311037,,,,,0.2661089,,,,,0.2
0081-dwfn-exeFSTTGF-cf0.2-nb-qnewK-s1-o52b-o54ac_0-bspm_estqsimple_softdep_fullmvprior_x0_sttgamma_flexsigmaC,bspm_estqsimple_softdep_fullmvprior_x0_sttgamma_flexsigmaC,0081-dwfn-exeFSTTGF-cf0.2-nb-qnewK-s1-o52b-o54ac_0,0081-dwfn-exeFSTTGF-cf0.2-nb-qnewK-s1-o52b-o54ac,0,0,356.176,278.573,150,0,0,0,1.00633408398175,0.747927709808272,1,1,0,1,114,45.8444777437915,32.1221522922507,-22.9222388718957,0.982456140350877,-3.49601249111354,-4.93264540350172,1.27763391660939,5.4954467951548,-41.2991448218138,6.59816347739149,1.60885249321133,-25.0718635259623,,0.239705621792671,0.258617099398428,0.258617099398428,0.174460109037277,0.384005917472893,0.158412143341597,0.244805104750488,0.480404899645664,12.7765237244077,0.40915220291506,0.250704720475401,0.0589909170292333,1.35244283300918,28843.1533760589,0.424591312059102,150847.431678763,0.20457610145753,0.22888011773049,355880.107902889,1.00696324093996,0.0156047214452834,0.0157277567525453,136873.316488043,0.397260311144962,0.12907724301368,0.138201998803431,0.912196522860379,0.912196522860379,0.666504912245551,0.64175802707024,0.87749366244788,0.87749366244788,0.74788048980849,0.722420870936137,,,,-2.9311037,,,,,0.2661089,,,,,0.2
0082-dwfn-exeFSTTGF-cf0.2-nb-qnewK-s1-o52ac-o54ac_0-bspm_estqsimple_softdep_fullmvprior_x0_sttgamma_flexsigmaC,bspm_estqsimple_softdep_fullmvprior_x0_sttgamma_flexsigmaC,0082-dwfn-exeFSTTGF-cf0.2-nb-qnewK-s1-o52ac-o54ac_0,0082-dwfn-exeFSTTGF-cf0.2-nb-qnewK-s1-o52ac-o54ac,0,0,392.765,308.9736,150,0,0,0,1.00858163251841,0.748144912588022,1,1,0,1,114,21.3141619044561,33.444835317766,-10.657080952228,0.973684210526316,10.1087212434362,8.56277230974658,1.7550915824226,5.68764757479942,-41.4466074903523,6.83315425123724,1.59762671571092,-25.5785290704727,,0.220833898779096,0.255769218720651,0.255769218720651,0.173677932721508,0.382024595927555,0.159199379035494,0.245766516102311,0.483947575799077,12.7471608490174,0.426713183283224,0.248446894286111,0.0609449639101617,1.29006211696944,28686.1658687805,0.415590619497042,141225.044735665,0.213356591641612,0.239972788662875,349078.342740631,1.01202476021657,0.0200843932544973,0.0202888265915507,132718.515018789,0.39716137536221,0.134325046018816,0.144245782729481,0.959584856479928,0.959584856479928,0.644497049882812,0.610255923982839,0.90956157254621,0.90956157254621,0.706537356655125,0.678838441671495,,,,-2.9311037,,,,,0.2661089,,,,,0.2
0083-dwfn-exeFSTTGF-cf0.2-nb-qnewK-s1-o52ae-o54ac_0-bspm_estqsimple_softdep_fullmvprior_x0_sttgamma_flexsigmaC,bspm_estqsimple_softdep_fullmvprior_x0_sttgamma_flexsigmaC,0083-dwfn-exeFSTTGF-cf0.2-nb-qnewK-s1-o52ae-o54ac_0,0083-dwfn-exeFSTTGF-cf0.2-nb-qnewK-s1-o52ae-o54ac,0,0,401.037,345.0996,150,0,0,0,1.00840984251986,0.537339996450218,1,1,0,1,114,21.4803915490201,33.2891159980071,-10.7401957745101,0.956140350877193,10.0946308275504,8.50856403969561,1.71039833377164,5.81467660320654,-40.9305202422541,6.81816887357578,1.81247960886898,-25.3023824820168,,0.220654474128388,0.255832935556372,0.255832935556372,0.171452722541543,0.384107605402793,0.155156018904237,0.243569600232758,0.482627407706046,12.7440026905649,0.414879514695854,0.250582548223524,0.0606956204372336,1.34893833559174,28723.0179565182,0.424095800886819,142771.475303122,0.207439757347927,0.23248677111623,348654.368039529,1.00841923304648,0.00171613892632094,0.00171761318049557,134455.888088156,0.393645996904552,0.131506775897104,0.140995502201465,0.939603779599006,0.939603779599006,0.657081715666278,0.628026875088478,0.894936093824821,0.894936093824821,0.726314489618264,0.695093948827712,,,,-2.9311037,,,,,0.2661089,,,,,0.2
0084-dwfn-exeFSTTGF-cf0.2-nb-qb-s1-o52b-o54b_0-bspm_estqsimple_softdep_fullmvprior_x0_sttgamma_flexsigmaC,bspm_estqsimple_softdep_fullmvprior_x0_sttgamma_flexsigmaC,0084-dwfn-exeFSTTGF-cf0.2-nb-qb-s1-o52b-o54b_0,0084-dwfn-exeFSTTGF-cf0.2-nb-qb-s1-o52b-o54b,0,0,462.651,399.8292,150,0,0,0,1.01868223775501,0.243197604005261,1,0.986666666666667,0,1,114,45.4809245446299,32.4555241727114,-22.7404622723149,0.991228070175439,-3.26287296769292,-4.45736175133811,1.38377354077766,5.46771255542927,-38.972243478539,6.62764281571157,1.65370543064468,-23.7839053487014,,0.25264502059906,0.257940168799135,0.257940168799135,0.174391969094596,0.382172175671034,0.158708231552515,0.245570732444896,0.48116693316562,12.7868934039557,0.407792855458851,0.253271110027728,0.0595008814793728,1.36754584158712,29188.1651851263,0.42671334012129,156139.984698311,0.203896427729426,0.227667704150426,361051.197830865,1.00541018841448,0.0167512217035641,0.0168931101869878,136656.789967226,0.385064700451795,0.12990080275309,0.139148061662988,0.906486155949465,0.906486155949465,0.67182877919655,0.643673625292748,0.868178064961421,0.868178064961421,0.737542600239291,0.712254893404097,,,,-2.9311037,,,,,0.2661089,,,,,0.2
0085-dwfn-exeFSTTGF-cf0.2-nb-qr-s1-o52b-o54b_0-bspm_estqsimple_softdep_fullmvprior_x0_sttgamma_flexsigmaC,bspm_estqsimple_softdep_fullmvprior_x0_sttgamma_flexsigmaC,0085-dwfn-exeFSTTGF-cf0.2-nb-qr-s1-o52b-o54b_0,0085-dwfn-exeFSTTGF-cf0.2-nb-qr-s1-o52b-o54b,0,0,637.989,434.8782,150,0,0,0,1.0137524850338,0.386139961601617,1,0.993333333333333,0,1,114,44.9255121330198,31.8951906441533,-22.4627560665099,0.982456140350877,-3.20253967679922,-4.48655347165894,1.39555136763865,5.42713002677752,-39.8530255066792,6.50550038617508,1.62645570762214,-24.6713595329517,,0.253570157307986,0.257835234221312,0.257835234221312,0.176366188934016,0.382855760645301,0.159830971823113,0.245680835243444,0.482107553467927,12.7401441308061,0.41371593494324,0.252652070801928,0.0576386410645456,1.31811151122773,28891.3081881583,0.419685646065223,145797.143843878,0.20685796747162,0.231753068488343,344774.254173994,1.00891205995924,0.0189785971383242,0.0191610022686426,128030.704154466,0.378613095485757,0.138201869307143,0.148734223570034,0.907751150940162,0.907751150940162,0.672220803491757,0.643964967977665,0.869408412359084,0.869408412359084,0.745907538160283,0.718262236005566,,,,-2.9311037,,,,,0.2661089,,,,,0.2
0086-dwfn-exeFSTTGF-cf0.2-nalt-qb-s1-o52b-o54b_0-bspm_estqsimple_softdep_fullmvprior_x0_sttgamma_flexsigmaC,bspm_estqsimple_softdep_fullmvprior_x0_sttgamma_flexsigmaC,0086-dwfn-exeFSTTGF-cf0.2-nalt-qb-s1-o52b-o54b_0,0086-dwfn-exeFSTTGF-cf0.2-nalt-qb-s1-o52b-o54b,0,0,442.971,398.8014,150,0,0,0,1.0355818782606,0.0760647568288003,1,0.986666666666667,0.00666666666666667,1,114,48.2818415301518,33.9890103847933,-24.1409207650759,0.973684210526316,-3.56381621971475,-4.50409125903572,1.25854829577309,5.51248955542066,-38.571710208138,6.64004385860856,1.81680661140985,-23.7746783869699,,0.252293295944126,0.259169034690696,0.259169034690696,0.1711724616178,0.381004776349593,0.155500466487534,0.242406882603222,0.47963530700778,12.7023242257784,0.352769799548757,0.254437620796993,0.0582608406512823,2.4420273720954,29659.2769346198,0.538402878891423,180059.382710159,0.176384899774378,0.194051972969767,331759.64926407,1.00731605103954,0.0178344229692023,0.017995372793498,145104.605806877,0.451690648753146,0.123370755383657,0.131671132578214,0.833035769365162,0.833035769365162,0.710052596642437,0.686193591506876,0.803161870350889,0.803161870350889,0.790609108410527,0.77138189678148,,,,-2.9311037,,,,,0.2661089,,,,,0.2
0087-dwfn-exeFSTTGF-cf0.2-nalt-qr-s1-o52b-o54b_0-bspm_estqsimple_softdep_fullmvprior_x0_sttgamma_flexsigmaC,bspm_estqsimple_softdep_fullmvprior_x0_sttgamma_flexsigmaC,0087-dwfn-exeFSTTGF-cf0.2-nalt-qr-s1-o52b-o54b_0,0087-dwfn-exeFSTTGF-cf0.2-nalt-qr-s1-o52b-o54b,0,0,657.475,482.8622,150,0,0,0,1.01274470471541,0.423060540499178,1,0.993333333333333,0,1,114,44.6886745350343,31.9783536475253,-22.3443372675171,0.982456140350877,-3.21244675718856,-4.52522493933367,1.45618813598729,5.45609425441108,-40.9539345439346,6.64706829708301,1.60017176684024,-24.7177801561465,,0.250904666924135,0.258074762243906,0.258074762243906,0.176135960670322,0.382245224423676,0.159232253585671,0.245901159548568,0.480193262308699,12.6651244171836,0.365852534143395,0.250901192697248,0.0586846964584081,2.49781219114311,29484.2826114141,0.542716478665882,173666.775119286,0.182926267071698,0.201908660780241,316137.975828281,1.00605734601786,0.0198053711556468,0.0200041262844572,137748.277551576,0.441535569774377,0.130312043364415,0.139620802607269,0.836034680511451,0.836034680511451,0.733542901721716,0.708352875334957,0.801722986532209,0.801722986532209,0.79776346124649,0.779716916530097,,,,-2.9311037,,,,,0.2661089,,,,,0.2
0088-dwfn-exeFSTTGF-cf0.2-nalt-qnewK-s1-o52b-o54b_0-bspm_estqsimple_softdep_fullmvprior_x0_sttgamma_flexsigmaC,bspm_estqsimple_softdep_fullmvprior_x0_sttgamma_flexsigmaC,0088-dwfn-exeFSTTGF-cf0.2-nalt-qnewK-s1-o52b-o54b_0,0088-dwfn-exeFSTTGF-cf0.2-nalt-qnewK-s1-o52b-o54b,0,0,408.344,390.2238,150,0,0,0,1.00756989569708,0.711003136358129,1,1,0,1,114,45.6046753224227,32.8561552312346,-22.8023376612113,0.991228070175439,-3.01766028901047,-4.24561252657165,1.45718849530268,5.66934058481261,-40.0265263714128,6.90710544025872,1.78512633520776,-23.9123755626552,,0.250940779301067,0.258377620202758,0.258377620202758,0.171336989356573,0.380733595909974,0.155868146211103,0.243212752876389,0.478026174385068,12.7940478701122,0.303402691423452,0.251842746159699,0.0587881084183071,3.07038041938604,30237.3940469841,0.581680762347338,205953.116412247,0.151701345711726,0.16452252021678,358726.978639639,1.00115181092091,0.0181080377510027,0.0182739948258081,160183.047147729,0.456273047059853,0.110821213631834,0.117456955111774,0.799388313479653,0.799388313479653,0.755187640001063,0.737481117160894,0.767478656141922,0.767478656141922,0.831370447058581,0.819142386197507,,,,-2.9311037,,,,,0.2661089,,,,,0.2
0089-allnoObs-exeFSTTGF-cf0.2-nb-qnewK-s1-o52b-o54b_0-bspm_estqsimple_softdep_fullmvprior_x0_sttgamma_flexsigmaC,bspm_estqsimple_softdep_fullmvprior_x0_sttgamma_flexsigmaC,0089-allnoObs-exeFSTTGF-cf0.2-nb-qnewK-s1-o52b-o54b_0,0089-allnoObs-exeFSTTGF-cf0.2-nb-qnewK-s1-o52b-o54b,0,0,462.097,431.6344,150,0,0,0,1.01017914121302,0.660120685969213,1,0.993333333333333,0,1,187,53.3587439615367,42.636799175292,-26.6793719807684,0.994652406417112,-1.10643115099706,-3.26283059706807,1.44676944187595,5.48740309862814,-4.5320669883585,6.26868312564722,2.30374008701665,-17.0336882879915,,0.244052582948826,0.239047108340813,0.262729369423012,0.165266642994382,0.289128968803016,0.148631624108931,0.235762298327933,0.481283321743695,12.7761422939018,0.481593369293436,0.268396112463391,0.0899894150813112,1.17782283721284,30732.1440134042,0.398360680669661,143272.77135582,0.240796684646718,0.274739942714032,358610.722982413,1.01045294837643,0.016817678224079,0.0169607012191762,134883.849317507,0.402463712264598,0.130499837280108,0.139836771347554,0.976650075744057,0.976650075744057,0.590746715104411,0.547634866001415,0.9269526019343,0.9269526019343,0.6719849606146,0.635004885175034,,,,-2.9311037,,,,,0.2661089,,,,,0.2
0090-allobs-exeFSTTGF-cf0.2-nb-qnewK-s1-o52b-o54b_0-bspm_estqsimple_softdep_fullmvprior_x0_sttgamma_flexsigmaC,bspm_estqsimple_softdep_fullmvprior_x0_sttgamma_flexsigmaC,0090-allobs-exeFSTTGF-cf0.2-nb-qnewK-s1-o52b-o54b_0,0090-allobs-exeFSTTGF-cf0.2-nb-qnewK-s1-o52b-o54b,0,0,467.503,424.7316,150,0,0,0,1.00822868973487,0.741821305685131,1,1,0,1,209,33.7374880890775,46.932816014702,-16.8687440445388,0.990430622009569,11.7815277044985,-3.12444829974567,2.3332014527118,8.15075978088627,-4.40135621153479,8.87849695921669,3.83330351513073,-19.5229375733859,,0.242840264045704,0.202267661329782,0.257109275900624,0.147328981370217,0.281530616287202,0.121855374898528,0.22220883080488,0.479706783035023,12.8210469051909,0.518270897151612,0.243524259367416,0.0969280900367846,1.08280866939015,31875.1030087536,0.382606476642443,143142.993224291,0.259135448575806,0.299145277248502,371710.287728348,1.01399382320914,0.0165787035782536,0.0167176683318164,152152.527818279,0.448877899001708,0.115377133301581,0.122593867880493,1.15496712316311,1.15496712316311,0.501285734676524,0.455351575178687,1.08996178153193,1.08996178153193,0.572890605367857,0.524120207702257,,,,-2.9311037,,,,,0.2661089,,,,,0.2
0091-allnoPF-exeFSTTGF-cf0.2-nb-qnewK-s1-o52b-o54b_0-bspm_estqsimple_softdep_fullmvprior_x0_sttgamma_flexsigmaC,bspm_estqsimple_softdep_fullmvprior_x0_sttgamma_flexsigmaC,0091-allnoPF-exeFSTTGF-cf0.2-nb-qnewK-s1-o52b-o54b_0,0091-allnoPF-exeFSTTGF-cf0.2-nb-qnewK-s1-o52b-o54b,0,0,404.066,367.716,150,0,0,0,1.00847519230088,0.708239382737987,1,1,0,1,209,46.3223163490178,47.9071891132038,-23.1611581745089,0.980861244019139,6.43934680367627,-3.22988082840111,1.92896419423681,7.43588263267877,-4.79250844163559,7.97873615562222,5.14926357298382,-21.781058767045,,0.242189078852686,0.226402817769218,0.260354023991554,0.147440622359544,0.290527021010645,0.125119321876225,0.206150682661788,0.49159972943906,12.7775552611387,0.520795672512111,0.255417519006037,0.095289792266678,1.08559429596075,31480.0455750547,0.383085055077369,139808.154760231,0.260397836256055,0.301501104927019,361688.948425704,1.01273403632653,0.0170807426421927,0.0172283013379122,149783.687762096,0.452543446275294,0.117416641868975,0.124902048409789,1.15783140043023,1.15783140043023,0.507741969644416,0.463321201541768,1.08320742451885,1.08320742451885,0.588478750492616,0.545151603969807,,,,-2.9311037,,,,,0.2661089,,,,,0.2
0092-allPFonly-exeFSTTGF-cf0.2-nb-qnewK-s1-o52b-o54b_0-bspm_estqsimple_softdep_fullmvprior_x0_sttgamma_flexsigmaC,bspm_estqsimple_softdep_fullmvprior_x0_sttgamma_flexsigmaC,0092-allPFonly-exeFSTTGF-cf0.2-nb-qnewK-s1-o52b-o54b_0,0092-allPFonly-exeFSTTGF-cf0.2-nb-qnewK-s1-o52b-o54b,0,0,653.883,470.2066,150,0,0,0,1.00710172125526,0.624449596579262,1,1,0,1,207,74.5964923995559,44.5969024527717,-37.298246199778,0.990338164251208,-10.6129467730197,-3.50156858941984,-0.611885861941965,4.05764190611078,-4.82854780839607,5.06673857370552,0.601549911868676,-5.31586446769669,,0.244531155813998,0.293076488187546,0.275397368097201,0.180094276253137,0.282135992595478,0.160095144744995,0.250578541943332,0.433684607485033,12.813000997375,0.443517765711146,0.285657562349448,0.0880401897521762,1.25453811114417,30212.2894552271,0.41028719400638,156526.124079477,0.221758882855573,0.250718906783113,371434.584126808,1.01134779393618,0.0172105138655615,0.0173603362621035,98320.0705127173,0.268215415908213,0.173317507915471,0.190334612324558,0.645113439913934,0.645113439913934,0.874425273628953,0.857237575804613,0.651559746197084,0.651559746197084,0.894698182594371,0.882348931312509,,,,-2.9311037,,,,,0.2661089,,,,,0.2
0093-dwfn-exeFSTTGF-cf0.2-nb-qnewKX-s1-o52b-o54b_0-bspm_estqsimple_softdep_fullmvprior_x0_sttgamma_flexsigmaC,bspm_estqsimple_softdep_fullmvprior_x0_sttgamma_flexsigmaC,0093-dwfn-exeFSTTGF-cf0.2-nb-qnewKX-s1-o52b-o54b_0,0093-dwfn-exeFSTTGF-cf0.2-nb-qnewKX-s1-o52b-o54b,0,0,401.345,333.9266,150,0,0,0,1.00630149767077,0.749282406538664,1,1,0,1,114,52.3833774146097,35.2779165921392,-26.1916887073048,0.982456140350877,-4.96753280904684,-3.88647945623401,-0.855069766995656,6.20720364630589,-33.1845958540592,7.17980061279304,2.74979471205605,-18.1671956642288,,0.247448217964618,0.274815915016506,0.274815915016506,0.141348627919428,0.379783194458692,0.116214619730599,0.218839926627964,0.482024132595665,14.3891280905893,0.39728064433648,0.266388339702624,0.0740373724525395,1.37319818310249,146822.602542953,0.427501846094279,760139.681439043,0.19864032216824,0.219814796333225,1799785.39599322,1.01813711734467,0.00265921124684559,0.00266275322978886,1551334.79776269,0.8830691480693,0.0131085126220735,0.0131951874920632,2.08690368722452,2.08690368722452,0.0656953239441795,0.0584343162099025,2.03975234610807,2.03975234610807,0.0690643490484583,0.0628447555470611,,,,-2.9311037,,,,,0.2661089,,,,,0.2
0094-au-exeFSTTGF-cf0.2-nb-qnewKX-s1-o52b-o54b_0-bspm_estqsimple_softdep_fullmvprior_x0_sttgamma_flexsigmaC,bspm_estqsimple_softdep_fullmvprior_x0_sttgamma_flexsigmaC,0094-au-exeFSTTGF-cf0.2-nb-qnewKX-s1-o52b-o54b_0,0094-au-exeFSTTGF-cf0.2-nb-qnewKX-s1-o52b-o54b,0,0,403.271,332.431,150,0,0,0,1.00699570778842,0.80018469133107,1,1,0,1,95,1.98528535368298,37.5309127336346,-0.99264267684149,0.947368421052632,22.5127916786605,-4.19695385551963,-218.343060830252,26.7013303710646,-586.704388548929,24.7408275737321,-25.406962412548,-234.066742995252,,0.25048905230446,0.0877907126660832,0.316109741042361,0.0877907126660832,0.391741518967223,0.0762288455739531,0.20415130223937,0.486864833867744,14.3930339693285,0.5284830721053,0.0855666133781419,0.0638470381667416,1.15604448517736,184668.538312977,0.394849941849826,698312.416846204,0.26424153605265,0.305510884160916,1782533.34389913,1.00964500206348,0.00266100627145116,0.00266455304335254,1693934.79763936,0.950863458779515,0.0122264205779435,0.0123017781269928,2.40637810343001,2.40637810343001,0.045672268172439,0.0398817708996434,2.27224495128459,2.27224495128459,0.049156405431015,0.0427386209459228,,,,-2.9311037,,,,,0.2661089,,,,,0.2
0095-obsNoPF-exeFSTTGF-cf0.2-nb-qnewKX-s1-o52b-o54b_0-bspm_estqsimple_softdep_fullmvprior_x0_sttgamma_flexsigmaC,bspm_estqsimple_softdep_fullmvprior_x0_sttgamma_flexsigmaC,0095-obsNoPF-exeFSTTGF-cf0.2-nb-qnewKX-s1-o52b-o54b_0,0095-obsNoPF-exeFSTTGF-cf0.2-nb-qnewKX-s1-o52b-o54b,0,0,402.821,367.9268,150,0,0,0,1.00942712881778,0.788951313739265,1,1,0,1,92,31.4779905570487,30.5483993707779,-15.7389952785243,0.978260869565217,3.24427779229732,-3.81118027543119,-16.3030858196379,10.2242811902379,-65.4178994431216,12.4299525705218,7.09104973201904,-24.8513804467993,,0.249494113009165,0.18769473207094,0.332323862599117,0.138393223401503,0.410235771056725,0.0766476867500057,0.18769473207094,0.488718865040276,14.3800475299543,0.540287933696486,0.220287993059479,0.0522893672675192,1.26592899101087,194787.636769265,0.412002080096861,716373.700486896,0.270143966848243,0.31204999244948,1765807.18995036,1.00344975796556,0.00263935670660181,0.00264284594988003,1713944.98161031,0.975939896213966,0.0118719385758356,0.01194297285184,2.38322941645072,2.38322941645072,0.0431083664441054,0.0367177135793429,2.36078062150209,2.36078062150209,0.0448852865443702,0.0388642286308164,,,,-2.9311037,,,,,0.2661089,,,,,0.2
0096-dwfn-exeFSTTGF-cf0.2-nalt-qnewKX-s1-o52b-o54b_0-bspm_estqsimple_softdep_fullmvprior_x0_sttgamma_flexsigmaC,bspm_estqsimple_softdep_fullmvprior_x0_sttgamma_flexsigmaC,0096-dwfn-exeFSTTGF-cf0.2-nalt-qnewKX-s1-o52b-o54b_0,0096-dwfn-exeFSTTGF-cf0.2-nalt-qnewKX-s1-o52b-o54b,0,0,393.373,317.6594,150,0,0.001,0,1.00684791121331,0.745806635345178,1,1,0,1,114,56.9608152000788,35.1265377084908,-28.4804076000394,0.973684210526316,-7.04880969632652,-3.6897540906257,-4.23381729738769,5.57013135351756,-31.5657808504202,6.65858384072633,2.65933502062044,-15.44069899701,,0.24850978303727,0.297692151545886,0.297692151545886,0.141884015735871,0.394059879893139,0.10200239494311,0.208832444693717,0.482405747777418,14.394703004346,0.406600364520732,0.282068189387154,0.0678031536080464,2.38737671241388,189050.294411404,0.534071612698243,962967.684161555,0.203300182260366,0.226160590532415,1791572.93080708,1.00440232652558,0.00266919704231433,0.00267276570436021,1647690.58669803,0.938020312132096,0.0126843567676841,0.0127654900679209,1.78766904504244,1.78766904504244,0.0603943308667115,0.0546090491136303,1.77072727260207,1.77072727260207,0.0624627734754645,0.0564385171723499,,,,-2.9311037,,,,,0.2661089,,,,,0.2
0097-au-exeFSTTGF-cf0.2-nalt-qnewKX-s1-o52b-o54b_0-bspm_estqsimple_softdep_fullmvprior_x0_sttgamma_flexsigmaC,bspm_estqsimple_softdep_fullmvprior_x0_sttgamma_flexsigmaC,0097-au-exeFSTTGF-cf0.2-nalt-qnewKX-s1-o52b-o54b_0,0097-au-exeFSTTGF-cf0.2-nalt-qnewKX-s1-o52b-o54b,0,0,378.068,308.4548,150,0,0,0,1.01074208830877,0.705419275397941,1,0.986666666666667,0,1,95,5.13529384436211,37.8972489809415,-2.56764692218105,0.894736842105263,20.9628503728252,-4.32647254077558,-186.974080369572,24.9565649523551,-528.136795482422,24.2631246025311,-20.0740028346532,-200.98313740961,,0.24828403417209,0.0941728040035024,0.320240961452947,0.0941728040035024,0.397442209125898,0.0757739475146209,0.205176256365352,0.48818313940287,14.4011374367526,0.512567057993292,0.09089319614876,0.0647319819228789,2.00608117463605,218946.857070178,0.50058635007529,879419.813558562,0.256283528996646,0.293688112910588,1802983.11462018,1.00367050217448,0.00267736164283749,0.00268095218645879,1759584.07967895,0.988281996327403,0.0117949048816453,0.0118650166416639,1.97532876194659,1.97532876194659,0.0477816440181784,0.0413692066358381,1.87557969293713,1.87557969293713,0.0507399014068143,0.0449968990312545,,,,-2.9311037,,,,,0.2661089,,,,,0.2
0098-obsNoPF-exeFSTTGF-cf0.2-nalt-qnewKX-s1-o52b-o54b_0-bspm_estqsimple_softdep_fullmvprior_x0_sttgamma_flexsigmaC,bspm_estqsimple_softdep_fullmvprior_x0_sttgamma_flexsigmaC,0098-obsNoPF-exeFSTTGF-cf0.2-nalt-qnewKX-s1-o52b-o54b_0,0098-obsNoPF-exeFSTTGF-cf0.2-nalt-qnewKX-s1-o52b-o54b,0,0,391.215,306.615,150,0,0,0,1.00749151520197,0.729970181963628,1,1,0,1,92,31.5762297009706,30.3949241104842,-15.7881148504853,0.989130434782609,3.001393836509,-3.75159576798968,-16.8093495940859,10.2281988214261,-66.6694952819718,12.5495276220133,6.96960429539599,-23.8982414438592,,0.246417054613045,0.188550683187758,0.333074983300588,0.139254442198399,0.410028313221575,0.0723945734032858,0.188550683187758,0.486666398024233,14.3995167793013,0.549618305332776,0.221206408363229,0.0523829549879646,2.08576546927018,250831.67022535,0.50810487273973,913233.879136294,0.274809152666388,0.317569515068132,1791491.75183638,0.999306676209749,0.00254737468021132,0.00255062475989343,1808786.947021,0.995332164874486,0.0114268286614954,0.0114926165152107,1.96976073888786,1.96976073888786,0.0410358837343246,0.0356757194531459,1.9311030885833,1.9311030885833,0.0438340081959574,0.0378874664549816,,,,-2.9311037,,,,,0.2661089,,,,,0.2
0099-dwfn-exeoFSTTGF-cf0.2-nb-qnewK-s1-o52b-o54b_0-bspm_estqsimple_softdep_fullmvprior_x0_sttgamma_flexsigmaC_OPT,bspm_estqsimple_softdep_fullmvprior_x0_sttgamma_flexsigmaC_OPT,0099-dwfn-exeoFSTTGF-cf0.2-nb-qnewK-s1-o52b-o54b_0,0099-dwfn-exeoFSTTGF-cf0.2-nb-qnewK-s1-o52b-o54b,0,0,344.461,272.0388,150,0,0,0,1.00911213670056,0.741305068051161,1,1,0,1,114,44.3099551027603,32.1040424717243,-22.1549775513802,0.982456140350877,-2.69407693314277,-4.17896213186585,1.72650610363921,5.55852269172561,-40.4881026049834,6.69873974226029,1.64476422586549,-24.9101191037249,,0.250974172509334,0.255827600420579,0.255827600420579,0.173660921620397,0.385895005162861,0.157740277573699,0.245617023565866,0.481730022712014,12.786125754678,0.398302166231579,0.251439820734585,0.0588203780042324,1.3727637637176,29021.5743382844,0.427441470849719,150908.109774978,0.199151083115789,0.222082968826148,364493.770391975,1.00890965458531,0.0180436180665299,0.0182083897751043,136356.142474404,0.377632683105979,0.128168596153641,0.13715922277997,0.901808138825638,0.901808138825638,0.677161572743442,0.64850645471757,0.867206279623666,0.867206279623666,0.750899630534978,0.726976457496812,,,,-2.9311037,,,,,0.2661089,,,,,0.2
0100-dwfn-exeoFSTTGF-cf0.2-nb-qnewK-s1-o52b-o54b_0-bspm_estqsimple_softdep_fullmvprior_x0_sttgamma_flexsigmaC_OPT,bspm_estqsimple_softdep_fullmvprior_x0_sttgamma_flexsigmaC_OPT,0100-dwfn-exeoFSTTGF-cf0.2-nb-qnewK-s1-o52b-o54b_0,0100-dwfn-exeoFSTTGF-cf0.2-nb-qnewK-s1-o52b-o54b,0,0,316.91,248.5736,150,0,0,0,1.00784739211021,0.78764354535737,1,1,0,1,114,45.4036612426589,32.7134208518583,-22.7018306213295,0.982456140350877,-2.93358060377327,-4.50565986752542,1.52248673545575,5.64289444169122,-41.0163509829393,6.73241825617028,1.60580616880279,-24.4953554209473,,0.249692538540645,0.257432212205885,0.257432212205885,0.174130684340968,0.383090860761139,0.158626063341292,0.246200762915877,0.481054434704542,12.7863390071336,0.396129758776799,0.251106748393219,0.0584738935246433,1.35324216374709,29038.8636740444,0.424704167998356,151655.212210567,0.198064879388399,0.220727572047222,358939.885484151,1.00331929095583,0.0179752192505725,0.0181387360003686,134661.246474534,0.383404433775318,0.130995117504978,0.140406535382141,0.912503770661267,0.912503770661266,0.673285243323026,0.646392549904038,0.870728301859449,0.870728301859449,0.745085573760421,0.719499929590968,,,,-2.9311037,,,,,0.2661089,,,,,0.2
0101-au-exeoFSTTGF-cf0.2-nb-qnewK-s1-o52b-o54b_0-bspm_estqsimple_softdep_fullmvprior_x0_sttgamma_flexsigmaC_OPT,bspm_estqsimple_softdep_fullmvprior_x0_sttgamma_flexsigmaC_OPT,0101-au-exeoFSTTGF-cf0.2-nb-qnewK-s1-o52b-o54b_0,0101-au-exeoFSTTGF-cf0.2-nb-qnewK-s1-o52b-o54b,0,0,374.965,322.96,150,0,0,0,1.00651387392556,0.722263375161801,1,1,0,1,95,-2.84095234437029,35.5508322052037,1.42047617218514,0.947368421052632,23.4969914169109,-4.11795792838161,-241.334742782961,27.5537508932021,-681.747275360179,24.7472497098489,-30.0431454224006,-256.014588725101,,0.245115885135808,0.0836696381029238,0.315922300256217,0.0836696381029238,0.392257384094331,0.0770430016406286,0.203940532309267,0.48788563077509,13.4684001153385,0.483526841742616,0.0820133882915623,0.0618480912149005,1.19141567204223,65529.3410785047,0.400523059839468,285410.703670122,0.241763420871308,0.274287422504958,702533.991371049,1.00423675698509,0.00897594363047599,0.00901647185694875,587569.291206041,0.829656345622595,0.0339442197881175,0.0345337098055773,1.93493261559487,1.93493261559487,0.143808619051445,0.129823900014592,1.82858443609288,1.82858443609288,0.15952018213817,0.143625125312424,,,,-2.9311037,,,,,0.2661089,,,,,0.2
0102-nz-exeoFSTTGF-cf0.2-nb-qnewK-s1-o52b-o54b_0-bspm_estqsimple_softdep_fullmvprior_x0_sttgamma_flexsigmaC_OPT,bspm_estqsimple_softdep_fullmvprior_x0_sttgamma_flexsigmaC_OPT,0102-nz-exeoFSTTGF-cf0.2-nb-qnewK-s1-o52b-o54b_0,0102-nz-exeoFSTTGF-cf0.2-nb-qnewK-s1-o52b-o54b,0,0,398.721,390.5886,150,0,0,0,1.00819267840177,0.688201085948082,1,1,0,1,118,64.8877030003948,32.948960831007,-32.4438515001974,0.983050847457627,-12.3666647986866,-4.56487418812727,-8.42179273249336,-1.69689606174705,-7.82221382434724,-0.441381432351263,-2.62384715390977,-11.0563019216602,,0.250772958647067,0.316503677979345,0.332294945467615,0.22431954932941,0.316503677979345,0.22027560327417,0.281659724000247,0.461563692511542,12.6307163263811,0.543160480665022,0.35445196866508,0.0689269150330142,1.09007261857078,29879.1750719899,0.383852217354781,116835.707793639,0.271580240332511,0.316877814014014,309107.418094801,1.00224504922035,0.0215016759254383,0.0217362048973001,90701.6728187689,0.307470057580556,0.187502422898339,0.207642346813328,0.798248795828819,0.798248795828819,0.700796618180609,0.6604713972825,0.759414341272873,0.759414341272873,0.767351251083699,0.732012056064465,,,,-2.9311037,,,,,0.2661089,,,,,0.2
0103-obs-exeoFSTTGF-cf0.2-nb-qnewK-s1-o52b-o54b_0-bspm_estqsimple_softdep_fullmvprior_x0_sttgamma_flexsigmaC_OPT,bspm_estqsimple_softdep_fullmvprior_x0_sttgamma_flexsigmaC_OPT,0103-obs-exeoFSTTGF-cf0.2-nb-qnewK-s1-o52b-o54b_0,0103-obs-exeoFSTTGF-cf0.2-nb-qnewK-s1-o52b-o54b,0,0,397.629,338.1626,150,0,0,0,1.00762202217183,0.773781328445851,1,1,0,1,92,-0.377667079750507,27.7030422177608,0.188833539875254,0.989130434782609,17.3496721460521,-4.06625412606958,-69.9657859426139,15.8647377696781,-216.283230016086,21.7094142311662,2.51974047930795,-73.2947637014793,,0.244142239154615,0.0643912026508156,0.329720831017579,0.135582167069654,0.406705630772699,0.0643912026508156,0.199819365748392,0.484776506069135,14.0119122243461,0.571972421107748,0.13565148164117,0.0442547631370701,1.22945790520634,136821.694025095,0.406461176434497,493377.613335364,0.285986210553874,0.33156884531272,1222135.92202592,1.00052060778565,0.00527085957676182,0.00528479956535542,1135536.94456624,0.929828501401977,0.0177207470793596,0.0178796395101374,2.27226368640189,2.27226368640189,0.0613192374245309,0.0515735031392573,2.25133867940137,2.25133867940137,0.0630188507591167,0.0536539365547728,,,,-2.9311037,,,,,0.2661089,,,,,0.2
0104-obsNoPF-exeoFSTTGF-cf0.2-nb-qnewK-s1-o52b-o54b_0-bspm_estqsimple_softdep_fullmvprior_x0_sttgamma_flexsigmaC_OPT,bspm_estqsimple_softdep_fullmvprior_x0_sttgamma_flexsigmaC_OPT,0104-obsNoPF-exeoFSTTGF-cf0.2-nb-qnewK-s1-o52b-o54b_0,0104-obsNoPF-exeoFSTTGF-cf0.2-nb-qnewK-s1-o52b-o54b,0,0,407.394,368.2608,150,0,0,0,1.01092805100246,0.630352303897059,1,0.993333333333333,0,1,92,31.064945122739,29.3310149175907,-15.5324725613695,0.978260869565217,2.88462174946665,-4.33412816785958,-16.6428385898836,10.0254812882209,-67.3338352736767,12.0614134597915,7.12845993774975,-26.3693944770507,,0.24543308558492,0.18631214182458,0.332814589442402,0.140354328438827,0.413054596040176,0.0817600525576738,0.18631214182458,0.491475001334863,13.729924393853,0.553843536779585,0.220941388331808,0.0516947678362194,1.12567873918607,102583.029112917,0.389857131749087,356816.386196631,0.276921768389793,0.320533014557222,908406.788791842,1.00237125432134,0.00670982000766701,0.00673243208157095,857572.371870919,0.929889217929718,0.0234230679574476,0.0237017486969995,2.28759299887647,2.28759299887647,0.0812293447736696,0.0680126596903988,2.2397070378315,2.2397070378315,0.0863494136453118,0.073591439563101,,,,-2.9311037,,,,,0.2661089,,,,,0.2
0105-dwfn-exeoFSTTGF-cf0.2-nalt-qnewK-s1-o52b-o54b_0-bspm_estqsimple_softdep_fullmvprior_x0_sttgamma_flexsigmaC_OPT,bspm_estqsimple_softdep_fullmvprior_x0_sttgamma_flexsigmaC_OPT,0105-dwfn-exeoFSTTGF-cf0.2-nalt-qnewK-s1-o52b-o54b_0,0105-dwfn-exeoFSTTGF-cf0.2-nalt-qnewK-s1-o52b-o54b,0,0,358.54,306.5802,150,0,0,0,1.00810221925328,0.677362648654717,1,1,0,1,114,46.088991312742,33.0173904392626,-23.044495656371,0.982456140350877,-2.90715077959167,-4.44660465975242,1.34336386855603,5.68494624585712,-39.409379867912,6.74644339795103,1.67910074344423,-23.8063259610106,,0.250499036008588,0.258433788045989,0.258433788045989,0.172328466334422,0.382726352377463,0.156181911472042,0.244782696998279,0.478123850090498,12.7505676085857,0.32227941077253,0.249945349535098,0.0586456442493775,2.91303379985443,29980.3126508155,0.571837592972777,199607.053466152,0.161139705386265,0.175711100683882,344556.891396623,1.00248058079676,0.0184120829155169,0.0185836951395136,154162.068963939,0.455514933560308,0.115735426067081,0.122998972199211,0.805855923082704,0.805855923082704,0.73214773218677,0.715531319711685,0.771008297064763,0.771008297064764,0.811068229871063,0.796501150215415,,,,-2.9311037,,,,,0.2661089,,,,,0.2
0106-au-exeoFSTTGF-cf0.2-nalt-qnewK-s1-o52b-o54b_0-bspm_estqsimple_softdep_fullmvprior_x0_sttgamma_flexsigmaC_OPT,bspm_estqsimple_softdep_fullmvprior_x0_sttgamma_flexsigmaC_OPT,0106-au-exeoFSTTGF-cf0.2-nalt-qnewK-s1-o52b-o54b_0,0106-au-exeoFSTTGF-cf0.2-nalt-qnewK-s1-o52b-o54b,0,0,435.649,398.2582,150,0,0,0,1.0099497636479,0.685611399076753,1,1,0,1,95,1.36967125925456,36.3146386232031,-0.684835629627278,0.968421052631579,21.7804759503914,-4.1233495966373,-199.45079755612,25.9261105599311,-574.902553729108,24.5016339554525,-22.7043915950872,-215.741619049542,,0.245839662837658,0.0897916095059975,0.317618262542474,0.0897916095059975,0.397126682666354,0.0757053357823877,0.203684980234308,0.488091931042448,13.6330840485087,0.41854305310248,0.0880845949366749,0.0614507061889798,2.24727931641303,97471.7088759559,0.522469114406158,430150.07356949,0.20927152655124,0.234647817338096,846446.155856162,0.996729223617848,0.00753208336845607,0.00756059275760264,770768.956232819,0.915298351498591,0.0261965146031479,0.0265457560714081,1.71784615849045,1.71784615849045,0.116799282002192,0.104828009203969,1.62887049036653,1.62887049036653,0.12963730483074,0.11669821532483,,,,-2.9311037,,,,,0.2661089,,,,,0.2
0107-nz-exeoFSTTGF-cf0.2-nalt-qnewK-s1-o52b-o54b_0-bspm_estqsimple_softdep_fullmvprior_x0_sttgamma_flexsigmaC_OPT,bspm_estqsimple_softdep_fullmvprior_x0_sttgamma_flexsigmaC_OPT,0107-nz-exeoFSTTGF-cf0.2-nalt-qnewK-s1-o52b-o54b_0,0107-nz-exeoFSTTGF-cf0.2-nalt-qnewK-s1-o52b-o54b,0,0,550.73,485.288,150,0,0,0,1.00730506698367,0.522518323536999,1,1,0,1,118,66.141578158214,33.3253432089842,-33.070789079107,0.966101694915254,-12.9575510369248,-4.88045114632453,-8.46994184915396,-2.00151024447903,-8.12837732191053,-0.504473979129383,-2.63111576952756,-10.3259082677688,,0.256143535972891,0.31703925661155,0.332183787667783,0.225902434819383,0.31703925661155,0.222034384407806,0.285015888948164,0.457601159538266,12.5706314558672,0.43760805416756,0.353826155260676,0.0666621055667457,2.35083983433302,31040.5782368778,0.531117834480078,154929.732113629,0.21880402708378,0.246617375896776,285261.788735315,1.00062520141504,0.0222293940136161,0.0224801910505114,97767.0813505708,0.354402466661102,0.170292427853411,0.186681981822384,0.665581726326037,0.665581726326037,0.800332856092398,0.780032176038233,0.637667022453108,0.637667022453108,0.870209361463176,0.85651165434598,,,,-2.9311037,,,,,0.2661089,,,,,0.2
0108-obs-exeoFSTTGF-cf0.2-nalt-qnewK-s1-o52b-o54b_0-bspm_estqsimple_softdep_fullmvprior_x0_sttgamma_flexsigmaC_OPT,bspm_estqsimple_softdep_fullmvprior_x0_sttgamma_flexsigmaC_OPT,0108-obs-exeoFSTTGF-cf0.2-nalt-qnewK-s1-o52b-o54b_0,0108-obs-exeoFSTTGF-cf0.2-nalt-qnewK-s1-o52b-o54b,0,0,386.077,320.7826,150,0,0,0,1.00739590219852,0.710643391469072,1,1,0,1,92,-0.178536214471098,27.9789177479019,0.089268107235549,0.978260869565217,17.627690104686,-4.00746520812156,-70.5027642638595,15.5898723647422,-217.559253437832,21.759112492987,2.48126623691315,-72.4391786300734,,0.245338841405435,0.0630554313457022,0.331135704388409,0.137209178146699,0.40760521000061,0.0630554313457022,0.199937782935485,0.484305621906803,14.0348432676766,0.583777616581546,0.136239517965582,0.0455510090048654,2.10512302239263,187572.021912433,0.509886787014482,612653.247095291,0.291888808290773,0.339921405664899,1243901.32079447,0.997445335968763,0.00515941142381104,0.00517276715942521,1193294.03697017,0.962583458349925,0.0166832444791296,0.0168239777507709,1.88718842478263,1.88718842478263,0.0543431198271327,0.0453423946278543,1.86403528270092,1.86403528270092,0.0556837956046758,0.0474832451452492,,,,-2.9311037,,,,,0.2661089,,,,,0.2
0109-obsNoPF-exeoFSTTGF-cf0.2-nalt-qnewK-s1-o52b-o54b_0-bspm_estqsimple_softdep_fullmvprior_x0_sttgamma_flexsigmaC_OPT,bspm_estqsimple_softdep_fullmvprior_x0_sttgamma_flexsigmaC_OPT,0109-obsNoPF-exeoFSTTGF-cf0.2-nalt-qnewK-s1-o52b-o54b_0,0109-obsNoPF-exeoFSTTGF-cf0.2-nalt-qnewK-s1-o52b-o54b,0,0,405.853,358.2226,150,0,0,0,1.0061398459013,0.638888991662242,1,1,0,1,92,30.6097913849378,29.3945975560683,-15.3048956924689,0.989130434782609,3.08424709826875,-3.90963864229219,-17.0921171184665,10.0716896949187,-66.9749924412027,12.4356420131551,7.0069524941446,-24.2963980725927,,0.246439782546214,0.187738870937124,0.334680846419103,0.140837510840535,0.412348267753217,0.0743725997812063,0.187738870937124,0.488693790639481,13.9600132128013,0.572694690196425,0.220110520355955,0.0514770541793687,2.07138098089137,168969.448288218,0.506769515237846,568220.893145153,0.286347345098212,0.334900964096028,1152765.56296665,1.00129248603215,0.00545174919842722,0.00546666423092126,1126799.34721303,0.977167887603092,0.0174630315670463,0.0176173090726857,1.93491177135339,1.93491177135339,0.0593441441178644,0.050048780576056,1.89672543930893,1.89672543930893,0.064153678343497,0.0542416792005259,,,,-2.9311037,,,,,0.2661089,,,,,0.2
0110-dwfn-exeoFLNF-cf0.2-nb-qnewK-s1-o52b-o54b-cmb-sPb-sy1952.10-sEn_0-bspm_estqsimple_softdep_fullmvprior_x0_LN_flexsigmaC_OPT,bspm_estqsimple_softdep_fullmvprior_x0_LN_flexsigmaC_OPT,0110-dwfn-exeoFLNF-cf0.2-nb-qnewK-s1-o52b-o54b-cmb-sPb-sy1952.10-sEn_0,0110-dwfn-exeoFLNF-cf0.2-nb-qnewK-s1-o52b-o54b-cmb-sPb-sy1952.10-sEn,0,0,359.539,280.9316,149,0,0,0,1.00756940161049,0.728822203711848,1,1,0,1,114,1457.06118832842,49.5864059761385,-728.53059416421,0.710526315789474,-693.217281175846,-695.672701411351,2.79116336781727,5.10625547495374,-43.4198316112419,6.17757066049514,0.922766147067518,-30.6266854410919,,0.200763055830882,0.249914213445456,0.249914213445456,0.18443528032811,0.389224812090177,0.16657195326469,0.245547503352355,0.489225350811511,12.614224752445,0.517211676609484,0.24350195713523,0.0647861989203924,1.19762755549195,29272.965205349,0.401504097684204,119633.035560287,0.258605838304742,0.297800949074774,295058.716867455,0.98098455129541,0.00366097218835054,0.0036676899496679,127535.933131279,0.427830339746229,0.140397522255098,0.151285232065776,1.0859940039707,1.0859940039707,0.570843574082439,0.529001918883703,1.0410635947169,1.0410635947169,0.613804052984934,0.576588915845162,,,,-2.9311037,,,,,0.2661089,,,,,0.2
0111-dwfn-exeoFSTTGF-cf0.2-nb-qnewK-s2-o52b-o54b-cmb-sPb-sy1952.10-sEn_0-bspm_estqsimple_softdep_fullmvprior_x0_sttgamma_flexsigmaC_OPT,bspm_estqsimple_softdep_fullmvprior_x0_sttgamma_flexsigmaC_OPT,0111-dwfn-exeoFSTTGF-cf0.2-nb-qnewK-s2-o52b-o54b-cmb-sPb-sy1952.10-sEn_0,0111-dwfn-exeoFSTTGF-cf0.2-nb-qnewK-s2-o52b-o54b-cmb-sPb-sy1952.10-sEn,0,0,355.964,279.642,115,0,0,0,1.00908782409104,0.747109467471058,1,1,0,1,114,43.5888387650838,30.3226874875935,-21.7944193825419,0.973684210526316,-3.08884922694349,-4.85128213130596,1.88832063360653,5.86562633946314,-41.0571557036132,6.83388066505791,1.74786546873679,-24.6690421590786,,0.256142212901,0.255020730096362,0.255020730096362,0.17366930631963,0.381160744082615,0.157438062916311,0.245935955463869,0.481460542906029,12.8389427093191,0.362812899091234,0.249020779044629,0.0612384260873525,1.42844958952988,29130.7056428033,0.435056573552227,163356.527365919,0.181406449545617,0.200167607652344,384679.26209305,1.00686912157013,0.0189187497933739,0.0190999990050524,137321.149271337,0.370426261604625,0.124419660019881,0.132868369256291,0.877718158589576,0.877718158589576,0.671017012393919,0.645528396930443,0.840118448880137,0.840118448880137,0.768050155524163,0.747874052696489,,,,-2.9311037,,,,,0.2661089,,,,,0.2
0112-dwfn-exeoFSTTGF-cf0.2-nb-qnewK-s3-o52b-o54b-cmb-sPb-sy1952.10-sEn_0-bspm_estqsimple_softdep_fullmvprior_x0_sttgamma_flexsigmaC_OPT,bspm_estqsimple_softdep_fullmvprior_x0_sttgamma_flexsigmaC_OPT,0112-dwfn-exeoFSTTGF-cf0.2-nb-qnewK-s3-o52b-o54b-cmb-sPb-sy1952.10-sEn_0,0112-dwfn-exeoFSTTGF-cf0.2-nb-qnewK-s3-o52b-o54b-cmb-sPb-sy1952.10-sEn,0,0,366.775,283.0376,104,0,0,0,1.00733356949987,0.763655017416138,1,1,0,1,114,55.067138472124,28.2965889337688,-27.533569236062,0.973684210526316,-10.9105969010698,-12.0783121008398,1.13753795426775,4.84652942481156,-36.7908895715728,6.15692001562974,1.22291322576277,-23.148407945696,,0.296504571880282,0.260072229151447,0.260072229151447,0.185654942377595,0.367433362697737,0.171357199208761,0.256196622449529,0.474920019431817,12.7765825592361,0.410173024537552,0.25440515308972,0.0614018792122885,1.2679328024614,28981.4678314445,0.412302593033189,142548.393005894,0.205086512268776,0.229521996434858,359887.841407818,1.01121009756529,0.0197774026622934,0.0199755929803159,114069.253962059,0.321996650733085,0.155326006240514,0.168804665047332,0.796550280546307,0.796550280546308,0.766993780229672,0.744911287907844,0.767243200846886,0.767243200846886,0.816276665913098,0.797390629381773,,,,-2.9311037,,,,,0.2661089,,,,,0.2
0113-dwfn-exeoFSTTGF-cf0.2-nb-qnewK-s5-o52b-o54b-cmb-sPb-sy1952.10-sEn_0-bspm_estqsimple_softdep_fullmvprior_x0_sttgamma_flexsigmaC_OPT,bspm_estqsimple_softdep_fullmvprior_x0_sttgamma_flexsigmaC_OPT,0113-dwfn-exeoFSTTGF-cf0.2-nb-qnewK-s5-o52b-o54b-cmb-sPb-sy1952.10-sEn_0,0113-dwfn-exeoFSTTGF-cf0.2-nb-qnewK-s5-o52b-o54b-cmb-sPb-sy1952.10-sEn,0,0,320.701,243.7432,94,0,0,0,1.0072330768316,0.814938138743978,1,1,0,1,114,43.6399602421294,26.8824344254417,-21.8199801210647,0.982456140350877,-6.16630082211977,-9.03984258368864,2.98953977359586,5.44658952128027,-41.049513337813,6.88764823412066,1.57649677678329,-27.7578402291983,,0.273110545128636,0.249060461153262,0.249060461153262,0.187700472039148,0.371849599225808,0.163510391011143,0.250383213956715,0.489981451544428,12.7790650292892,0.415175335642238,0.242972785856258,0.0684890485123438,1.23340478598624,29128.2445501066,0.407067771916915,142289.264340112,0.207587667821119,0.232673403980188,359513.578684433,1.01186763133983,0.0212663225688732,0.0214957091459665,122181.318836798,0.349178478749596,0.139742710018304,0.15052376008727,0.870814985352848,0.870814985352848,0.683346664811265,0.650869991508684,0.82429935291476,0.82429935291476,0.771039578779911,0.74428130656228,,,,-2.9311037,,,,,0.2661089,,,,,0.2
0114-dwfn-exeoFSTTGF-cf0.2-nb-qnewK-s10-o52b-o54b-cmb-sPb-sy1952.10-sEn_0-bspm_estqsimple_softdep_fullmvprior_x0_sttgamma_flexsigmaC_OPT,bspm_estqsimple_softdep_fullmvprior_x0_sttgamma_flexsigmaC_OPT,0114-dwfn-exeoFSTTGF-cf0.2-nb-qnewK-s10-o52b-o54b-cmb-sPb-sy1952.10-sEn_0,0114-dwfn-exeoFSTTGF-cf0.2-nb-qnewK-s10-o52b-o54b-cmb-sPb-sy1952.10-sEn,0,0,359.504,304.0984,87,0,0,0,1.006509575441,0.745011459862427,1,1,0,1,114,53.7602522333455,27.8613610999039,-26.8801261166728,0.991228070175439,-11.3272146919811,-15.8371031024393,4.5297021489545,5.3250555228337,-44.4854149791472,7.00027862372955,0.317616856171361,-26.0099900717253,,0.315810812125236,0.238903256145324,0.238903256145324,0.199682165913321,0.369257544288823,0.16983903620068,0.260854989777035,0.489154250558914,12.789298406701,0.474478744061274,0.23251886466981,0.0849946851800087,1.00384699674148,30195.5751664805,0.368585915536073,128814.72599289,0.237239372030637,0.270811026833611,370859.449782591,1.03033333517346,0.0136421483039261,0.0137360574690252,92859.3621588791,0.255112145975493,0.184476640025733,0.203925260276628,0.709034671733666,0.709034671733666,0.788433848624148,0.763145742898459,0.672719868365799,0.672719868365799,0.887067797323986,0.872670607082871,,,,-2.9311037,,,,,0.2661089,,,,,0.2
0115-dwfn-exeoFSTTGF-cf0.2-nb-qnewK-s1-o52b-o54b-cm2x-sPb-sy1952.10-sEn_0-bspm_estqsimple_softdep_fullmvprior_x0_sttgamma_flexsigmaC_OPT,bspm_estqsimple_softdep_fullmvprior_x0_sttgamma_flexsigmaC_OPT,0115-dwfn-exeoFSTTGF-cf0.2-nb-qnewK-s1-o52b-o54b-cm2x-sPb-sy1952.10-sEn_0,0115-dwfn-exeoFSTTGF-cf0.2-nb-qnewK-s1-o52b-o54b-cm2x-sPb-sy1952.10-sEn,0,0,338.127,242.7,150,0,0,0,1.00964447874717,0.763871156350174,1,1,0,1,114,44.7608975676477,32.1771061678063,-22.3804487838239,0.991228070175439,-2.81069731125191,-4.58453778288082,1.7208810481489,5.54792879711237,-42.0453924253658,6.619318270186,1.37841586249495,-25.7841437959653,,0.254293432540803,0.255919076676207,0.255919076676207,0.179805528975944,0.38289981898227,0.162817252169922,0.248131455916428,0.48118174645176,13.3858150487953,0.438606593073221,0.248705346686624,0.0603604477619268,1.26902200414625,57393.4261790944,0.412465552814658,266243.866416555,0.219303296536611,0.247499901663723,657310.292183058,1.01178368784592,0.018516109866961,0.0186896801492958,236288.536207688,0.370843246123037,0.146400612200654,0.158293296739311,0.902322761811768,0.902322761811768,0.685519899894892,0.654388972590906,0.869048871580053,0.869048871580053,0.751353488715569,0.728390702759571,,,,-2.9311037,,,,,0.2661089,,,,,0.2
0116-dwfn-exeoFSTTGF-cf0.2-nb-qnewK-s1-o52b-o54b-cm2xt-sPb-sy1952.10-sEn_0-bspm_estqsimple_softdep_fullmvprior_x0_sttgamma_flexsigmaC_OPT,bspm_estqsimple_softdep_fullmvprior_x0_sttgamma_flexsigmaC_OPT,0116-dwfn-exeoFSTTGF-cf0.2-nb-qnewK-s1-o52b-o54b-cm2xt-sPb-sy1952.10-sEn_0,0116-dwfn-exeoFSTTGF-cf0.2-nb-qnewK-s1-o52b-o54b-cm2xt-sPb-sy1952.10-sEn,0,0,336.073,215.5462,150,0,0,0,1.00956901982742,0.730007127477662,1,1,0,1,114,45.7921753420359,32.6149889287565,-22.8960876710179,0.982456140350877,-2.86160545878852,-4.19684390053624,1.25121622545319,6.42972204462144,-43.0640526087434,7.36952446493553,2.24361792020803,-22.7741798301217,,0.228025737945917,0.258205532418608,0.258205532418608,0.15817091545844,0.392006293303192,0.141234460415216,0.235126657449855,0.481172183025478,13.3005291528034,0.436646442006014,0.250936504667768,0.0619288554045976,1.2592898069684,51672.2798930083,0.411004179522804,246246.574029033,0.218323221003007,0.245871724769662,610739.946378022,1.00819475151694,0.0112115707601426,0.0112748941684092,317144.454713288,0.545490265190145,0.110015793814787,0.116551562301509,1.32500456681389,1.32500456681389,0.507453912983685,0.469321050873707,1.28907919519636,1.28907919519636,0.545213075587691,0.509939093925857,,,,-2.9311037,,,,,0.2661089,,,,,0.2
0117-dwfn-exeoFSTTGF-cf0.2-nb-qnewK-s1-o52b-o54b-cm2xtr-sPb-sy1952.10-sEn_0-bspm_estqsimple_softdep_fullmvprior_x0_sttgamma_flexsigmaC_OPT,bspm_estqsimple_softdep_fullmvprior_x0_sttgamma_flexsigmaC_OPT,0117-dwfn-exeoFSTTGF-cf0.2-nb-qnewK-s1-o52b-o54b-cm2xtr-sPb-sy1952.10-sEn_0,0117-dwfn-exeoFSTTGF-cf0.2-nb-qnewK-s1-o52b-o54b-cm2xtr-sPb-sy1952.10-sEn,0,0,780.888,638.6316,150,0,0,0,1.01073471542682,0.688099581087245,1,0.993333333333333,0,1,114,42.3005093304783,31.3727080148303,-21.1502546652392,0.982456140350877,-1.94030675344269,-4.36585672344437,2.44252498076313,4.65291371944835,-44.7360972960775,5.89450326984145,0.92387656996428,-31.4915631783558,,0.281733621412841,0.251378316744454,0.251378316744454,0.194307427515107,0.39516201110022,0.182043884870771,0.257885525378303,0.486780869692499,13.3504799909486,0.326799741251984,0.244635145094195,0.0561233009110642,1.63833035988563,46749.6432595215,0.461446584446854,287201.352390525,0.163399870625992,0.17840906680811,638943.804077012,1.00779772697522,0.0195077010198274,0.0197004875543959,155735.265163879,0.243135927223046,0.121433994726995,0.129464241075219,0.53894951975686,0.53894951975686,0.748600462764388,0.730562028197423,0.505039643333049,0.505039643333049,0.851423061642942,0.840120867527939,,,,-2.9311037,,,,,0.2661089,,,,,0.2
0118-dwfn-exeoFSTTGF-cf0.2-nb-qnewK-s1-o52b-o54b-cmb-sP0-sy1952.10-sEn_0-bspm_estqsimple_softdep_fullmvprior_x0_sttgamma_flexsigmaC_OPT,bspm_estqsimple_softdep_fullmvprior_x0_sttgamma_flexsigmaC_OPT,0118-dwfn-exeoFSTTGF-cf0.2-nb-qnewK-s1-o52b-o54b-cmb-sP0-sy1952.10-sEn_0,0118-dwfn-exeoFSTTGF-cf0.2-nb-qnewK-s1-o52b-o54b-cmb-sP0-sy1952.10-sEn,0,0,363.072,288.0054,150,0,0,0,1.00912431543954,0.580791501098167,1,1,0,1,114,51.9801012577483,29.3120206872639,-25.9900506288742,0.991228070175439,-8.57985225863069,-6.12888974358088,-2.15659844392013,5.74854187463073,-39.1315186126487,6.63552318318931,2.53331460624534,-20.0545979850777,,0.258473748815639,0.281238470506992,0.281238470506992,0.150703041323606,0.394565391250871,0.134936723134039,0.229737601178529,0.474351541934939,12.8033968760871,0.348771666753108,0.273049137735826,0.00100015041228039,1.58367137062817,27666.5172161759,0.454899297099466,164390.993344551,0.174385833376554,0.191627725223653,363726.062021274,1.00065373980763,0.0189303913432114,0.0191118651297543,144597.415275224,0.397920531750378,0.122416949563182,0.130583683807979,0.865767520590459,0.865767520590459,0.736727793553394,0.716172531726648,0.836499357050988,0.836499357050988,0.794013345253643,0.778144939835882,,,,-6.90775527898214,,,,,0.05,,,,,0.2
0119-dwfn-exeoFSTTGF-cf0.2-nb-qnewK-s1-o52b-o54b-cmb-sPb-sy1955.09-sEn_0-bspm_estqsimple_softdep_fullmvprior_x0_sttgamma_flexsigmaC_OPT,bspm_estqsimple_softdep_fullmvprior_x0_sttgamma_flexsigmaC_OPT,0119-dwfn-exeoFSTTGF-cf0.2-nb-qnewK-s1-o52b-o54b-cmb-sPb-sy1955.09-sEn_0,0119-dwfn-exeoFSTTGF-cf0.2-nb-qnewK-s1-o52b-o54b-cmb-sPb-sy1955.09-sEn,0,0,368.793,295.8494,147,0,0,0,1.0066499539418,0.701324117535724,1,1,0,1,44,5.29760269716455,7.52151764001573,-2.64880134858228,0.977272727272727,1.80803338185218,,1.80803338185218,5.35308076543704,-40.7148197962766,6.49846603332956,1.54164557915629,-25.6062317402929,,0.218480882467147,0.255300989861174,0.255300989861174,0.176951444553481,0.382488449550563,0.159475227339159,0.247043811987599,0.483496646231439,12.7276872300127,0.430733709160142,0.250631521699184,0.0611062205931065,1.29117950446095,28652.6366900021,0.415755294508817,137034.746730153,0.215366854580071,0.242236685481323,314723.795898163,0.920673067701526,0.0672559847082502,0.0696244837832467,130505.677577983,0.395260565019616,0.135203811118545,0.145261419651551,0.955512251544824,0.955512251544824,0.644053855121641,0.614713496198403,0.907302744849133,0.907302744849133,0.711580700332402,0.684381348423845,,,,-2.9311037,,,,,0.2661089,,,,,0.2
0120-dwfn-exeoFSTTGF-cf0.2-nb-qnewK-s1-o52b-o54b-cmb-sPb-sy1988.05-sEn_0-bspm_estqsimple_softdep_fullmvprior_x0_sttgamma_flexsigmaC_OPT,bspm_estqsimple_softdep_fullmvprior_x0_sttgamma_flexsigmaC_OPT,0120-dwfn-exeoFSTTGF-cf0.2-nb-qnewK-s1-o52b-o54b-cmb-sPb-sy1988.05-sEn_0,0120-dwfn-exeoFSTTGF-cf0.2-nb-qnewK-s1-o52b-o54b-cmb-sPb-sy1988.05-sEn,0,0,207.105,148.9106,114,0,0.001,0,1.00689588603956,0.771495078422056,1,1,0,1,35,3.9316538554139,5.76278319377837,-1.96582692770695,0.971428571428571,1.51884094969347,,1.51884094969347,5.72800732996222,-16.2238323013773,6.75607025030463,1.84749725354067,-25.6313121442012,,0.170071786794343,0.271659364387877,0.271659364387877,0.175853166724952,0.321500697332082,0.159210705861196,0.245942127201336,0.481150203226183,12.7580124427154,0.364086191395546,0.25110203005237,0.0574673923118955,1.73567935570932,29580.6755546331,0.472598157037805,161856.469291461,0.182043095697773,0.200820914322684,172397.764885505,0.494454155431715,0.160531239856399,0.174986016336319,149125.012466442,0.424029337259865,0.120248268699406,0.128115543550742,0.900668849751417,0.900668849751417,0.680021904265982,0.657316789519161,0.857479258900363,0.857479258900363,0.756151895998336,0.739454270851291,,,,-2.9311037,,,,,0.2661089,,,,,0.2
0121-dwfn-exeoFSTTGF-cf0.2-nb-qnewK-s1-o52b-o54b-cmb-sPb-sy1988.07-sEn_0-bspm_estqsimple_softdep_fullmvprior_x0_sttgamma_flexsigmaC_OPT,bspm_estqsimple_softdep_fullmvprior_x0_sttgamma_flexsigmaC_OPT,0121-dwfn-exeoFSTTGF-cf0.2-nb-qnewK-s1-o52b-o54b-cmb-sPb-sy1988.07-sEn_0,0121-dwfn-exeoFSTTGF-cf0.2-nb-qnewK-s1-o52b-o54b-cmb-sPb-sy1988.07-sEn,0,0,148.464,136.0816,114,0,0,0,1.00835487946253,0.611604002687925,1,1,0,1,35,5.13503230278981,6.4922933608984,-2.5675161513949,0.971428571428571,1.31905985198373,,1.31905985198373,6.50059163362465,-17.1968159577603,7.35890077717564,2.3790401438023,-23.1917218505928,,0.1695566049347,0.272399198093196,0.272399198093196,0.155963260423059,0.328732655839369,0.137024832311257,0.233054014765734,0.481331682820298,12.8768311958413,0.377742002013866,0.253528583312888,0.0632804764921587,1.61342914538936,30849.7568282153,0.458490383476191,175587.07315897,0.188871001006933,0.208460849065156,267637.579494394,0.690582324917524,0.110173543245299,0.11672883188225,224831.175960266,0.593697119623429,0.0831289304102227,0.0867884178698387,1.29696219850731,1.29696219850731,0.461901492046262,0.432027918210716,1.25347742909905,1.25347742909905,0.520757593808687,0.494075586969384,,,,-2.9311037,,,,,0.2661089,,,,,0.2
0122-dwfn-exeoFSTTGF-cf0.2-nb-qnewK-s1-o52b-o54b-cmb-sPb-sy1988.09-sEn_0-bspm_estqsimple_softdep_fullmvprior_x0_sttgamma_flexsigmaC_OPT,bspm_estqsimple_softdep_fullmvprior_x0_sttgamma_flexsigmaC_OPT,0122-dwfn-exeoFSTTGF-cf0.2-nb-qnewK-s1-o52b-o54b-cmb-sPb-sy1988.09-sEn_0,0122-dwfn-exeoFSTTGF-cf0.2-nb-qnewK-s1-o52b-o54b-cmb-sPb-sy1988.09-sEn,0,0,272.262,231.427,114,0,0,0,1.00756460958266,0.7366891868475,1,1,0,1,35,6.26335272884561,6.19833692578355,-3.1316763644228,0.971428571428571,0.50285682291598,,0.50285682291598,7.01717267484318,-17.0129962125301,7.74481803066758,2.98875979763611,-20.5842339006668,,0.170527125538357,0.279247284068648,0.279247284068648,0.142184344786704,0.338389214725235,0.118224919732768,0.22022565695762,0.48343927755735,13.2835664454277,0.495941065909663,0.259841866410351,0.0660021671465897,1.18918099570701,58765.1109353907,0.400168955592467,236854.182118175,0.247970532954832,0.281062638750986,523691.836475031,0.897097957127406,0.0620080533539314,0.064013915704623,466061.143094459,0.800014108085517,0.0404525995796064,0.0412935636354017,2.0329541247483,2.0329541247483,0.150480023681068,0.130265105220073,1.99525220985867,1.99525220985867,0.16412721505545,0.138206975966893,,,,-2.9311037,,,,,0.2661089,,,,,0.2
0123-dwfn-exeoFLNFe-cf0.2-nb-qnewK-s2-o52b-o54b-cmb-sPb-sy1952.10-sEn_0-bspm_estq_softdep_fullmvprior_x0_LN_flexsigmaC_OPT,bspm_estq_softdep_fullmvprior_x0_LN_flexsigmaC_OPT,0123-dwfn-exeoFLNFe-cf0.2-nb-qnewK-s2-o52b-o54b-cmb-sPb-sy1952.10-sEn_0,0123-dwfn-exeoFLNFe-cf0.2-nb-qnewK-s2-o52b-o54b-cmb-sPb-sy1952.10-sEn,0,0,352.071,263.773,184,0,0,0,1.00694035386486,0.776531350105224,1,1,0,1,114,1461.89200672076,52.7814397324529,-730.94600336038,0.578947368421053,-692.196886137223,-695.451388505893,3.21971677129092,5.51137797359899,-43.6414831644247,6.46374328429702,0.965258122015532,-28.9901401313318,,0.206495401401168,0.247498127043406,0.247498127043406,0.179845423698067,0.3845473574341,0.164870747302498,0.246049269629182,0.484601958492048,12.7444879257231,0.427704220977716,0.240742016823548,0.0669187663740849,1.2872445178919,29320.2335714318,0.41517466800851,143511.282544872,0.213852110488858,0.240610349846347,343459.789412774,0.984037474394314,0.00314037255313615,0.0031453138728105,134646.856483979,0.402174676882996,0.135209748795209,0.145268294277155,0.995666935043718,0.995666935043718,0.634134441626769,0.599585082267924,0.95061734136702,0.95061734136702,0.673987616990778,0.64469237564882,,,,-2.9311037,,,,,0.2661089,,,,,0.2
0124-dwfn-exeoFSTTGFe-cf0.2-nb-qnewK-s2-o52b-o54b-cmb-sPb-sy1952.10-sEn_0-bspm_estq_softdep_fullmvprior_x0_sttgamma_flexsigmaC_OPT,bspm_estq_softdep_fullmvprior_x0_sttgamma_flexsigmaC_OPT,0124-dwfn-exeoFSTTGFe-cf0.2-nb-qnewK-s2-o52b-o54b-cmb-sPb-sy1952.10-sEn_0,0124-dwfn-exeoFSTTGFe-cf0.2-nb-qnewK-s2-o52b-o54b-cmb-sPb-sy1952.10-sEn,0,0,358.424,269.3492,185,0,0,0,1.00685903138528,0.657866309209486,1,1,0,1,114,65.1546669919553,53.4388293527717,-32.5773334959776,0.859649122807018,3.14377897267369,-0.200630103543563,2.9378762324987,5.32747728758261,-43.4222294147186,6.51714804823058,0.868693299959037,-28.536432047692,,0.233966178114507,0.248681217667823,0.248681217667823,0.182767849849027,0.381865106444328,0.167352052814634,0.24858865099981,0.48360018656837,12.721036407864,0.447798840753811,0.240229306599381,0.0614305514108659,1.20506458178926,29079.6836799851,0.402672662946019,131837.697404787,0.223899420376906,0.253455566183788,336440.612663192,1.00382164535196,0.0115987896498506,0.0116665805609518,122830.160659416,0.369690708184386,0.149710777946814,0.162178732892719,0.932773394580243,0.932773394580243,0.670084724392572,0.637689221987877,0.897640820195436,0.897640820195436,0.713683010756203,0.68543006687952,,,,-2.9311037,,,,,0.2661089,,,,,0.2
0125-dwfn-exeoFLNFe-cf0.2-nb-qnewK-s5-o52b-o54b-cmb-sPb-sy1952.10-sEn_0-bspm_estq_softdep_fullmvprior_x0_LN_flexsigmaC_OPT,bspm_estq_softdep_fullmvprior_x0_LN_flexsigmaC_OPT,0125-dwfn-exeoFLNFe-cf0.2-nb-qnewK-s5-o52b-o54b-cmb-sPb-sy1952.10-sEn_0,0125-dwfn-exeoFLNFe-cf0.2-nb-qnewK-s5-o52b-o54b-cmb-sPb-sy1952.10-sEn,0,0,343.109,289.8774,163,0,0,0,1.0060550036007,0.697721958704948,1,1,0,1,114,1460.50415048692,53.0829702977994,-730.252075243462,0.692982456140351,-691.861687350763,-696.444248215993,4.22719139036484,5.56556909119522,-46.8751693615187,6.83795680095543,0.819664811737652,-30.7927906067996,,0.211044605771518,0.241000417215414,0.241000417215414,0.186919195073157,0.380118828608028,0.16660428382017,0.248300457611655,0.486114982396008,12.8322617322082,0.413058702490389,0.232226976664866,0.0745425248132463,1.29430960690248,29652.6551030532,0.41621573228425,154689.839958272,0.206529351245194,0.231338732435139,371965.126147444,0.986134315391907,0.00323157684832509,0.0032368096710585,144254.697445444,0.397485016906085,0.12826151329329,0.137265838435531,0.967667006537914,0.967667006537914,0.648875136872995,0.61311954776083,0.929417416852004,0.929417416852004,0.693093171229396,0.665777077693243,,,,-2.9311037,,,,,0.2661089,,,,,0.2
0126-dwfn-exeoFSTTGFe-cf0.2-nb-qnewK-s5-o52b-o54b-cmb-sPb-sy1952.10-sEn_0-bspm_estq_softdep_fullmvprior_x0_sttgamma_flexsigmaC_OPT,bspm_estq_softdep_fullmvprior_x0_sttgamma_flexsigmaC_OPT,0126-dwfn-exeoFSTTGFe-cf0.2-nb-qnewK-s5-o52b-o54b-cmb-sPb-sy1952.10-sEn_0,0126-dwfn-exeoFSTTGFe-cf0.2-nb-qnewK-s5-o52b-o54b-cmb-sPb-sy1952.10-sEn,0,0,278.868,237.2848,164,0,0,0,1.00577533930515,0.771160118809059,1,1,0,1,114,60.9933569325062,48.6351319931474,-30.4966784662531,0.903508771929825,2.78004343167102,-1.30475923684031,3.87161393512217,5.69128070380782,-44.6459033969701,6.84088472593348,1.06719492457042,-28.3471604744629,,0.238008777855742,0.244514504131335,0.244514504131335,0.184340849284211,0.378653307172136,0.165166256062991,0.247738816980681,0.484694339481079,12.7165936975291,0.445855173218287,0.237153396668907,0.0611107204036579,1.19498928611139,28944.8150901855,0.401087980030545,131819.700806066,0.222927586609143,0.252221819770163,333313.550207237,1.00622796311607,0.0153093913878691,0.015427790102621,119633.030779737,0.358792496347231,0.152532183721184,0.165502416890148,0.919166623542932,0.919166623542932,0.683471439918328,0.651564088793562,0.878571979299727,0.878571979299727,0.729639282397894,0.704565898929172,,,,-2.9311037,,,,,0.2661089,,,,,0.2
0127-dwfn-exeoFSTTGFestF-cf0.2-nb-qnewK-s1-o52b-o54b-cmb-sPb-sy1952.10-sEn_0-bspm_estF_softdep_mvprior_x0_sttgamma_flexsigmaC_OPT,bspm_estF_softdep_mvprior_x0_sttgamma_flexsigmaC_OPT,0127-dwfn-exeoFSTTGFestF-cf0.2-nb-qnewK-s1-o52b-o54b-cmb-sPb-sy1952.10-sEn_0,0127-dwfn-exeoFSTTGFestF-cf0.2-nb-qnewK-s1-o52b-o54b-cmb-sPb-sy1952.10-sEn,0,0,162.781,140.246,149,0,0,0,1.00640100282711,0.699547225744377,1,1,0,1,114,60.7832623271614,60.1925207953194,-30.3916311635807,0.535087719298246,15.4921591866408,11.7943213945665,3.56969128052787,5.39164932189344,-42.5913155367702,6.37564723717516,0.702547047711055,-30.9644300996498,,0.220641790712375,0.246750254468846,0.246750254468846,0.179790882510986,0.382957455737105,0.164673766577221,0.244967928762487,0.486708147345904,12.5615807465552,0.529939016144269,0.238865754348768,0.0623203746683521,1.19588605866537,29382.9247417457,0.401229533203944,112900.886729074,0.264969508072134,0.307346862255585,287865.432913943,0.995897776630526,0.0024041094747545,0.0024070039860274,122397.691437991,0.435482445391756,0.152339299256595,0.16527484032043,1.08029700894044,1.08029700894044,0.601684417576265,0.56269491962063,1.04005785654212,1.04005785654212,0.6191446614923,0.583634146284705,,,,-2.9311037,,,,,0.2661089,,,,0.211133129913457,0.2
0128-dwfn-exeoFSTTGFestF-cf0.2-nb-qasF-s1-o52b-o54b-cmb-sPb-sy1952.10-sEn_0-bspm_estF_softdep_mvprior_x0_sttgamma_flexsigmaC_OPT,bspm_estF_softdep_mvprior_x0_sttgamma_flexsigmaC_OPT,0128-dwfn-exeoFSTTGFestF-cf0.2-nb-qasF-s1-o52b-o54b-cmb-sPb-sy1952.10-sEn_0,0128-dwfn-exeoFSTTGFestF-cf0.2-nb-qasF-s1-o52b-o54b-cmb-sPb-sy1952.10-sEn,0,0,289.315,215.2048,149,0,0,0,1.01090028146919,0.702493902803759,1,0.993288590604027,0,1,114,62.819429083503,57.0856923893807,-31.4097145417515,0.543859649122807,12.3745404851655,12.682163786764,0.00428681470037556,6.46308521327579,-36.0326711604757,7.4418108205013,2.56129997184572,-19.4095341260469,,0.221244778383909,0.268333319319335,0.268333319319335,0.146601376633942,0.384153576645311,0.121894531294738,0.221403856371111,0.479049164768589,13.2756728511635,0.362374306878675,0.25970574242967,0.0650055661923965,1.54575038890457,45969.6314920799,0.45022790385199,267660.271119222,0.181187153439338,0.199606289670744,589355.713148197,0.999533912731213,0.00115542083319325,0.00115608884645702,410634.641731131,0.717971042766915,0.0503061778280042,0.0516156388448473,1.62463051280552,1.62463051280552,0.272959561536882,0.250806896818187,1.60055576168159,1.60055576168159,0.273171602147941,0.253139384811539,,,,-2.9311037,,,,,0.2661089,,,,0.0527832824783641,0.2
