"","logK","log_r","log_shape"
"logK",0.209097757794087,-0.0176792738336599,0.0147892867696752
"log_r",-0.0176792738336599,0.338675922372008,-0.290257899811775
"log_shape",0.0147892867696752,-0.290257899811775,0.317142216170462
