"","logK","log_r","log_shape"
"logK",0.846721999699006,-0.00389613925673166,0.00476406879907138
"log_r",-0.00389613925673166,0.306129450909133,-0.258918272854936
"log_shape",0.00476406879907138,-0.258918272854936,0.280267151015556
