"","logK","log_r","log_shape"
"logK",1,-0.00765264369132691,0.00977960926404736
"log_r",-0.0076526436913269,1,-0.883942561802115
"log_shape",0.00977960926404736,-0.883942561802115,1
