"","logK","log_r","log_shape"
"logK",1,-0.0664350970254265,0.0574308856840585
"log_r",-0.0664350970254265,1,-0.885655571577989
"log_shape",0.0574308856840585,-0.885655571577988,1
