"","atanh_rho","log_sigma_qdev"
"atanh_rho",0.452625991967608,0.224587949145486
"log_sigma_qdev",0.224587949145486,0.256420760835681
