"","atanh_rho","log_sigma_qdev"
"atanh_rho",0.468233707446402,0.255656699692617
"log_sigma_qdev",0.255656699692617,0.297587220802786
