run_id,type,name,row,col,value
0100-dwfn-exeoFSTTGF-cf0.2-nb-qnewK-s1-o52b-o54b_0-bspm_estqsimple_softdep_fullmvprior_x0_sttgamma_flexsigmaC_OPT,Data,T,,,71
0100-dwfn-exeoFSTTGF-cf0.2-nb-qnewK-s1-o52b-o54b_0-bspm_estqsimple_softdep_fullmvprior_x0_sttgamma_flexsigmaC_OPT,Data,I,,,6
0100-dwfn-exeoFSTTGF-cf0.2-nb-qnewK-s1-o52b-o54b_0-bspm_estqsimple_softdep_fullmvprior_x0_sttgamma_flexsigmaC_OPT,Data,index,1,1,-999
0100-dwfn-exeoFSTTGF-cf0.2-nb-qnewK-s1-o52b-o54b_0-bspm_estqsimple_softdep_fullmvprior_x0_sttgamma_flexsigmaC_OPT,Data,index,2,1,-999
0100-dwfn-exeoFSTTGF-cf0.2-nb-qnewK-s1-o52b-o54b_0-bspm_estqsimple_softdep_fullmvprior_x0_sttgamma_flexsigmaC_OPT,Data,index,3,1,-999
0100-dwfn-exeoFSTTGF-cf0.2-nb-qnewK-s1-o52b-o54b_0-bspm_estqsimple_softdep_fullmvprior_x0_sttgamma_flexsigmaC_OPT,Data,index,4,1,-999
0100-dwfn-exeoFSTTGF-cf0.2-nb-qnewK-s1-o52b-o54b_0-bspm_estqsimple_softdep_fullmvprior_x0_sttgamma_flexsigmaC_OPT,Data,index,5,1,-999
0100-dwfn-exeoFSTTGF-cf0.2-nb-qnewK-s1-o52b-o54b_0-bspm_estqsimple_softdep_fullmvprior_x0_sttgamma_flexsigmaC_OPT,Data,index,6,1,-999
0100-dwfn-exeoFSTTGF-cf0.2-nb-qnewK-s1-o52b-o54b_0-bspm_estqsimple_softdep_fullmvprior_x0_sttgamma_flexsigmaC_OPT,Data,index,7,1,-999
0100-dwfn-exeoFSTTGF-cf0.2-nb-qnewK-s1-o52b-o54b_0-bspm_estqsimple_softdep_fullmvprior_x0_sttgamma_flexsigmaC_OPT,Data,index,8,1,-999
0100-dwfn-exeoFSTTGF-cf0.2-nb-qnewK-s1-o52b-o54b_0-bspm_estqsimple_softdep_fullmvprior_x0_sttgamma_flexsigmaC_OPT,Data,index,9,1,-999
0100-dwfn-exeoFSTTGF-cf0.2-nb-qnewK-s1-o52b-o54b_0-bspm_estqsimple_softdep_fullmvprior_x0_sttgamma_flexsigmaC_OPT,Data,index,10,1,-999
0100-dwfn-exeoFSTTGF-cf0.2-nb-qnewK-s1-o52b-o54b_0-bspm_estqsimple_softdep_fullmvprior_x0_sttgamma_flexsigmaC_OPT,Data,index,11,1,-999
0100-dwfn-exeoFSTTGF-cf0.2-nb-qnewK-s1-o52b-o54b_0-bspm_estqsimple_softdep_fullmvprior_x0_sttgamma_flexsigmaC_OPT,Data,index,12,1,-999
0100-dwfn-exeoFSTTGF-cf0.2-nb-qnewK-s1-o52b-o54b_0-bspm_estqsimple_softdep_fullmvprior_x0_sttgamma_flexsigmaC_OPT,Data,index,13,1,-999
0100-dwfn-exeoFSTTGF-cf0.2-nb-qnewK-s1-o52b-o54b_0-bspm_estqsimple_softdep_fullmvprior_x0_sttgamma_flexsigmaC_OPT,Data,index,14,1,-999
0100-dwfn-exeoFSTTGF-cf0.2-nb-qnewK-s1-o52b-o54b_0-bspm_estqsimple_softdep_fullmvprior_x0_sttgamma_flexsigmaC_OPT,Data,index,15,1,-999
0100-dwfn-exeoFSTTGF-cf0.2-nb-qnewK-s1-o52b-o54b_0-bspm_estqsimple_softdep_fullmvprior_x0_sttgamma_flexsigmaC_OPT,Data,index,16,1,-999
0100-dwfn-exeoFSTTGF-cf0.2-nb-qnewK-s1-o52b-o54b_0-bspm_estqsimple_softdep_fullmvprior_x0_sttgamma_flexsigmaC_OPT,Data,index,17,1,-999
0100-dwfn-exeoFSTTGF-cf0.2-nb-qnewK-s1-o52b-o54b_0-bspm_estqsimple_softdep_fullmvprior_x0_sttgamma_flexsigmaC_OPT,Data,index,18,1,-999
0100-dwfn-exeoFSTTGF-cf0.2-nb-qnewK-s1-o52b-o54b_0-bspm_estqsimple_softdep_fullmvprior_x0_sttgamma_flexsigmaC_OPT,Data,index,19,1,-999
0100-dwfn-exeoFSTTGF-cf0.2-nb-qnewK-s1-o52b-o54b_0-bspm_estqsimple_softdep_fullmvprior_x0_sttgamma_flexsigmaC_OPT,Data,index,20,1,-999
0100-dwfn-exeoFSTTGF-cf0.2-nb-qnewK-s1-o52b-o54b_0-bspm_estqsimple_softdep_fullmvprior_x0_sttgamma_flexsigmaC_OPT,Data,index,21,1,-999
0100-dwfn-exeoFSTTGF-cf0.2-nb-qnewK-s1-o52b-o54b_0-bspm_estqsimple_softdep_fullmvprior_x0_sttgamma_flexsigmaC_OPT,Data,index,22,1,-999
0100-dwfn-exeoFSTTGF-cf0.2-nb-qnewK-s1-o52b-o54b_0-bspm_estqsimple_softdep_fullmvprior_x0_sttgamma_flexsigmaC_OPT,Data,index,23,1,-999
0100-dwfn-exeoFSTTGF-cf0.2-nb-qnewK-s1-o52b-o54b_0-bspm_estqsimple_softdep_fullmvprior_x0_sttgamma_flexsigmaC_OPT,Data,index,24,1,-999
0100-dwfn-exeoFSTTGF-cf0.2-nb-qnewK-s1-o52b-o54b_0-bspm_estqsimple_softdep_fullmvprior_x0_sttgamma_flexsigmaC_OPT,Data,index,25,1,-999
0100-dwfn-exeoFSTTGF-cf0.2-nb-qnewK-s1-o52b-o54b_0-bspm_estqsimple_softdep_fullmvprior_x0_sttgamma_flexsigmaC_OPT,Data,index,26,1,-999
0100-dwfn-exeoFSTTGF-cf0.2-nb-qnewK-s1-o52b-o54b_0-bspm_estqsimple_softdep_fullmvprior_x0_sttgamma_flexsigmaC_OPT,Data,index,27,1,-999
0100-dwfn-exeoFSTTGF-cf0.2-nb-qnewK-s1-o52b-o54b_0-bspm_estqsimple_softdep_fullmvprior_x0_sttgamma_flexsigmaC_OPT,Data,index,28,1,1.86281
0100-dwfn-exeoFSTTGF-cf0.2-nb-qnewK-s1-o52b-o54b_0-bspm_estqsimple_softdep_fullmvprior_x0_sttgamma_flexsigmaC_OPT,Data,index,29,1,1.31391
0100-dwfn-exeoFSTTGF-cf0.2-nb-qnewK-s1-o52b-o54b_0-bspm_estqsimple_softdep_fullmvprior_x0_sttgamma_flexsigmaC_OPT,Data,index,30,1,1.2559
0100-dwfn-exeoFSTTGF-cf0.2-nb-qnewK-s1-o52b-o54b_0-bspm_estqsimple_softdep_fullmvprior_x0_sttgamma_flexsigmaC_OPT,Data,index,31,1,1.50646
0100-dwfn-exeoFSTTGF-cf0.2-nb-qnewK-s1-o52b-o54b_0-bspm_estqsimple_softdep_fullmvprior_x0_sttgamma_flexsigmaC_OPT,Data,index,32,1,0.922278
0100-dwfn-exeoFSTTGF-cf0.2-nb-qnewK-s1-o52b-o54b_0-bspm_estqsimple_softdep_fullmvprior_x0_sttgamma_flexsigmaC_OPT,Data,index,33,1,1.32673
0100-dwfn-exeoFSTTGF-cf0.2-nb-qnewK-s1-o52b-o54b_0-bspm_estqsimple_softdep_fullmvprior_x0_sttgamma_flexsigmaC_OPT,Data,index,34,1,0.877509
0100-dwfn-exeoFSTTGF-cf0.2-nb-qnewK-s1-o52b-o54b_0-bspm_estqsimple_softdep_fullmvprior_x0_sttgamma_flexsigmaC_OPT,Data,index,35,1,0.855618
0100-dwfn-exeoFSTTGF-cf0.2-nb-qnewK-s1-o52b-o54b_0-bspm_estqsimple_softdep_fullmvprior_x0_sttgamma_flexsigmaC_OPT,Data,index,36,1,0.835362
0100-dwfn-exeoFSTTGF-cf0.2-nb-qnewK-s1-o52b-o54b_0-bspm_estqsimple_softdep_fullmvprior_x0_sttgamma_flexsigmaC_OPT,Data,index,37,1,0.736157
0100-dwfn-exeoFSTTGF-cf0.2-nb-qnewK-s1-o52b-o54b_0-bspm_estqsimple_softdep_fullmvprior_x0_sttgamma_flexsigmaC_OPT,Data,index,38,1,1.65752
0100-dwfn-exeoFSTTGF-cf0.2-nb-qnewK-s1-o52b-o54b_0-bspm_estqsimple_softdep_fullmvprior_x0_sttgamma_flexsigmaC_OPT,Data,index,39,1,1.13159
0100-dwfn-exeoFSTTGF-cf0.2-nb-qnewK-s1-o52b-o54b_0-bspm_estqsimple_softdep_fullmvprior_x0_sttgamma_flexsigmaC_OPT,Data,index,40,1,1.02708
0100-dwfn-exeoFSTTGF-cf0.2-nb-qnewK-s1-o52b-o54b_0-bspm_estqsimple_softdep_fullmvprior_x0_sttgamma_flexsigmaC_OPT,Data,index,41,1,0.558306
0100-dwfn-exeoFSTTGF-cf0.2-nb-qnewK-s1-o52b-o54b_0-bspm_estqsimple_softdep_fullmvprior_x0_sttgamma_flexsigmaC_OPT,Data,index,42,1,0.81207
0100-dwfn-exeoFSTTGF-cf0.2-nb-qnewK-s1-o52b-o54b_0-bspm_estqsimple_softdep_fullmvprior_x0_sttgamma_flexsigmaC_OPT,Data,index,43,1,1.12053
0100-dwfn-exeoFSTTGF-cf0.2-nb-qnewK-s1-o52b-o54b_0-bspm_estqsimple_softdep_fullmvprior_x0_sttgamma_flexsigmaC_OPT,Data,index,44,1,1.11373
0100-dwfn-exeoFSTTGF-cf0.2-nb-qnewK-s1-o52b-o54b_0-bspm_estqsimple_softdep_fullmvprior_x0_sttgamma_flexsigmaC_OPT,Data,index,45,1,1.1907
0100-dwfn-exeoFSTTGF-cf0.2-nb-qnewK-s1-o52b-o54b_0-bspm_estqsimple_softdep_fullmvprior_x0_sttgamma_flexsigmaC_OPT,Data,index,46,1,1.31626
0100-dwfn-exeoFSTTGF-cf0.2-nb-qnewK-s1-o52b-o54b_0-bspm_estqsimple_softdep_fullmvprior_x0_sttgamma_flexsigmaC_OPT,Data,index,47,1,1.99334
0100-dwfn-exeoFSTTGF-cf0.2-nb-qnewK-s1-o52b-o54b_0-bspm_estqsimple_softdep_fullmvprior_x0_sttgamma_flexsigmaC_OPT,Data,index,48,1,1.18608
0100-dwfn-exeoFSTTGF-cf0.2-nb-qnewK-s1-o52b-o54b_0-bspm_estqsimple_softdep_fullmvprior_x0_sttgamma_flexsigmaC_OPT,Data,index,49,1,0.788006
0100-dwfn-exeoFSTTGF-cf0.2-nb-qnewK-s1-o52b-o54b_0-bspm_estqsimple_softdep_fullmvprior_x0_sttgamma_flexsigmaC_OPT,Data,index,50,1,0.727835
0100-dwfn-exeoFSTTGF-cf0.2-nb-qnewK-s1-o52b-o54b_0-bspm_estqsimple_softdep_fullmvprior_x0_sttgamma_flexsigmaC_OPT,Data,index,51,1,0.803887
0100-dwfn-exeoFSTTGF-cf0.2-nb-qnewK-s1-o52b-o54b_0-bspm_estqsimple_softdep_fullmvprior_x0_sttgamma_flexsigmaC_OPT,Data,index,52,1,1.3191
0100-dwfn-exeoFSTTGF-cf0.2-nb-qnewK-s1-o52b-o54b_0-bspm_estqsimple_softdep_fullmvprior_x0_sttgamma_flexsigmaC_OPT,Data,index,53,1,1.26325
0100-dwfn-exeoFSTTGF-cf0.2-nb-qnewK-s1-o52b-o54b_0-bspm_estqsimple_softdep_fullmvprior_x0_sttgamma_flexsigmaC_OPT,Data,index,54,1,1.04284
0100-dwfn-exeoFSTTGF-cf0.2-nb-qnewK-s1-o52b-o54b_0-bspm_estqsimple_softdep_fullmvprior_x0_sttgamma_flexsigmaC_OPT,Data,index,55,1,0.740614
0100-dwfn-exeoFSTTGF-cf0.2-nb-qnewK-s1-o52b-o54b_0-bspm_estqsimple_softdep_fullmvprior_x0_sttgamma_flexsigmaC_OPT,Data,index,56,1,0.829133
0100-dwfn-exeoFSTTGF-cf0.2-nb-qnewK-s1-o52b-o54b_0-bspm_estqsimple_softdep_fullmvprior_x0_sttgamma_flexsigmaC_OPT,Data,index,57,1,1.047
0100-dwfn-exeoFSTTGF-cf0.2-nb-qnewK-s1-o52b-o54b_0-bspm_estqsimple_softdep_fullmvprior_x0_sttgamma_flexsigmaC_OPT,Data,index,58,1,0.645173
0100-dwfn-exeoFSTTGF-cf0.2-nb-qnewK-s1-o52b-o54b_0-bspm_estqsimple_softdep_fullmvprior_x0_sttgamma_flexsigmaC_OPT,Data,index,59,1,0.790723
0100-dwfn-exeoFSTTGF-cf0.2-nb-qnewK-s1-o52b-o54b_0-bspm_estqsimple_softdep_fullmvprior_x0_sttgamma_flexsigmaC_OPT,Data,index,60,1,0.722675
0100-dwfn-exeoFSTTGF-cf0.2-nb-qnewK-s1-o52b-o54b_0-bspm_estqsimple_softdep_fullmvprior_x0_sttgamma_flexsigmaC_OPT,Data,index,61,1,0.69595
0100-dwfn-exeoFSTTGF-cf0.2-nb-qnewK-s1-o52b-o54b_0-bspm_estqsimple_softdep_fullmvprior_x0_sttgamma_flexsigmaC_OPT,Data,index,62,1,0.717588
0100-dwfn-exeoFSTTGF-cf0.2-nb-qnewK-s1-o52b-o54b_0-bspm_estqsimple_softdep_fullmvprior_x0_sttgamma_flexsigmaC_OPT,Data,index,63,1,0.790042
0100-dwfn-exeoFSTTGF-cf0.2-nb-qnewK-s1-o52b-o54b_0-bspm_estqsimple_softdep_fullmvprior_x0_sttgamma_flexsigmaC_OPT,Data,index,64,1,0.78514
0100-dwfn-exeoFSTTGF-cf0.2-nb-qnewK-s1-o52b-o54b_0-bspm_estqsimple_softdep_fullmvprior_x0_sttgamma_flexsigmaC_OPT,Data,index,65,1,0.687733
0100-dwfn-exeoFSTTGF-cf0.2-nb-qnewK-s1-o52b-o54b_0-bspm_estqsimple_softdep_fullmvprior_x0_sttgamma_flexsigmaC_OPT,Data,index,66,1,0.591417
0100-dwfn-exeoFSTTGF-cf0.2-nb-qnewK-s1-o52b-o54b_0-bspm_estqsimple_softdep_fullmvprior_x0_sttgamma_flexsigmaC_OPT,Data,index,67,1,0.724244
0100-dwfn-exeoFSTTGF-cf0.2-nb-qnewK-s1-o52b-o54b_0-bspm_estqsimple_softdep_fullmvprior_x0_sttgamma_flexsigmaC_OPT,Data,index,68,1,0.794833
0100-dwfn-exeoFSTTGF-cf0.2-nb-qnewK-s1-o52b-o54b_0-bspm_estqsimple_softdep_fullmvprior_x0_sttgamma_flexsigmaC_OPT,Data,index,69,1,0.742562
0100-dwfn-exeoFSTTGF-cf0.2-nb-qnewK-s1-o52b-o54b_0-bspm_estqsimple_softdep_fullmvprior_x0_sttgamma_flexsigmaC_OPT,Data,index,70,1,1.23811
0100-dwfn-exeoFSTTGF-cf0.2-nb-qnewK-s1-o52b-o54b_0-bspm_estqsimple_softdep_fullmvprior_x0_sttgamma_flexsigmaC_OPT,Data,index,71,1,0.912191
0100-dwfn-exeoFSTTGF-cf0.2-nb-qnewK-s1-o52b-o54b_0-bspm_estqsimple_softdep_fullmvprior_x0_sttgamma_flexsigmaC_OPT,Data,index,1,2,-999
0100-dwfn-exeoFSTTGF-cf0.2-nb-qnewK-s1-o52b-o54b_0-bspm_estqsimple_softdep_fullmvprior_x0_sttgamma_flexsigmaC_OPT,Data,index,2,2,-999
0100-dwfn-exeoFSTTGF-cf0.2-nb-qnewK-s1-o52b-o54b_0-bspm_estqsimple_softdep_fullmvprior_x0_sttgamma_flexsigmaC_OPT,Data,index,3,2,-999
0100-dwfn-exeoFSTTGF-cf0.2-nb-qnewK-s1-o52b-o54b_0-bspm_estqsimple_softdep_fullmvprior_x0_sttgamma_flexsigmaC_OPT,Data,index,4,2,-999
0100-dwfn-exeoFSTTGF-cf0.2-nb-qnewK-s1-o52b-o54b_0-bspm_estqsimple_softdep_fullmvprior_x0_sttgamma_flexsigmaC_OPT,Data,index,5,2,-999
0100-dwfn-exeoFSTTGF-cf0.2-nb-qnewK-s1-o52b-o54b_0-bspm_estqsimple_softdep_fullmvprior_x0_sttgamma_flexsigmaC_OPT,Data,index,6,2,-999
0100-dwfn-exeoFSTTGF-cf0.2-nb-qnewK-s1-o52b-o54b_0-bspm_estqsimple_softdep_fullmvprior_x0_sttgamma_flexsigmaC_OPT,Data,index,7,2,-999
0100-dwfn-exeoFSTTGF-cf0.2-nb-qnewK-s1-o52b-o54b_0-bspm_estqsimple_softdep_fullmvprior_x0_sttgamma_flexsigmaC_OPT,Data,index,8,2,-999
0100-dwfn-exeoFSTTGF-cf0.2-nb-qnewK-s1-o52b-o54b_0-bspm_estqsimple_softdep_fullmvprior_x0_sttgamma_flexsigmaC_OPT,Data,index,9,2,-999
0100-dwfn-exeoFSTTGF-cf0.2-nb-qnewK-s1-o52b-o54b_0-bspm_estqsimple_softdep_fullmvprior_x0_sttgamma_flexsigmaC_OPT,Data,index,10,2,-999
0100-dwfn-exeoFSTTGF-cf0.2-nb-qnewK-s1-o52b-o54b_0-bspm_estqsimple_softdep_fullmvprior_x0_sttgamma_flexsigmaC_OPT,Data,index,11,2,-999
0100-dwfn-exeoFSTTGF-cf0.2-nb-qnewK-s1-o52b-o54b_0-bspm_estqsimple_softdep_fullmvprior_x0_sttgamma_flexsigmaC_OPT,Data,index,12,2,-999
0100-dwfn-exeoFSTTGF-cf0.2-nb-qnewK-s1-o52b-o54b_0-bspm_estqsimple_softdep_fullmvprior_x0_sttgamma_flexsigmaC_OPT,Data,index,13,2,-999
0100-dwfn-exeoFSTTGF-cf0.2-nb-qnewK-s1-o52b-o54b_0-bspm_estqsimple_softdep_fullmvprior_x0_sttgamma_flexsigmaC_OPT,Data,index,14,2,-999
0100-dwfn-exeoFSTTGF-cf0.2-nb-qnewK-s1-o52b-o54b_0-bspm_estqsimple_softdep_fullmvprior_x0_sttgamma_flexsigmaC_OPT,Data,index,15,2,-999
0100-dwfn-exeoFSTTGF-cf0.2-nb-qnewK-s1-o52b-o54b_0-bspm_estqsimple_softdep_fullmvprior_x0_sttgamma_flexsigmaC_OPT,Data,index,16,2,-999
0100-dwfn-exeoFSTTGF-cf0.2-nb-qnewK-s1-o52b-o54b_0-bspm_estqsimple_softdep_fullmvprior_x0_sttgamma_flexsigmaC_OPT,Data,index,17,2,-999
0100-dwfn-exeoFSTTGF-cf0.2-nb-qnewK-s1-o52b-o54b_0-bspm_estqsimple_softdep_fullmvprior_x0_sttgamma_flexsigmaC_OPT,Data,index,18,2,-999
0100-dwfn-exeoFSTTGF-cf0.2-nb-qnewK-s1-o52b-o54b_0-bspm_estqsimple_softdep_fullmvprior_x0_sttgamma_flexsigmaC_OPT,Data,index,19,2,-999
0100-dwfn-exeoFSTTGF-cf0.2-nb-qnewK-s1-o52b-o54b_0-bspm_estqsimple_softdep_fullmvprior_x0_sttgamma_flexsigmaC_OPT,Data,index,20,2,-999
0100-dwfn-exeoFSTTGF-cf0.2-nb-qnewK-s1-o52b-o54b_0-bspm_estqsimple_softdep_fullmvprior_x0_sttgamma_flexsigmaC_OPT,Data,index,21,2,-999
0100-dwfn-exeoFSTTGF-cf0.2-nb-qnewK-s1-o52b-o54b_0-bspm_estqsimple_softdep_fullmvprior_x0_sttgamma_flexsigmaC_OPT,Data,index,22,2,-999
0100-dwfn-exeoFSTTGF-cf0.2-nb-qnewK-s1-o52b-o54b_0-bspm_estqsimple_softdep_fullmvprior_x0_sttgamma_flexsigmaC_OPT,Data,index,23,2,-999
0100-dwfn-exeoFSTTGF-cf0.2-nb-qnewK-s1-o52b-o54b_0-bspm_estqsimple_softdep_fullmvprior_x0_sttgamma_flexsigmaC_OPT,Data,index,24,2,-999
0100-dwfn-exeoFSTTGF-cf0.2-nb-qnewK-s1-o52b-o54b_0-bspm_estqsimple_softdep_fullmvprior_x0_sttgamma_flexsigmaC_OPT,Data,index,25,2,-999
0100-dwfn-exeoFSTTGF-cf0.2-nb-qnewK-s1-o52b-o54b_0-bspm_estqsimple_softdep_fullmvprior_x0_sttgamma_flexsigmaC_OPT,Data,index,26,2,-999
0100-dwfn-exeoFSTTGF-cf0.2-nb-qnewK-s1-o52b-o54b_0-bspm_estqsimple_softdep_fullmvprior_x0_sttgamma_flexsigmaC_OPT,Data,index,27,2,-999
0100-dwfn-exeoFSTTGF-cf0.2-nb-qnewK-s1-o52b-o54b_0-bspm_estqsimple_softdep_fullmvprior_x0_sttgamma_flexsigmaC_OPT,Data,index,28,2,-999
0100-dwfn-exeoFSTTGF-cf0.2-nb-qnewK-s1-o52b-o54b_0-bspm_estqsimple_softdep_fullmvprior_x0_sttgamma_flexsigmaC_OPT,Data,index,29,2,-999
0100-dwfn-exeoFSTTGF-cf0.2-nb-qnewK-s1-o52b-o54b_0-bspm_estqsimple_softdep_fullmvprior_x0_sttgamma_flexsigmaC_OPT,Data,index,30,2,-999
0100-dwfn-exeoFSTTGF-cf0.2-nb-qnewK-s1-o52b-o54b_0-bspm_estqsimple_softdep_fullmvprior_x0_sttgamma_flexsigmaC_OPT,Data,index,31,2,-999
0100-dwfn-exeoFSTTGF-cf0.2-nb-qnewK-s1-o52b-o54b_0-bspm_estqsimple_softdep_fullmvprior_x0_sttgamma_flexsigmaC_OPT,Data,index,32,2,-999
0100-dwfn-exeoFSTTGF-cf0.2-nb-qnewK-s1-o52b-o54b_0-bspm_estqsimple_softdep_fullmvprior_x0_sttgamma_flexsigmaC_OPT,Data,index,33,2,-999
0100-dwfn-exeoFSTTGF-cf0.2-nb-qnewK-s1-o52b-o54b_0-bspm_estqsimple_softdep_fullmvprior_x0_sttgamma_flexsigmaC_OPT,Data,index,34,2,-999
0100-dwfn-exeoFSTTGF-cf0.2-nb-qnewK-s1-o52b-o54b_0-bspm_estqsimple_softdep_fullmvprior_x0_sttgamma_flexsigmaC_OPT,Data,index,35,2,-999
0100-dwfn-exeoFSTTGF-cf0.2-nb-qnewK-s1-o52b-o54b_0-bspm_estqsimple_softdep_fullmvprior_x0_sttgamma_flexsigmaC_OPT,Data,index,36,2,-999
0100-dwfn-exeoFSTTGF-cf0.2-nb-qnewK-s1-o52b-o54b_0-bspm_estqsimple_softdep_fullmvprior_x0_sttgamma_flexsigmaC_OPT,Data,index,37,2,-999
0100-dwfn-exeoFSTTGF-cf0.2-nb-qnewK-s1-o52b-o54b_0-bspm_estqsimple_softdep_fullmvprior_x0_sttgamma_flexsigmaC_OPT,Data,index,38,2,-999
0100-dwfn-exeoFSTTGF-cf0.2-nb-qnewK-s1-o52b-o54b_0-bspm_estqsimple_softdep_fullmvprior_x0_sttgamma_flexsigmaC_OPT,Data,index,39,2,-999
0100-dwfn-exeoFSTTGF-cf0.2-nb-qnewK-s1-o52b-o54b_0-bspm_estqsimple_softdep_fullmvprior_x0_sttgamma_flexsigmaC_OPT,Data,index,40,2,-999
0100-dwfn-exeoFSTTGF-cf0.2-nb-qnewK-s1-o52b-o54b_0-bspm_estqsimple_softdep_fullmvprior_x0_sttgamma_flexsigmaC_OPT,Data,index,41,2,-999
0100-dwfn-exeoFSTTGF-cf0.2-nb-qnewK-s1-o52b-o54b_0-bspm_estqsimple_softdep_fullmvprior_x0_sttgamma_flexsigmaC_OPT,Data,index,42,2,-999
0100-dwfn-exeoFSTTGF-cf0.2-nb-qnewK-s1-o52b-o54b_0-bspm_estqsimple_softdep_fullmvprior_x0_sttgamma_flexsigmaC_OPT,Data,index,43,2,-999
0100-dwfn-exeoFSTTGF-cf0.2-nb-qnewK-s1-o52b-o54b_0-bspm_estqsimple_softdep_fullmvprior_x0_sttgamma_flexsigmaC_OPT,Data,index,44,2,-999
0100-dwfn-exeoFSTTGF-cf0.2-nb-qnewK-s1-o52b-o54b_0-bspm_estqsimple_softdep_fullmvprior_x0_sttgamma_flexsigmaC_OPT,Data,index,45,2,-999
0100-dwfn-exeoFSTTGF-cf0.2-nb-qnewK-s1-o52b-o54b_0-bspm_estqsimple_softdep_fullmvprior_x0_sttgamma_flexsigmaC_OPT,Data,index,46,2,-999
0100-dwfn-exeoFSTTGF-cf0.2-nb-qnewK-s1-o52b-o54b_0-bspm_estqsimple_softdep_fullmvprior_x0_sttgamma_flexsigmaC_OPT,Data,index,47,2,1.30883349205235
0100-dwfn-exeoFSTTGF-cf0.2-nb-qnewK-s1-o52b-o54b_0-bspm_estqsimple_softdep_fullmvprior_x0_sttgamma_flexsigmaC_OPT,Data,index,48,2,1.2275668140491
0100-dwfn-exeoFSTTGF-cf0.2-nb-qnewK-s1-o52b-o54b_0-bspm_estqsimple_softdep_fullmvprior_x0_sttgamma_flexsigmaC_OPT,Data,index,49,2,1.18529439804741
0100-dwfn-exeoFSTTGF-cf0.2-nb-qnewK-s1-o52b-o54b_0-bspm_estqsimple_softdep_fullmvprior_x0_sttgamma_flexsigmaC_OPT,Data,index,50,2,1.08782508004351
0100-dwfn-exeoFSTTGF-cf0.2-nb-qnewK-s1-o52b-o54b_0-bspm_estqsimple_softdep_fullmvprior_x0_sttgamma_flexsigmaC_OPT,Data,index,51,2,0.894598401035784
0100-dwfn-exeoFSTTGF-cf0.2-nb-qnewK-s1-o52b-o54b_0-bspm_estqsimple_softdep_fullmvprior_x0_sttgamma_flexsigmaC_OPT,Data,index,52,2,0.932047491037282
0100-dwfn-exeoFSTTGF-cf0.2-nb-qnewK-s1-o52b-o54b_0-bspm_estqsimple_softdep_fullmvprior_x0_sttgamma_flexsigmaC_OPT,Data,index,53,2,0.923900053036956
0100-dwfn-exeoFSTTGF-cf0.2-nb-qnewK-s1-o52b-o54b_0-bspm_estqsimple_softdep_fullmvprior_x0_sttgamma_flexsigmaC_OPT,Data,index,54,2,0.902040215036082
0100-dwfn-exeoFSTTGF-cf0.2-nb-qnewK-s1-o52b-o54b_0-bspm_estqsimple_softdep_fullmvprior_x0_sttgamma_flexsigmaC_OPT,Data,index,55,2,0.939615254037585
0100-dwfn-exeoFSTTGF-cf0.2-nb-qnewK-s1-o52b-o54b_0-bspm_estqsimple_softdep_fullmvprior_x0_sttgamma_flexsigmaC_OPT,Data,index,56,2,0.973791862038952
0100-dwfn-exeoFSTTGF-cf0.2-nb-qnewK-s1-o52b-o54b_0-bspm_estqsimple_softdep_fullmvprior_x0_sttgamma_flexsigmaC_OPT,Data,index,57,2,1.04839236704194
0100-dwfn-exeoFSTTGF-cf0.2-nb-qnewK-s1-o52b-o54b_0-bspm_estqsimple_softdep_fullmvprior_x0_sttgamma_flexsigmaC_OPT,Data,index,58,2,0.910107200036404
0100-dwfn-exeoFSTTGF-cf0.2-nb-qnewK-s1-o52b-o54b_0-bspm_estqsimple_softdep_fullmvprior_x0_sttgamma_flexsigmaC_OPT,Data,index,59,2,0.873976265034959
0100-dwfn-exeoFSTTGF-cf0.2-nb-qnewK-s1-o52b-o54b_0-bspm_estqsimple_softdep_fullmvprior_x0_sttgamma_flexsigmaC_OPT,Data,index,60,2,1.13875722904555
0100-dwfn-exeoFSTTGF-cf0.2-nb-qnewK-s1-o52b-o54b_0-bspm_estqsimple_softdep_fullmvprior_x0_sttgamma_flexsigmaC_OPT,Data,index,61,2,0.873735458034949
0100-dwfn-exeoFSTTGF-cf0.2-nb-qnewK-s1-o52b-o54b_0-bspm_estqsimple_softdep_fullmvprior_x0_sttgamma_flexsigmaC_OPT,Data,index,62,2,0.858366515034335
0100-dwfn-exeoFSTTGF-cf0.2-nb-qnewK-s1-o52b-o54b_0-bspm_estqsimple_softdep_fullmvprior_x0_sttgamma_flexsigmaC_OPT,Data,index,63,2,0.981717820039269
0100-dwfn-exeoFSTTGF-cf0.2-nb-qnewK-s1-o52b-o54b_0-bspm_estqsimple_softdep_fullmvprior_x0_sttgamma_flexsigmaC_OPT,Data,index,64,2,1.13392725404536
0100-dwfn-exeoFSTTGF-cf0.2-nb-qnewK-s1-o52b-o54b_0-bspm_estqsimple_softdep_fullmvprior_x0_sttgamma_flexsigmaC_OPT,Data,index,65,2,0.975200438039008
0100-dwfn-exeoFSTTGF-cf0.2-nb-qnewK-s1-o52b-o54b_0-bspm_estqsimple_softdep_fullmvprior_x0_sttgamma_flexsigmaC_OPT,Data,index,66,2,1.05350668204214
0100-dwfn-exeoFSTTGF-cf0.2-nb-qnewK-s1-o52b-o54b_0-bspm_estqsimple_softdep_fullmvprior_x0_sttgamma_flexsigmaC_OPT,Data,index,67,2,0.990565950039623
0100-dwfn-exeoFSTTGF-cf0.2-nb-qnewK-s1-o52b-o54b_0-bspm_estqsimple_softdep_fullmvprior_x0_sttgamma_flexsigmaC_OPT,Data,index,68,2,0.894307785035772
0100-dwfn-exeoFSTTGF-cf0.2-nb-qnewK-s1-o52b-o54b_0-bspm_estqsimple_softdep_fullmvprior_x0_sttgamma_flexsigmaC_OPT,Data,index,69,2,0.804673732032187
0100-dwfn-exeoFSTTGF-cf0.2-nb-qnewK-s1-o52b-o54b_0-bspm_estqsimple_softdep_fullmvprior_x0_sttgamma_flexsigmaC_OPT,Data,index,70,2,0.878416299035137
0100-dwfn-exeoFSTTGF-cf0.2-nb-qnewK-s1-o52b-o54b_0-bspm_estqsimple_softdep_fullmvprior_x0_sttgamma_flexsigmaC_OPT,Data,index,71,2,1.20883594504835
0100-dwfn-exeoFSTTGF-cf0.2-nb-qnewK-s1-o52b-o54b_0-bspm_estqsimple_softdep_fullmvprior_x0_sttgamma_flexsigmaC_OPT,Data,index,1,3,-999
0100-dwfn-exeoFSTTGF-cf0.2-nb-qnewK-s1-o52b-o54b_0-bspm_estqsimple_softdep_fullmvprior_x0_sttgamma_flexsigmaC_OPT,Data,index,2,3,-999
0100-dwfn-exeoFSTTGF-cf0.2-nb-qnewK-s1-o52b-o54b_0-bspm_estqsimple_softdep_fullmvprior_x0_sttgamma_flexsigmaC_OPT,Data,index,3,3,-999
0100-dwfn-exeoFSTTGF-cf0.2-nb-qnewK-s1-o52b-o54b_0-bspm_estqsimple_softdep_fullmvprior_x0_sttgamma_flexsigmaC_OPT,Data,index,4,3,-999
0100-dwfn-exeoFSTTGF-cf0.2-nb-qnewK-s1-o52b-o54b_0-bspm_estqsimple_softdep_fullmvprior_x0_sttgamma_flexsigmaC_OPT,Data,index,5,3,-999
0100-dwfn-exeoFSTTGF-cf0.2-nb-qnewK-s1-o52b-o54b_0-bspm_estqsimple_softdep_fullmvprior_x0_sttgamma_flexsigmaC_OPT,Data,index,6,3,-999
0100-dwfn-exeoFSTTGF-cf0.2-nb-qnewK-s1-o52b-o54b_0-bspm_estqsimple_softdep_fullmvprior_x0_sttgamma_flexsigmaC_OPT,Data,index,7,3,-999
0100-dwfn-exeoFSTTGF-cf0.2-nb-qnewK-s1-o52b-o54b_0-bspm_estqsimple_softdep_fullmvprior_x0_sttgamma_flexsigmaC_OPT,Data,index,8,3,-999
0100-dwfn-exeoFSTTGF-cf0.2-nb-qnewK-s1-o52b-o54b_0-bspm_estqsimple_softdep_fullmvprior_x0_sttgamma_flexsigmaC_OPT,Data,index,9,3,-999
0100-dwfn-exeoFSTTGF-cf0.2-nb-qnewK-s1-o52b-o54b_0-bspm_estqsimple_softdep_fullmvprior_x0_sttgamma_flexsigmaC_OPT,Data,index,10,3,-999
0100-dwfn-exeoFSTTGF-cf0.2-nb-qnewK-s1-o52b-o54b_0-bspm_estqsimple_softdep_fullmvprior_x0_sttgamma_flexsigmaC_OPT,Data,index,11,3,-999
0100-dwfn-exeoFSTTGF-cf0.2-nb-qnewK-s1-o52b-o54b_0-bspm_estqsimple_softdep_fullmvprior_x0_sttgamma_flexsigmaC_OPT,Data,index,12,3,-999
0100-dwfn-exeoFSTTGF-cf0.2-nb-qnewK-s1-o52b-o54b_0-bspm_estqsimple_softdep_fullmvprior_x0_sttgamma_flexsigmaC_OPT,Data,index,13,3,-999
0100-dwfn-exeoFSTTGF-cf0.2-nb-qnewK-s1-o52b-o54b_0-bspm_estqsimple_softdep_fullmvprior_x0_sttgamma_flexsigmaC_OPT,Data,index,14,3,-999
0100-dwfn-exeoFSTTGF-cf0.2-nb-qnewK-s1-o52b-o54b_0-bspm_estqsimple_softdep_fullmvprior_x0_sttgamma_flexsigmaC_OPT,Data,index,15,3,-999
0100-dwfn-exeoFSTTGF-cf0.2-nb-qnewK-s1-o52b-o54b_0-bspm_estqsimple_softdep_fullmvprior_x0_sttgamma_flexsigmaC_OPT,Data,index,16,3,-999
0100-dwfn-exeoFSTTGF-cf0.2-nb-qnewK-s1-o52b-o54b_0-bspm_estqsimple_softdep_fullmvprior_x0_sttgamma_flexsigmaC_OPT,Data,index,17,3,-999
0100-dwfn-exeoFSTTGF-cf0.2-nb-qnewK-s1-o52b-o54b_0-bspm_estqsimple_softdep_fullmvprior_x0_sttgamma_flexsigmaC_OPT,Data,index,18,3,-999
0100-dwfn-exeoFSTTGF-cf0.2-nb-qnewK-s1-o52b-o54b_0-bspm_estqsimple_softdep_fullmvprior_x0_sttgamma_flexsigmaC_OPT,Data,index,19,3,-999
0100-dwfn-exeoFSTTGF-cf0.2-nb-qnewK-s1-o52b-o54b_0-bspm_estqsimple_softdep_fullmvprior_x0_sttgamma_flexsigmaC_OPT,Data,index,20,3,-999
0100-dwfn-exeoFSTTGF-cf0.2-nb-qnewK-s1-o52b-o54b_0-bspm_estqsimple_softdep_fullmvprior_x0_sttgamma_flexsigmaC_OPT,Data,index,21,3,-999
0100-dwfn-exeoFSTTGF-cf0.2-nb-qnewK-s1-o52b-o54b_0-bspm_estqsimple_softdep_fullmvprior_x0_sttgamma_flexsigmaC_OPT,Data,index,22,3,-999
0100-dwfn-exeoFSTTGF-cf0.2-nb-qnewK-s1-o52b-o54b_0-bspm_estqsimple_softdep_fullmvprior_x0_sttgamma_flexsigmaC_OPT,Data,index,23,3,-999
0100-dwfn-exeoFSTTGF-cf0.2-nb-qnewK-s1-o52b-o54b_0-bspm_estqsimple_softdep_fullmvprior_x0_sttgamma_flexsigmaC_OPT,Data,index,24,3,0.395443496715939
0100-dwfn-exeoFSTTGF-cf0.2-nb-qnewK-s1-o52b-o54b_0-bspm_estqsimple_softdep_fullmvprior_x0_sttgamma_flexsigmaC_OPT,Data,index,25,3,0.473318558729052
0100-dwfn-exeoFSTTGF-cf0.2-nb-qnewK-s1-o52b-o54b_0-bspm_estqsimple_softdep_fullmvprior_x0_sttgamma_flexsigmaC_OPT,Data,index,26,3,0.84292629106992
0100-dwfn-exeoFSTTGF-cf0.2-nb-qnewK-s1-o52b-o54b_0-bspm_estqsimple_softdep_fullmvprior_x0_sttgamma_flexsigmaC_OPT,Data,index,27,3,1.24802372109327
0100-dwfn-exeoFSTTGF-cf0.2-nb-qnewK-s1-o52b-o54b_0-bspm_estqsimple_softdep_fullmvprior_x0_sttgamma_flexsigmaC_OPT,Data,index,28,3,1.30199380539279
0100-dwfn-exeoFSTTGF-cf0.2-nb-qnewK-s1-o52b-o54b_0-bspm_estqsimple_softdep_fullmvprior_x0_sttgamma_flexsigmaC_OPT,Data,index,29,3,1.73044455979788
0100-dwfn-exeoFSTTGF-cf0.2-nb-qnewK-s1-o52b-o54b_0-bspm_estqsimple_softdep_fullmvprior_x0_sttgamma_flexsigmaC_OPT,Data,index,30,3,1.15341517468064
0100-dwfn-exeoFSTTGF-cf0.2-nb-qnewK-s1-o52b-o54b_0-bspm_estqsimple_softdep_fullmvprior_x0_sttgamma_flexsigmaC_OPT,Data,index,31,3,1.52872332478398
0100-dwfn-exeoFSTTGF-cf0.2-nb-qnewK-s1-o52b-o54b_0-bspm_estqsimple_softdep_fullmvprior_x0_sttgamma_flexsigmaC_OPT,Data,index,32,3,1.09310107706482
0100-dwfn-exeoFSTTGF-cf0.2-nb-qnewK-s1-o52b-o54b_0-bspm_estqsimple_softdep_fullmvprior_x0_sttgamma_flexsigmaC_OPT,Data,index,33,3,0.81846966002448
0100-dwfn-exeoFSTTGF-cf0.2-nb-qnewK-s1-o52b-o54b_0-bspm_estqsimple_softdep_fullmvprior_x0_sttgamma_flexsigmaC_OPT,Data,index,34,3,0.417877398877922
0100-dwfn-exeoFSTTGF-cf0.2-nb-qnewK-s1-o52b-o54b_0-bspm_estqsimple_softdep_fullmvprior_x0_sttgamma_flexsigmaC_OPT,Data,index,35,3,0.516899171945363
0100-dwfn-exeoFSTTGF-cf0.2-nb-qnewK-s1-o52b-o54b_0-bspm_estqsimple_softdep_fullmvprior_x0_sttgamma_flexsigmaC_OPT,Data,index,36,3,0.406936274462856
0100-dwfn-exeoFSTTGF-cf0.2-nb-qnewK-s1-o52b-o54b_0-bspm_estqsimple_softdep_fullmvprior_x0_sttgamma_flexsigmaC_OPT,Data,index,37,3,0.769280571267673
0100-dwfn-exeoFSTTGF-cf0.2-nb-qnewK-s1-o52b-o54b_0-bspm_estqsimple_softdep_fullmvprior_x0_sttgamma_flexsigmaC_OPT,Data,index,38,3,1.3045681876081
0100-dwfn-exeoFSTTGF-cf0.2-nb-qnewK-s1-o52b-o54b_0-bspm_estqsimple_softdep_fullmvprior_x0_sttgamma_flexsigmaC_OPT,Data,index,39,3,1.0931930192868
0100-dwfn-exeoFSTTGF-cf0.2-nb-qnewK-s1-o52b-o54b_0-bspm_estqsimple_softdep_fullmvprior_x0_sttgamma_flexsigmaC_OPT,Data,index,40,3,0.69296852702814
0100-dwfn-exeoFSTTGF-cf0.2-nb-qnewK-s1-o52b-o54b_0-bspm_estqsimple_softdep_fullmvprior_x0_sttgamma_flexsigmaC_OPT,Data,index,41,3,0.879795122082031
0100-dwfn-exeoFSTTGF-cf0.2-nb-qnewK-s1-o52b-o54b_0-bspm_estqsimple_softdep_fullmvprior_x0_sttgamma_flexsigmaC_OPT,Data,index,42,3,0.967416059624531
0100-dwfn-exeoFSTTGF-cf0.2-nb-qnewK-s1-o52b-o54b_0-bspm_estqsimple_softdep_fullmvprior_x0_sttgamma_flexsigmaC_OPT,Data,index,43,3,1.82100764844359
0100-dwfn-exeoFSTTGF-cf0.2-nb-qnewK-s1-o52b-o54b_0-bspm_estqsimple_softdep_fullmvprior_x0_sttgamma_flexsigmaC_OPT,Data,index,44,3,1.87966678606386
0100-dwfn-exeoFSTTGF-cf0.2-nb-qnewK-s1-o52b-o54b_0-bspm_estqsimple_softdep_fullmvprior_x0_sttgamma_flexsigmaC_OPT,Data,index,45,3,1.4514918583247
0100-dwfn-exeoFSTTGF-cf0.2-nb-qnewK-s1-o52b-o54b_0-bspm_estqsimple_softdep_fullmvprior_x0_sttgamma_flexsigmaC_OPT,Data,index,46,3,1.2352437522387
0100-dwfn-exeoFSTTGF-cf0.2-nb-qnewK-s1-o52b-o54b_0-bspm_estqsimple_softdep_fullmvprior_x0_sttgamma_flexsigmaC_OPT,Data,index,47,3,1.2214524189424
0100-dwfn-exeoFSTTGF-cf0.2-nb-qnewK-s1-o52b-o54b_0-bspm_estqsimple_softdep_fullmvprior_x0_sttgamma_flexsigmaC_OPT,Data,index,48,3,1.74966048419073
0100-dwfn-exeoFSTTGF-cf0.2-nb-qnewK-s1-o52b-o54b_0-bspm_estqsimple_softdep_fullmvprior_x0_sttgamma_flexsigmaC_OPT,Data,index,49,3,0.970725979615643
0100-dwfn-exeoFSTTGF-cf0.2-nb-qnewK-s1-o52b-o54b_0-bspm_estqsimple_softdep_fullmvprior_x0_sttgamma_flexsigmaC_OPT,Data,index,50,3,1.10008868593495
0100-dwfn-exeoFSTTGF-cf0.2-nb-qnewK-s1-o52b-o54b_0-bspm_estqsimple_softdep_fullmvprior_x0_sttgamma_flexsigmaC_OPT,Data,index,51,3,0.952337535220575
0100-dwfn-exeoFSTTGF-cf0.2-nb-qnewK-s1-o52b-o54b_0-bspm_estqsimple_softdep_fullmvprior_x0_sttgamma_flexsigmaC_OPT,Data,index,52,3,1.59961077792697
0100-dwfn-exeoFSTTGF-cf0.2-nb-qnewK-s1-o52b-o54b_0-bspm_estqsimple_softdep_fullmvprior_x0_sttgamma_flexsigmaC_OPT,Data,index,53,3,1.29353512097106
0100-dwfn-exeoFSTTGF-cf0.2-nb-qnewK-s1-o52b-o54b_0-bspm_estqsimple_softdep_fullmvprior_x0_sttgamma_flexsigmaC_OPT,Data,index,54,3,1.18063007238535
0100-dwfn-exeoFSTTGF-cf0.2-nb-qnewK-s1-o52b-o54b_0-bspm_estqsimple_softdep_fullmvprior_x0_sttgamma_flexsigmaC_OPT,Data,index,55,3,1.29408677430292
0100-dwfn-exeoFSTTGF-cf0.2-nb-qnewK-s1-o52b-o54b_0-bspm_estqsimple_softdep_fullmvprior_x0_sttgamma_flexsigmaC_OPT,Data,index,56,3,1.21391315674042
0100-dwfn-exeoFSTTGF-cf0.2-nb-qnewK-s1-o52b-o54b_0-bspm_estqsimple_softdep_fullmvprior_x0_sttgamma_flexsigmaC_OPT,Data,index,57,3,0.642124478275777
0100-dwfn-exeoFSTTGF-cf0.2-nb-qnewK-s1-o52b-o54b_0-bspm_estqsimple_softdep_fullmvprior_x0_sttgamma_flexsigmaC_OPT,Data,index,58,3,1.29610950318637
0100-dwfn-exeoFSTTGF-cf0.2-nb-qnewK-s1-o52b-o54b_0-bspm_estqsimple_softdep_fullmvprior_x0_sttgamma_flexsigmaC_OPT,Data,index,59,3,0.818929371134356
0100-dwfn-exeoFSTTGF-cf0.2-nb-qnewK-s1-o52b-o54b_0-bspm_estqsimple_softdep_fullmvprior_x0_sttgamma_flexsigmaC_OPT,Data,index,60,3,0.910136055333894
0100-dwfn-exeoFSTTGF-cf0.2-nb-qnewK-s1-o52b-o54b_0-bspm_estqsimple_softdep_fullmvprior_x0_sttgamma_flexsigmaC_OPT,Data,index,61,3,0.872991397655856
0100-dwfn-exeoFSTTGF-cf0.2-nb-qnewK-s1-o52b-o54b_0-bspm_estqsimple_softdep_fullmvprior_x0_sttgamma_flexsigmaC_OPT,Data,index,62,3,0.999136126206023
0100-dwfn-exeoFSTTGF-cf0.2-nb-qnewK-s1-o52b-o54b_0-bspm_estqsimple_softdep_fullmvprior_x0_sttgamma_flexsigmaC_OPT,Data,index,63,3,0.809459322270896
0100-dwfn-exeoFSTTGF-cf0.2-nb-qnewK-s1-o52b-o54b_0-bspm_estqsimple_softdep_fullmvprior_x0_sttgamma_flexsigmaC_OPT,Data,index,64,3,0.615277349458978
0100-dwfn-exeoFSTTGF-cf0.2-nb-qnewK-s1-o52b-o54b_0-bspm_estqsimple_softdep_fullmvprior_x0_sttgamma_flexsigmaC_OPT,Data,index,65,3,0.970817921837618
0100-dwfn-exeoFSTTGF-cf0.2-nb-qnewK-s1-o52b-o54b_0-bspm_estqsimple_softdep_fullmvprior_x0_sttgamma_flexsigmaC_OPT,Data,index,66,3,0.574363060679951
0100-dwfn-exeoFSTTGF-cf0.2-nb-qnewK-s1-o52b-o54b_0-bspm_estqsimple_softdep_fullmvprior_x0_sttgamma_flexsigmaC_OPT,Data,index,67,3,0.60911722058663
0100-dwfn-exeoFSTTGF-cf0.2-nb-qnewK-s1-o52b-o54b_0-bspm_estqsimple_softdep_fullmvprior_x0_sttgamma_flexsigmaC_OPT,Data,index,68,3,0.741146251343218
0100-dwfn-exeoFSTTGF-cf0.2-nb-qnewK-s1-o52b-o54b_0-bspm_estqsimple_softdep_fullmvprior_x0_sttgamma_flexsigmaC_OPT,Data,index,69,3,0.379905261202106
0100-dwfn-exeoFSTTGF-cf0.2-nb-qnewK-s1-o52b-o54b_0-bspm_estqsimple_softdep_fullmvprior_x0_sttgamma_flexsigmaC_OPT,Data,index,70,3,0.583557282877485
0100-dwfn-exeoFSTTGF-cf0.2-nb-qnewK-s1-o52b-o54b_0-bspm_estqsimple_softdep_fullmvprior_x0_sttgamma_flexsigmaC_OPT,Data,index,71,3,0.578684345112792
0100-dwfn-exeoFSTTGF-cf0.2-nb-qnewK-s1-o52b-o54b_0-bspm_estqsimple_softdep_fullmvprior_x0_sttgamma_flexsigmaC_OPT,Data,index,1,4,-999
0100-dwfn-exeoFSTTGF-cf0.2-nb-qnewK-s1-o52b-o54b_0-bspm_estqsimple_softdep_fullmvprior_x0_sttgamma_flexsigmaC_OPT,Data,index,2,4,-999
0100-dwfn-exeoFSTTGF-cf0.2-nb-qnewK-s1-o52b-o54b_0-bspm_estqsimple_softdep_fullmvprior_x0_sttgamma_flexsigmaC_OPT,Data,index,3,4,-999
0100-dwfn-exeoFSTTGF-cf0.2-nb-qnewK-s1-o52b-o54b_0-bspm_estqsimple_softdep_fullmvprior_x0_sttgamma_flexsigmaC_OPT,Data,index,4,4,-999
0100-dwfn-exeoFSTTGF-cf0.2-nb-qnewK-s1-o52b-o54b_0-bspm_estqsimple_softdep_fullmvprior_x0_sttgamma_flexsigmaC_OPT,Data,index,5,4,-999
0100-dwfn-exeoFSTTGF-cf0.2-nb-qnewK-s1-o52b-o54b_0-bspm_estqsimple_softdep_fullmvprior_x0_sttgamma_flexsigmaC_OPT,Data,index,6,4,-999
0100-dwfn-exeoFSTTGF-cf0.2-nb-qnewK-s1-o52b-o54b_0-bspm_estqsimple_softdep_fullmvprior_x0_sttgamma_flexsigmaC_OPT,Data,index,7,4,-999
0100-dwfn-exeoFSTTGF-cf0.2-nb-qnewK-s1-o52b-o54b_0-bspm_estqsimple_softdep_fullmvprior_x0_sttgamma_flexsigmaC_OPT,Data,index,8,4,-999
0100-dwfn-exeoFSTTGF-cf0.2-nb-qnewK-s1-o52b-o54b_0-bspm_estqsimple_softdep_fullmvprior_x0_sttgamma_flexsigmaC_OPT,Data,index,9,4,-999
0100-dwfn-exeoFSTTGF-cf0.2-nb-qnewK-s1-o52b-o54b_0-bspm_estqsimple_softdep_fullmvprior_x0_sttgamma_flexsigmaC_OPT,Data,index,10,4,-999
0100-dwfn-exeoFSTTGF-cf0.2-nb-qnewK-s1-o52b-o54b_0-bspm_estqsimple_softdep_fullmvprior_x0_sttgamma_flexsigmaC_OPT,Data,index,11,4,-999
0100-dwfn-exeoFSTTGF-cf0.2-nb-qnewK-s1-o52b-o54b_0-bspm_estqsimple_softdep_fullmvprior_x0_sttgamma_flexsigmaC_OPT,Data,index,12,4,-999
0100-dwfn-exeoFSTTGF-cf0.2-nb-qnewK-s1-o52b-o54b_0-bspm_estqsimple_softdep_fullmvprior_x0_sttgamma_flexsigmaC_OPT,Data,index,13,4,-999
0100-dwfn-exeoFSTTGF-cf0.2-nb-qnewK-s1-o52b-o54b_0-bspm_estqsimple_softdep_fullmvprior_x0_sttgamma_flexsigmaC_OPT,Data,index,14,4,-999
0100-dwfn-exeoFSTTGF-cf0.2-nb-qnewK-s1-o52b-o54b_0-bspm_estqsimple_softdep_fullmvprior_x0_sttgamma_flexsigmaC_OPT,Data,index,15,4,-999
0100-dwfn-exeoFSTTGF-cf0.2-nb-qnewK-s1-o52b-o54b_0-bspm_estqsimple_softdep_fullmvprior_x0_sttgamma_flexsigmaC_OPT,Data,index,16,4,-999
0100-dwfn-exeoFSTTGF-cf0.2-nb-qnewK-s1-o52b-o54b_0-bspm_estqsimple_softdep_fullmvprior_x0_sttgamma_flexsigmaC_OPT,Data,index,17,4,-999
0100-dwfn-exeoFSTTGF-cf0.2-nb-qnewK-s1-o52b-o54b_0-bspm_estqsimple_softdep_fullmvprior_x0_sttgamma_flexsigmaC_OPT,Data,index,18,4,-999
0100-dwfn-exeoFSTTGF-cf0.2-nb-qnewK-s1-o52b-o54b_0-bspm_estqsimple_softdep_fullmvprior_x0_sttgamma_flexsigmaC_OPT,Data,index,19,4,-999
0100-dwfn-exeoFSTTGF-cf0.2-nb-qnewK-s1-o52b-o54b_0-bspm_estqsimple_softdep_fullmvprior_x0_sttgamma_flexsigmaC_OPT,Data,index,20,4,-999
0100-dwfn-exeoFSTTGF-cf0.2-nb-qnewK-s1-o52b-o54b_0-bspm_estqsimple_softdep_fullmvprior_x0_sttgamma_flexsigmaC_OPT,Data,index,21,4,-999
0100-dwfn-exeoFSTTGF-cf0.2-nb-qnewK-s1-o52b-o54b_0-bspm_estqsimple_softdep_fullmvprior_x0_sttgamma_flexsigmaC_OPT,Data,index,22,4,-999
0100-dwfn-exeoFSTTGF-cf0.2-nb-qnewK-s1-o52b-o54b_0-bspm_estqsimple_softdep_fullmvprior_x0_sttgamma_flexsigmaC_OPT,Data,index,23,4,-999
0100-dwfn-exeoFSTTGF-cf0.2-nb-qnewK-s1-o52b-o54b_0-bspm_estqsimple_softdep_fullmvprior_x0_sttgamma_flexsigmaC_OPT,Data,index,24,4,-999
0100-dwfn-exeoFSTTGF-cf0.2-nb-qnewK-s1-o52b-o54b_0-bspm_estqsimple_softdep_fullmvprior_x0_sttgamma_flexsigmaC_OPT,Data,index,25,4,-999
0100-dwfn-exeoFSTTGF-cf0.2-nb-qnewK-s1-o52b-o54b_0-bspm_estqsimple_softdep_fullmvprior_x0_sttgamma_flexsigmaC_OPT,Data,index,26,4,-999
0100-dwfn-exeoFSTTGF-cf0.2-nb-qnewK-s1-o52b-o54b_0-bspm_estqsimple_softdep_fullmvprior_x0_sttgamma_flexsigmaC_OPT,Data,index,27,4,-999
0100-dwfn-exeoFSTTGF-cf0.2-nb-qnewK-s1-o52b-o54b_0-bspm_estqsimple_softdep_fullmvprior_x0_sttgamma_flexsigmaC_OPT,Data,index,28,4,-999
0100-dwfn-exeoFSTTGF-cf0.2-nb-qnewK-s1-o52b-o54b_0-bspm_estqsimple_softdep_fullmvprior_x0_sttgamma_flexsigmaC_OPT,Data,index,29,4,-999
0100-dwfn-exeoFSTTGF-cf0.2-nb-qnewK-s1-o52b-o54b_0-bspm_estqsimple_softdep_fullmvprior_x0_sttgamma_flexsigmaC_OPT,Data,index,30,4,-999
0100-dwfn-exeoFSTTGF-cf0.2-nb-qnewK-s1-o52b-o54b_0-bspm_estqsimple_softdep_fullmvprior_x0_sttgamma_flexsigmaC_OPT,Data,index,31,4,-999
0100-dwfn-exeoFSTTGF-cf0.2-nb-qnewK-s1-o52b-o54b_0-bspm_estqsimple_softdep_fullmvprior_x0_sttgamma_flexsigmaC_OPT,Data,index,32,4,-999
0100-dwfn-exeoFSTTGF-cf0.2-nb-qnewK-s1-o52b-o54b_0-bspm_estqsimple_softdep_fullmvprior_x0_sttgamma_flexsigmaC_OPT,Data,index,33,4,-999
0100-dwfn-exeoFSTTGF-cf0.2-nb-qnewK-s1-o52b-o54b_0-bspm_estqsimple_softdep_fullmvprior_x0_sttgamma_flexsigmaC_OPT,Data,index,34,4,-999
0100-dwfn-exeoFSTTGF-cf0.2-nb-qnewK-s1-o52b-o54b_0-bspm_estqsimple_softdep_fullmvprior_x0_sttgamma_flexsigmaC_OPT,Data,index,35,4,-999
0100-dwfn-exeoFSTTGF-cf0.2-nb-qnewK-s1-o52b-o54b_0-bspm_estqsimple_softdep_fullmvprior_x0_sttgamma_flexsigmaC_OPT,Data,index,36,4,-999
0100-dwfn-exeoFSTTGF-cf0.2-nb-qnewK-s1-o52b-o54b_0-bspm_estqsimple_softdep_fullmvprior_x0_sttgamma_flexsigmaC_OPT,Data,index,37,4,-999
0100-dwfn-exeoFSTTGF-cf0.2-nb-qnewK-s1-o52b-o54b_0-bspm_estqsimple_softdep_fullmvprior_x0_sttgamma_flexsigmaC_OPT,Data,index,38,4,-999
0100-dwfn-exeoFSTTGF-cf0.2-nb-qnewK-s1-o52b-o54b_0-bspm_estqsimple_softdep_fullmvprior_x0_sttgamma_flexsigmaC_OPT,Data,index,39,4,-999
0100-dwfn-exeoFSTTGF-cf0.2-nb-qnewK-s1-o52b-o54b_0-bspm_estqsimple_softdep_fullmvprior_x0_sttgamma_flexsigmaC_OPT,Data,index,40,4,-999
0100-dwfn-exeoFSTTGF-cf0.2-nb-qnewK-s1-o52b-o54b_0-bspm_estqsimple_softdep_fullmvprior_x0_sttgamma_flexsigmaC_OPT,Data,index,41,4,-999
0100-dwfn-exeoFSTTGF-cf0.2-nb-qnewK-s1-o52b-o54b_0-bspm_estqsimple_softdep_fullmvprior_x0_sttgamma_flexsigmaC_OPT,Data,index,42,4,-999
0100-dwfn-exeoFSTTGF-cf0.2-nb-qnewK-s1-o52b-o54b_0-bspm_estqsimple_softdep_fullmvprior_x0_sttgamma_flexsigmaC_OPT,Data,index,43,4,-999
0100-dwfn-exeoFSTTGF-cf0.2-nb-qnewK-s1-o52b-o54b_0-bspm_estqsimple_softdep_fullmvprior_x0_sttgamma_flexsigmaC_OPT,Data,index,44,4,-999
0100-dwfn-exeoFSTTGF-cf0.2-nb-qnewK-s1-o52b-o54b_0-bspm_estqsimple_softdep_fullmvprior_x0_sttgamma_flexsigmaC_OPT,Data,index,45,4,-999
0100-dwfn-exeoFSTTGF-cf0.2-nb-qnewK-s1-o52b-o54b_0-bspm_estqsimple_softdep_fullmvprior_x0_sttgamma_flexsigmaC_OPT,Data,index,46,4,-999
0100-dwfn-exeoFSTTGF-cf0.2-nb-qnewK-s1-o52b-o54b_0-bspm_estqsimple_softdep_fullmvprior_x0_sttgamma_flexsigmaC_OPT,Data,index,47,4,-999
0100-dwfn-exeoFSTTGF-cf0.2-nb-qnewK-s1-o52b-o54b_0-bspm_estqsimple_softdep_fullmvprior_x0_sttgamma_flexsigmaC_OPT,Data,index,48,4,-999
0100-dwfn-exeoFSTTGF-cf0.2-nb-qnewK-s1-o52b-o54b_0-bspm_estqsimple_softdep_fullmvprior_x0_sttgamma_flexsigmaC_OPT,Data,index,49,4,-999
0100-dwfn-exeoFSTTGF-cf0.2-nb-qnewK-s1-o52b-o54b_0-bspm_estqsimple_softdep_fullmvprior_x0_sttgamma_flexsigmaC_OPT,Data,index,50,4,0.978711550680303
0100-dwfn-exeoFSTTGF-cf0.2-nb-qnewK-s1-o52b-o54b_0-bspm_estqsimple_softdep_fullmvprior_x0_sttgamma_flexsigmaC_OPT,Data,index,51,4,1.01616477718916
0100-dwfn-exeoFSTTGF-cf0.2-nb-qnewK-s1-o52b-o54b_0-bspm_estqsimple_softdep_fullmvprior_x0_sttgamma_flexsigmaC_OPT,Data,index,52,4,1.02478441796444
0100-dwfn-exeoFSTTGF-cf0.2-nb-qnewK-s1-o52b-o54b_0-bspm_estqsimple_softdep_fullmvprior_x0_sttgamma_flexsigmaC_OPT,Data,index,53,4,0.911240842744363
0100-dwfn-exeoFSTTGF-cf0.2-nb-qnewK-s1-o52b-o54b_0-bspm_estqsimple_softdep_fullmvprior_x0_sttgamma_flexsigmaC_OPT,Data,index,54,4,0.944567498272153
0100-dwfn-exeoFSTTGF-cf0.2-nb-qnewK-s1-o52b-o54b_0-bspm_estqsimple_softdep_fullmvprior_x0_sttgamma_flexsigmaC_OPT,Data,index,55,4,1.04499064005759
0100-dwfn-exeoFSTTGF-cf0.2-nb-qnewK-s1-o52b-o54b_0-bspm_estqsimple_softdep_fullmvprior_x0_sttgamma_flexsigmaC_OPT,Data,index,56,4,1.00668523439942
0100-dwfn-exeoFSTTGF-cf0.2-nb-qnewK-s1-o52b-o54b_0-bspm_estqsimple_softdep_fullmvprior_x0_sttgamma_flexsigmaC_OPT,Data,index,57,4,1.0113768894489
0100-dwfn-exeoFSTTGF-cf0.2-nb-qnewK-s1-o52b-o54b_0-bspm_estqsimple_softdep_fullmvprior_x0_sttgamma_flexsigmaC_OPT,Data,index,58,4,0.983630622655746
0100-dwfn-exeoFSTTGF-cf0.2-nb-qnewK-s1-o52b-o54b_0-bspm_estqsimple_softdep_fullmvprior_x0_sttgamma_flexsigmaC_OPT,Data,index,59,4,0.94819499119161
0100-dwfn-exeoFSTTGF-cf0.2-nb-qnewK-s1-o52b-o54b_0-bspm_estqsimple_softdep_fullmvprior_x0_sttgamma_flexsigmaC_OPT,Data,index,60,4,0.94778932502635
0100-dwfn-exeoFSTTGF-cf0.2-nb-qnewK-s1-o52b-o54b_0-bspm_estqsimple_softdep_fullmvprior_x0_sttgamma_flexsigmaC_OPT,Data,index,61,4,1.03281822795092
0100-dwfn-exeoFSTTGF-cf0.2-nb-qnewK-s1-o52b-o54b_0-bspm_estqsimple_softdep_fullmvprior_x0_sttgamma_flexsigmaC_OPT,Data,index,62,4,0.926723313478597
0100-dwfn-exeoFSTTGF-cf0.2-nb-qnewK-s1-o52b-o54b_0-bspm_estqsimple_softdep_fullmvprior_x0_sttgamma_flexsigmaC_OPT,Data,index,63,4,1.0901604141645
0100-dwfn-exeoFSTTGF-cf0.2-nb-qnewK-s1-o52b-o54b_0-bspm_estqsimple_softdep_fullmvprior_x0_sttgamma_flexsigmaC_OPT,Data,index,64,4,0.977359970163126
0100-dwfn-exeoFSTTGF-cf0.2-nb-qnewK-s1-o52b-o54b_0-bspm_estqsimple_softdep_fullmvprior_x0_sttgamma_flexsigmaC_OPT,Data,index,65,4,1.03144365070031
0100-dwfn-exeoFSTTGF-cf0.2-nb-qnewK-s1-o52b-o54b_0-bspm_estqsimple_softdep_fullmvprior_x0_sttgamma_flexsigmaC_OPT,Data,index,66,4,0.946330222433549
0100-dwfn-exeoFSTTGF-cf0.2-nb-qnewK-s1-o52b-o54b_0-bspm_estqsimple_softdep_fullmvprior_x0_sttgamma_flexsigmaC_OPT,Data,index,67,4,1.01297241795364
0100-dwfn-exeoFSTTGF-cf0.2-nb-qnewK-s1-o52b-o54b_0-bspm_estqsimple_softdep_fullmvprior_x0_sttgamma_flexsigmaC_OPT,Data,index,68,4,1.06426942688063
0100-dwfn-exeoFSTTGF-cf0.2-nb-qnewK-s1-o52b-o54b_0-bspm_estqsimple_softdep_fullmvprior_x0_sttgamma_flexsigmaC_OPT,Data,index,69,4,0.903228476192471
0100-dwfn-exeoFSTTGF-cf0.2-nb-qnewK-s1-o52b-o54b_0-bspm_estqsimple_softdep_fullmvprior_x0_sttgamma_flexsigmaC_OPT,Data,index,70,4,1.01688773962664
0100-dwfn-exeoFSTTGF-cf0.2-nb-qnewK-s1-o52b-o54b_0-bspm_estqsimple_softdep_fullmvprior_x0_sttgamma_flexsigmaC_OPT,Data,index,71,4,0.991131723111647
0100-dwfn-exeoFSTTGF-cf0.2-nb-qnewK-s1-o52b-o54b_0-bspm_estqsimple_softdep_fullmvprior_x0_sttgamma_flexsigmaC_OPT,Data,index,1,5,-999
0100-dwfn-exeoFSTTGF-cf0.2-nb-qnewK-s1-o52b-o54b_0-bspm_estqsimple_softdep_fullmvprior_x0_sttgamma_flexsigmaC_OPT,Data,index,2,5,-999
0100-dwfn-exeoFSTTGF-cf0.2-nb-qnewK-s1-o52b-o54b_0-bspm_estqsimple_softdep_fullmvprior_x0_sttgamma_flexsigmaC_OPT,Data,index,3,5,-999
0100-dwfn-exeoFSTTGF-cf0.2-nb-qnewK-s1-o52b-o54b_0-bspm_estqsimple_softdep_fullmvprior_x0_sttgamma_flexsigmaC_OPT,Data,index,4,5,-999
0100-dwfn-exeoFSTTGF-cf0.2-nb-qnewK-s1-o52b-o54b_0-bspm_estqsimple_softdep_fullmvprior_x0_sttgamma_flexsigmaC_OPT,Data,index,5,5,-999
0100-dwfn-exeoFSTTGF-cf0.2-nb-qnewK-s1-o52b-o54b_0-bspm_estqsimple_softdep_fullmvprior_x0_sttgamma_flexsigmaC_OPT,Data,index,6,5,-999
0100-dwfn-exeoFSTTGF-cf0.2-nb-qnewK-s1-o52b-o54b_0-bspm_estqsimple_softdep_fullmvprior_x0_sttgamma_flexsigmaC_OPT,Data,index,7,5,-999
0100-dwfn-exeoFSTTGF-cf0.2-nb-qnewK-s1-o52b-o54b_0-bspm_estqsimple_softdep_fullmvprior_x0_sttgamma_flexsigmaC_OPT,Data,index,8,5,-999
0100-dwfn-exeoFSTTGF-cf0.2-nb-qnewK-s1-o52b-o54b_0-bspm_estqsimple_softdep_fullmvprior_x0_sttgamma_flexsigmaC_OPT,Data,index,9,5,-999
0100-dwfn-exeoFSTTGF-cf0.2-nb-qnewK-s1-o52b-o54b_0-bspm_estqsimple_softdep_fullmvprior_x0_sttgamma_flexsigmaC_OPT,Data,index,10,5,-999
0100-dwfn-exeoFSTTGF-cf0.2-nb-qnewK-s1-o52b-o54b_0-bspm_estqsimple_softdep_fullmvprior_x0_sttgamma_flexsigmaC_OPT,Data,index,11,5,-999
0100-dwfn-exeoFSTTGF-cf0.2-nb-qnewK-s1-o52b-o54b_0-bspm_estqsimple_softdep_fullmvprior_x0_sttgamma_flexsigmaC_OPT,Data,index,12,5,-999
0100-dwfn-exeoFSTTGF-cf0.2-nb-qnewK-s1-o52b-o54b_0-bspm_estqsimple_softdep_fullmvprior_x0_sttgamma_flexsigmaC_OPT,Data,index,13,5,-999
0100-dwfn-exeoFSTTGF-cf0.2-nb-qnewK-s1-o52b-o54b_0-bspm_estqsimple_softdep_fullmvprior_x0_sttgamma_flexsigmaC_OPT,Data,index,14,5,-999
0100-dwfn-exeoFSTTGF-cf0.2-nb-qnewK-s1-o52b-o54b_0-bspm_estqsimple_softdep_fullmvprior_x0_sttgamma_flexsigmaC_OPT,Data,index,15,5,-999
0100-dwfn-exeoFSTTGF-cf0.2-nb-qnewK-s1-o52b-o54b_0-bspm_estqsimple_softdep_fullmvprior_x0_sttgamma_flexsigmaC_OPT,Data,index,16,5,-999
0100-dwfn-exeoFSTTGF-cf0.2-nb-qnewK-s1-o52b-o54b_0-bspm_estqsimple_softdep_fullmvprior_x0_sttgamma_flexsigmaC_OPT,Data,index,17,5,-999
0100-dwfn-exeoFSTTGF-cf0.2-nb-qnewK-s1-o52b-o54b_0-bspm_estqsimple_softdep_fullmvprior_x0_sttgamma_flexsigmaC_OPT,Data,index,18,5,-999
0100-dwfn-exeoFSTTGF-cf0.2-nb-qnewK-s1-o52b-o54b_0-bspm_estqsimple_softdep_fullmvprior_x0_sttgamma_flexsigmaC_OPT,Data,index,19,5,-999
0100-dwfn-exeoFSTTGF-cf0.2-nb-qnewK-s1-o52b-o54b_0-bspm_estqsimple_softdep_fullmvprior_x0_sttgamma_flexsigmaC_OPT,Data,index,20,5,-999
0100-dwfn-exeoFSTTGF-cf0.2-nb-qnewK-s1-o52b-o54b_0-bspm_estqsimple_softdep_fullmvprior_x0_sttgamma_flexsigmaC_OPT,Data,index,21,5,-999
0100-dwfn-exeoFSTTGF-cf0.2-nb-qnewK-s1-o52b-o54b_0-bspm_estqsimple_softdep_fullmvprior_x0_sttgamma_flexsigmaC_OPT,Data,index,22,5,-999
0100-dwfn-exeoFSTTGF-cf0.2-nb-qnewK-s1-o52b-o54b_0-bspm_estqsimple_softdep_fullmvprior_x0_sttgamma_flexsigmaC_OPT,Data,index,23,5,-999
0100-dwfn-exeoFSTTGF-cf0.2-nb-qnewK-s1-o52b-o54b_0-bspm_estqsimple_softdep_fullmvprior_x0_sttgamma_flexsigmaC_OPT,Data,index,24,5,-999
0100-dwfn-exeoFSTTGF-cf0.2-nb-qnewK-s1-o52b-o54b_0-bspm_estqsimple_softdep_fullmvprior_x0_sttgamma_flexsigmaC_OPT,Data,index,25,5,-999
0100-dwfn-exeoFSTTGF-cf0.2-nb-qnewK-s1-o52b-o54b_0-bspm_estqsimple_softdep_fullmvprior_x0_sttgamma_flexsigmaC_OPT,Data,index,26,5,-999
0100-dwfn-exeoFSTTGF-cf0.2-nb-qnewK-s1-o52b-o54b_0-bspm_estqsimple_softdep_fullmvprior_x0_sttgamma_flexsigmaC_OPT,Data,index,27,5,-999
0100-dwfn-exeoFSTTGF-cf0.2-nb-qnewK-s1-o52b-o54b_0-bspm_estqsimple_softdep_fullmvprior_x0_sttgamma_flexsigmaC_OPT,Data,index,28,5,-999
0100-dwfn-exeoFSTTGF-cf0.2-nb-qnewK-s1-o52b-o54b_0-bspm_estqsimple_softdep_fullmvprior_x0_sttgamma_flexsigmaC_OPT,Data,index,29,5,-999
0100-dwfn-exeoFSTTGF-cf0.2-nb-qnewK-s1-o52b-o54b_0-bspm_estqsimple_softdep_fullmvprior_x0_sttgamma_flexsigmaC_OPT,Data,index,30,5,-999
0100-dwfn-exeoFSTTGF-cf0.2-nb-qnewK-s1-o52b-o54b_0-bspm_estqsimple_softdep_fullmvprior_x0_sttgamma_flexsigmaC_OPT,Data,index,31,5,-999
0100-dwfn-exeoFSTTGF-cf0.2-nb-qnewK-s1-o52b-o54b_0-bspm_estqsimple_softdep_fullmvprior_x0_sttgamma_flexsigmaC_OPT,Data,index,32,5,-999
0100-dwfn-exeoFSTTGF-cf0.2-nb-qnewK-s1-o52b-o54b_0-bspm_estqsimple_softdep_fullmvprior_x0_sttgamma_flexsigmaC_OPT,Data,index,33,5,-999
0100-dwfn-exeoFSTTGF-cf0.2-nb-qnewK-s1-o52b-o54b_0-bspm_estqsimple_softdep_fullmvprior_x0_sttgamma_flexsigmaC_OPT,Data,index,34,5,-999
0100-dwfn-exeoFSTTGF-cf0.2-nb-qnewK-s1-o52b-o54b_0-bspm_estqsimple_softdep_fullmvprior_x0_sttgamma_flexsigmaC_OPT,Data,index,35,5,-999
0100-dwfn-exeoFSTTGF-cf0.2-nb-qnewK-s1-o52b-o54b_0-bspm_estqsimple_softdep_fullmvprior_x0_sttgamma_flexsigmaC_OPT,Data,index,36,5,-999
0100-dwfn-exeoFSTTGF-cf0.2-nb-qnewK-s1-o52b-o54b_0-bspm_estqsimple_softdep_fullmvprior_x0_sttgamma_flexsigmaC_OPT,Data,index,37,5,-999
0100-dwfn-exeoFSTTGF-cf0.2-nb-qnewK-s1-o52b-o54b_0-bspm_estqsimple_softdep_fullmvprior_x0_sttgamma_flexsigmaC_OPT,Data,index,38,5,-999
0100-dwfn-exeoFSTTGF-cf0.2-nb-qnewK-s1-o52b-o54b_0-bspm_estqsimple_softdep_fullmvprior_x0_sttgamma_flexsigmaC_OPT,Data,index,39,5,-999
0100-dwfn-exeoFSTTGF-cf0.2-nb-qnewK-s1-o52b-o54b_0-bspm_estqsimple_softdep_fullmvprior_x0_sttgamma_flexsigmaC_OPT,Data,index,40,5,-999
0100-dwfn-exeoFSTTGF-cf0.2-nb-qnewK-s1-o52b-o54b_0-bspm_estqsimple_softdep_fullmvprior_x0_sttgamma_flexsigmaC_OPT,Data,index,41,5,-999
0100-dwfn-exeoFSTTGF-cf0.2-nb-qnewK-s1-o52b-o54b_0-bspm_estqsimple_softdep_fullmvprior_x0_sttgamma_flexsigmaC_OPT,Data,index,42,5,-999
0100-dwfn-exeoFSTTGF-cf0.2-nb-qnewK-s1-o52b-o54b_0-bspm_estqsimple_softdep_fullmvprior_x0_sttgamma_flexsigmaC_OPT,Data,index,43,5,-999
0100-dwfn-exeoFSTTGF-cf0.2-nb-qnewK-s1-o52b-o54b_0-bspm_estqsimple_softdep_fullmvprior_x0_sttgamma_flexsigmaC_OPT,Data,index,44,5,-999
0100-dwfn-exeoFSTTGF-cf0.2-nb-qnewK-s1-o52b-o54b_0-bspm_estqsimple_softdep_fullmvprior_x0_sttgamma_flexsigmaC_OPT,Data,index,45,5,-999
0100-dwfn-exeoFSTTGF-cf0.2-nb-qnewK-s1-o52b-o54b_0-bspm_estqsimple_softdep_fullmvprior_x0_sttgamma_flexsigmaC_OPT,Data,index,46,5,-999
0100-dwfn-exeoFSTTGF-cf0.2-nb-qnewK-s1-o52b-o54b_0-bspm_estqsimple_softdep_fullmvprior_x0_sttgamma_flexsigmaC_OPT,Data,index,47,5,-999
0100-dwfn-exeoFSTTGF-cf0.2-nb-qnewK-s1-o52b-o54b_0-bspm_estqsimple_softdep_fullmvprior_x0_sttgamma_flexsigmaC_OPT,Data,index,48,5,-999
0100-dwfn-exeoFSTTGF-cf0.2-nb-qnewK-s1-o52b-o54b_0-bspm_estqsimple_softdep_fullmvprior_x0_sttgamma_flexsigmaC_OPT,Data,index,49,5,-999
0100-dwfn-exeoFSTTGF-cf0.2-nb-qnewK-s1-o52b-o54b_0-bspm_estqsimple_softdep_fullmvprior_x0_sttgamma_flexsigmaC_OPT,Data,index,50,5,0.91091090253985
0100-dwfn-exeoFSTTGF-cf0.2-nb-qnewK-s1-o52b-o54b_0-bspm_estqsimple_softdep_fullmvprior_x0_sttgamma_flexsigmaC_OPT,Data,index,51,5,0.881938890368818
0100-dwfn-exeoFSTTGF-cf0.2-nb-qnewK-s1-o52b-o54b_0-bspm_estqsimple_softdep_fullmvprior_x0_sttgamma_flexsigmaC_OPT,Data,index,52,5,0.908906149658888
0100-dwfn-exeoFSTTGF-cf0.2-nb-qnewK-s1-o52b-o54b_0-bspm_estqsimple_softdep_fullmvprior_x0_sttgamma_flexsigmaC_OPT,Data,index,53,5,0.692146823369485
0100-dwfn-exeoFSTTGF-cf0.2-nb-qnewK-s1-o52b-o54b_0-bspm_estqsimple_softdep_fullmvprior_x0_sttgamma_flexsigmaC_OPT,Data,index,54,5,0.822723424714375
0100-dwfn-exeoFSTTGF-cf0.2-nb-qnewK-s1-o52b-o54b_0-bspm_estqsimple_softdep_fullmvprior_x0_sttgamma_flexsigmaC_OPT,Data,index,55,5,1.00832372319423
0100-dwfn-exeoFSTTGF-cf0.2-nb-qnewK-s1-o52b-o54b_0-bspm_estqsimple_softdep_fullmvprior_x0_sttgamma_flexsigmaC_OPT,Data,index,56,5,1.04265432069291
0100-dwfn-exeoFSTTGF-cf0.2-nb-qnewK-s1-o52b-o54b_0-bspm_estqsimple_softdep_fullmvprior_x0_sttgamma_flexsigmaC_OPT,Data,index,57,5,1.10217850821547
0100-dwfn-exeoFSTTGF-cf0.2-nb-qnewK-s1-o52b-o54b_0-bspm_estqsimple_softdep_fullmvprior_x0_sttgamma_flexsigmaC_OPT,Data,index,58,5,0.928845625983789
0100-dwfn-exeoFSTTGF-cf0.2-nb-qnewK-s1-o52b-o54b_0-bspm_estqsimple_softdep_fullmvprior_x0_sttgamma_flexsigmaC_OPT,Data,index,59,5,0.836337870424194
0100-dwfn-exeoFSTTGF-cf0.2-nb-qnewK-s1-o52b-o54b_0-bspm_estqsimple_softdep_fullmvprior_x0_sttgamma_flexsigmaC_OPT,Data,index,60,5,0.884177202906906
0100-dwfn-exeoFSTTGF-cf0.2-nb-qnewK-s1-o52b-o54b_0-bspm_estqsimple_softdep_fullmvprior_x0_sttgamma_flexsigmaC_OPT,Data,index,61,5,1.14325983355358
0100-dwfn-exeoFSTTGF-cf0.2-nb-qnewK-s1-o52b-o54b_0-bspm_estqsimple_softdep_fullmvprior_x0_sttgamma_flexsigmaC_OPT,Data,index,62,5,0.96945457703526
0100-dwfn-exeoFSTTGF-cf0.2-nb-qnewK-s1-o52b-o54b_0-bspm_estqsimple_softdep_fullmvprior_x0_sttgamma_flexsigmaC_OPT,Data,index,63,5,1.48136145788159
0100-dwfn-exeoFSTTGF-cf0.2-nb-qnewK-s1-o52b-o54b_0-bspm_estqsimple_softdep_fullmvprior_x0_sttgamma_flexsigmaC_OPT,Data,index,64,5,0.87265769123013
0100-dwfn-exeoFSTTGF-cf0.2-nb-qnewK-s1-o52b-o54b_0-bspm_estqsimple_softdep_fullmvprior_x0_sttgamma_flexsigmaC_OPT,Data,index,65,5,0.959600173368729
0100-dwfn-exeoFSTTGF-cf0.2-nb-qnewK-s1-o52b-o54b_0-bspm_estqsimple_softdep_fullmvprior_x0_sttgamma_flexsigmaC_OPT,Data,index,66,5,0.746064877155921
0100-dwfn-exeoFSTTGF-cf0.2-nb-qnewK-s1-o52b-o54b_0-bspm_estqsimple_softdep_fullmvprior_x0_sttgamma_flexsigmaC_OPT,Data,index,67,5,0.736891436508072
0100-dwfn-exeoFSTTGF-cf0.2-nb-qnewK-s1-o52b-o54b_0-bspm_estqsimple_softdep_fullmvprior_x0_sttgamma_flexsigmaC_OPT,Data,index,68,5,1.11127929134302
0100-dwfn-exeoFSTTGF-cf0.2-nb-qnewK-s1-o52b-o54b_0-bspm_estqsimple_softdep_fullmvprior_x0_sttgamma_flexsigmaC_OPT,Data,index,69,5,0.777895750246596
0100-dwfn-exeoFSTTGF-cf0.2-nb-qnewK-s1-o52b-o54b_0-bspm_estqsimple_softdep_fullmvprior_x0_sttgamma_flexsigmaC_OPT,Data,index,70,5,1.08673482373376
0100-dwfn-exeoFSTTGF-cf0.2-nb-qnewK-s1-o52b-o54b_0-bspm_estqsimple_softdep_fullmvprior_x0_sttgamma_flexsigmaC_OPT,Data,index,71,5,1.22595344300682
0100-dwfn-exeoFSTTGF-cf0.2-nb-qnewK-s1-o52b-o54b_0-bspm_estqsimple_softdep_fullmvprior_x0_sttgamma_flexsigmaC_OPT,Data,index,1,6,-999
0100-dwfn-exeoFSTTGF-cf0.2-nb-qnewK-s1-o52b-o54b_0-bspm_estqsimple_softdep_fullmvprior_x0_sttgamma_flexsigmaC_OPT,Data,index,2,6,-999
0100-dwfn-exeoFSTTGF-cf0.2-nb-qnewK-s1-o52b-o54b_0-bspm_estqsimple_softdep_fullmvprior_x0_sttgamma_flexsigmaC_OPT,Data,index,3,6,-999
0100-dwfn-exeoFSTTGF-cf0.2-nb-qnewK-s1-o52b-o54b_0-bspm_estqsimple_softdep_fullmvprior_x0_sttgamma_flexsigmaC_OPT,Data,index,4,6,-999
0100-dwfn-exeoFSTTGF-cf0.2-nb-qnewK-s1-o52b-o54b_0-bspm_estqsimple_softdep_fullmvprior_x0_sttgamma_flexsigmaC_OPT,Data,index,5,6,-999
0100-dwfn-exeoFSTTGF-cf0.2-nb-qnewK-s1-o52b-o54b_0-bspm_estqsimple_softdep_fullmvprior_x0_sttgamma_flexsigmaC_OPT,Data,index,6,6,-999
0100-dwfn-exeoFSTTGF-cf0.2-nb-qnewK-s1-o52b-o54b_0-bspm_estqsimple_softdep_fullmvprior_x0_sttgamma_flexsigmaC_OPT,Data,index,7,6,-999
0100-dwfn-exeoFSTTGF-cf0.2-nb-qnewK-s1-o52b-o54b_0-bspm_estqsimple_softdep_fullmvprior_x0_sttgamma_flexsigmaC_OPT,Data,index,8,6,-999
0100-dwfn-exeoFSTTGF-cf0.2-nb-qnewK-s1-o52b-o54b_0-bspm_estqsimple_softdep_fullmvprior_x0_sttgamma_flexsigmaC_OPT,Data,index,9,6,-999
0100-dwfn-exeoFSTTGF-cf0.2-nb-qnewK-s1-o52b-o54b_0-bspm_estqsimple_softdep_fullmvprior_x0_sttgamma_flexsigmaC_OPT,Data,index,10,6,-999
0100-dwfn-exeoFSTTGF-cf0.2-nb-qnewK-s1-o52b-o54b_0-bspm_estqsimple_softdep_fullmvprior_x0_sttgamma_flexsigmaC_OPT,Data,index,11,6,-999
0100-dwfn-exeoFSTTGF-cf0.2-nb-qnewK-s1-o52b-o54b_0-bspm_estqsimple_softdep_fullmvprior_x0_sttgamma_flexsigmaC_OPT,Data,index,12,6,-999
0100-dwfn-exeoFSTTGF-cf0.2-nb-qnewK-s1-o52b-o54b_0-bspm_estqsimple_softdep_fullmvprior_x0_sttgamma_flexsigmaC_OPT,Data,index,13,6,-999
0100-dwfn-exeoFSTTGF-cf0.2-nb-qnewK-s1-o52b-o54b_0-bspm_estqsimple_softdep_fullmvprior_x0_sttgamma_flexsigmaC_OPT,Data,index,14,6,-999
0100-dwfn-exeoFSTTGF-cf0.2-nb-qnewK-s1-o52b-o54b_0-bspm_estqsimple_softdep_fullmvprior_x0_sttgamma_flexsigmaC_OPT,Data,index,15,6,-999
0100-dwfn-exeoFSTTGF-cf0.2-nb-qnewK-s1-o52b-o54b_0-bspm_estqsimple_softdep_fullmvprior_x0_sttgamma_flexsigmaC_OPT,Data,index,16,6,-999
0100-dwfn-exeoFSTTGF-cf0.2-nb-qnewK-s1-o52b-o54b_0-bspm_estqsimple_softdep_fullmvprior_x0_sttgamma_flexsigmaC_OPT,Data,index,17,6,-999
0100-dwfn-exeoFSTTGF-cf0.2-nb-qnewK-s1-o52b-o54b_0-bspm_estqsimple_softdep_fullmvprior_x0_sttgamma_flexsigmaC_OPT,Data,index,18,6,-999
0100-dwfn-exeoFSTTGF-cf0.2-nb-qnewK-s1-o52b-o54b_0-bspm_estqsimple_softdep_fullmvprior_x0_sttgamma_flexsigmaC_OPT,Data,index,19,6,-999
0100-dwfn-exeoFSTTGF-cf0.2-nb-qnewK-s1-o52b-o54b_0-bspm_estqsimple_softdep_fullmvprior_x0_sttgamma_flexsigmaC_OPT,Data,index,20,6,-999
0100-dwfn-exeoFSTTGF-cf0.2-nb-qnewK-s1-o52b-o54b_0-bspm_estqsimple_softdep_fullmvprior_x0_sttgamma_flexsigmaC_OPT,Data,index,21,6,-999
0100-dwfn-exeoFSTTGF-cf0.2-nb-qnewK-s1-o52b-o54b_0-bspm_estqsimple_softdep_fullmvprior_x0_sttgamma_flexsigmaC_OPT,Data,index,22,6,-999
0100-dwfn-exeoFSTTGF-cf0.2-nb-qnewK-s1-o52b-o54b_0-bspm_estqsimple_softdep_fullmvprior_x0_sttgamma_flexsigmaC_OPT,Data,index,23,6,-999
0100-dwfn-exeoFSTTGF-cf0.2-nb-qnewK-s1-o52b-o54b_0-bspm_estqsimple_softdep_fullmvprior_x0_sttgamma_flexsigmaC_OPT,Data,index,24,6,-999
0100-dwfn-exeoFSTTGF-cf0.2-nb-qnewK-s1-o52b-o54b_0-bspm_estqsimple_softdep_fullmvprior_x0_sttgamma_flexsigmaC_OPT,Data,index,25,6,-999
0100-dwfn-exeoFSTTGF-cf0.2-nb-qnewK-s1-o52b-o54b_0-bspm_estqsimple_softdep_fullmvprior_x0_sttgamma_flexsigmaC_OPT,Data,index,26,6,-999
0100-dwfn-exeoFSTTGF-cf0.2-nb-qnewK-s1-o52b-o54b_0-bspm_estqsimple_softdep_fullmvprior_x0_sttgamma_flexsigmaC_OPT,Data,index,27,6,-999
0100-dwfn-exeoFSTTGF-cf0.2-nb-qnewK-s1-o52b-o54b_0-bspm_estqsimple_softdep_fullmvprior_x0_sttgamma_flexsigmaC_OPT,Data,index,28,6,-999
0100-dwfn-exeoFSTTGF-cf0.2-nb-qnewK-s1-o52b-o54b_0-bspm_estqsimple_softdep_fullmvprior_x0_sttgamma_flexsigmaC_OPT,Data,index,29,6,-999
0100-dwfn-exeoFSTTGF-cf0.2-nb-qnewK-s1-o52b-o54b_0-bspm_estqsimple_softdep_fullmvprior_x0_sttgamma_flexsigmaC_OPT,Data,index,30,6,-999
0100-dwfn-exeoFSTTGF-cf0.2-nb-qnewK-s1-o52b-o54b_0-bspm_estqsimple_softdep_fullmvprior_x0_sttgamma_flexsigmaC_OPT,Data,index,31,6,-999
0100-dwfn-exeoFSTTGF-cf0.2-nb-qnewK-s1-o52b-o54b_0-bspm_estqsimple_softdep_fullmvprior_x0_sttgamma_flexsigmaC_OPT,Data,index,32,6,-999
0100-dwfn-exeoFSTTGF-cf0.2-nb-qnewK-s1-o52b-o54b_0-bspm_estqsimple_softdep_fullmvprior_x0_sttgamma_flexsigmaC_OPT,Data,index,33,6,-999
0100-dwfn-exeoFSTTGF-cf0.2-nb-qnewK-s1-o52b-o54b_0-bspm_estqsimple_softdep_fullmvprior_x0_sttgamma_flexsigmaC_OPT,Data,index,34,6,-999
0100-dwfn-exeoFSTTGF-cf0.2-nb-qnewK-s1-o52b-o54b_0-bspm_estqsimple_softdep_fullmvprior_x0_sttgamma_flexsigmaC_OPT,Data,index,35,6,-999
0100-dwfn-exeoFSTTGF-cf0.2-nb-qnewK-s1-o52b-o54b_0-bspm_estqsimple_softdep_fullmvprior_x0_sttgamma_flexsigmaC_OPT,Data,index,36,6,-999
0100-dwfn-exeoFSTTGF-cf0.2-nb-qnewK-s1-o52b-o54b_0-bspm_estqsimple_softdep_fullmvprior_x0_sttgamma_flexsigmaC_OPT,Data,index,37,6,-999
0100-dwfn-exeoFSTTGF-cf0.2-nb-qnewK-s1-o52b-o54b_0-bspm_estqsimple_softdep_fullmvprior_x0_sttgamma_flexsigmaC_OPT,Data,index,38,6,-999
0100-dwfn-exeoFSTTGF-cf0.2-nb-qnewK-s1-o52b-o54b_0-bspm_estqsimple_softdep_fullmvprior_x0_sttgamma_flexsigmaC_OPT,Data,index,39,6,-999
0100-dwfn-exeoFSTTGF-cf0.2-nb-qnewK-s1-o52b-o54b_0-bspm_estqsimple_softdep_fullmvprior_x0_sttgamma_flexsigmaC_OPT,Data,index,40,6,-999
0100-dwfn-exeoFSTTGF-cf0.2-nb-qnewK-s1-o52b-o54b_0-bspm_estqsimple_softdep_fullmvprior_x0_sttgamma_flexsigmaC_OPT,Data,index,41,6,-999
0100-dwfn-exeoFSTTGF-cf0.2-nb-qnewK-s1-o52b-o54b_0-bspm_estqsimple_softdep_fullmvprior_x0_sttgamma_flexsigmaC_OPT,Data,index,42,6,-999
0100-dwfn-exeoFSTTGF-cf0.2-nb-qnewK-s1-o52b-o54b_0-bspm_estqsimple_softdep_fullmvprior_x0_sttgamma_flexsigmaC_OPT,Data,index,43,6,-999
0100-dwfn-exeoFSTTGF-cf0.2-nb-qnewK-s1-o52b-o54b_0-bspm_estqsimple_softdep_fullmvprior_x0_sttgamma_flexsigmaC_OPT,Data,index,44,6,-999
0100-dwfn-exeoFSTTGF-cf0.2-nb-qnewK-s1-o52b-o54b_0-bspm_estqsimple_softdep_fullmvprior_x0_sttgamma_flexsigmaC_OPT,Data,index,45,6,-999
0100-dwfn-exeoFSTTGF-cf0.2-nb-qnewK-s1-o52b-o54b_0-bspm_estqsimple_softdep_fullmvprior_x0_sttgamma_flexsigmaC_OPT,Data,index,46,6,-999
0100-dwfn-exeoFSTTGF-cf0.2-nb-qnewK-s1-o52b-o54b_0-bspm_estqsimple_softdep_fullmvprior_x0_sttgamma_flexsigmaC_OPT,Data,index,47,6,-999
0100-dwfn-exeoFSTTGF-cf0.2-nb-qnewK-s1-o52b-o54b_0-bspm_estqsimple_softdep_fullmvprior_x0_sttgamma_flexsigmaC_OPT,Data,index,48,6,-999
0100-dwfn-exeoFSTTGF-cf0.2-nb-qnewK-s1-o52b-o54b_0-bspm_estqsimple_softdep_fullmvprior_x0_sttgamma_flexsigmaC_OPT,Data,index,49,6,-999
0100-dwfn-exeoFSTTGF-cf0.2-nb-qnewK-s1-o52b-o54b_0-bspm_estqsimple_softdep_fullmvprior_x0_sttgamma_flexsigmaC_OPT,Data,index,50,6,-999
0100-dwfn-exeoFSTTGF-cf0.2-nb-qnewK-s1-o52b-o54b_0-bspm_estqsimple_softdep_fullmvprior_x0_sttgamma_flexsigmaC_OPT,Data,index,51,6,1.95307405463573
0100-dwfn-exeoFSTTGF-cf0.2-nb-qnewK-s1-o52b-o54b_0-bspm_estqsimple_softdep_fullmvprior_x0_sttgamma_flexsigmaC_OPT,Data,index,52,6,1.54180234392456
0100-dwfn-exeoFSTTGF-cf0.2-nb-qnewK-s1-o52b-o54b_0-bspm_estqsimple_softdep_fullmvprior_x0_sttgamma_flexsigmaC_OPT,Data,index,53,6,0.975362937060319
0100-dwfn-exeoFSTTGF-cf0.2-nb-qnewK-s1-o52b-o54b_0-bspm_estqsimple_softdep_fullmvprior_x0_sttgamma_flexsigmaC_OPT,Data,index,54,6,0.605926849946924
0100-dwfn-exeoFSTTGF-cf0.2-nb-qnewK-s1-o52b-o54b_0-bspm_estqsimple_softdep_fullmvprior_x0_sttgamma_flexsigmaC_OPT,Data,index,55,6,1.03213741322907
0100-dwfn-exeoFSTTGF-cf0.2-nb-qnewK-s1-o52b-o54b_0-bspm_estqsimple_softdep_fullmvprior_x0_sttgamma_flexsigmaC_OPT,Data,index,56,6,0.706844524343789
0100-dwfn-exeoFSTTGF-cf0.2-nb-qnewK-s1-o52b-o54b_0-bspm_estqsimple_softdep_fullmvprior_x0_sttgamma_flexsigmaC_OPT,Data,index,57,6,0.933750574480467
0100-dwfn-exeoFSTTGF-cf0.2-nb-qnewK-s1-o52b-o54b_0-bspm_estqsimple_softdep_fullmvprior_x0_sttgamma_flexsigmaC_OPT,Data,index,58,6,0.961381877852238
0100-dwfn-exeoFSTTGF-cf0.2-nb-qnewK-s1-o52b-o54b_0-bspm_estqsimple_softdep_fullmvprior_x0_sttgamma_flexsigmaC_OPT,Data,index,59,6,0.736127169085484
0100-dwfn-exeoFSTTGF-cf0.2-nb-qnewK-s1-o52b-o54b_0-bspm_estqsimple_softdep_fullmvprior_x0_sttgamma_flexsigmaC_OPT,Data,index,60,6,0.853523933921082
0100-dwfn-exeoFSTTGF-cf0.2-nb-qnewK-s1-o52b-o54b_0-bspm_estqsimple_softdep_fullmvprior_x0_sttgamma_flexsigmaC_OPT,Data,index,61,6,0.987581415579034
0100-dwfn-exeoFSTTGF-cf0.2-nb-qnewK-s1-o52b-o54b_0-bspm_estqsimple_softdep_fullmvprior_x0_sttgamma_flexsigmaC_OPT,Data,index,62,6,0.944423687146147
0100-dwfn-exeoFSTTGF-cf0.2-nb-qnewK-s1-o52b-o54b_0-bspm_estqsimple_softdep_fullmvprior_x0_sttgamma_flexsigmaC_OPT,Data,index,63,6,1.27044779277776
0100-dwfn-exeoFSTTGF-cf0.2-nb-qnewK-s1-o52b-o54b_0-bspm_estqsimple_softdep_fullmvprior_x0_sttgamma_flexsigmaC_OPT,Data,index,64,6,-999
0100-dwfn-exeoFSTTGF-cf0.2-nb-qnewK-s1-o52b-o54b_0-bspm_estqsimple_softdep_fullmvprior_x0_sttgamma_flexsigmaC_OPT,Data,index,65,6,0.947317413432603
0100-dwfn-exeoFSTTGF-cf0.2-nb-qnewK-s1-o52b-o54b_0-bspm_estqsimple_softdep_fullmvprior_x0_sttgamma_flexsigmaC_OPT,Data,index,66,6,0.66051013772797
0100-dwfn-exeoFSTTGF-cf0.2-nb-qnewK-s1-o52b-o54b_0-bspm_estqsimple_softdep_fullmvprior_x0_sttgamma_flexsigmaC_OPT,Data,index,67,6,1.98236619609334
0100-dwfn-exeoFSTTGF-cf0.2-nb-qnewK-s1-o52b-o54b_0-bspm_estqsimple_softdep_fullmvprior_x0_sttgamma_flexsigmaC_OPT,Data,index,68,6,0.806189728889363
0100-dwfn-exeoFSTTGF-cf0.2-nb-qnewK-s1-o52b-o54b_0-bspm_estqsimple_softdep_fullmvprior_x0_sttgamma_flexsigmaC_OPT,Data,index,69,6,0.484228681866058
0100-dwfn-exeoFSTTGF-cf0.2-nb-qnewK-s1-o52b-o54b_0-bspm_estqsimple_softdep_fullmvprior_x0_sttgamma_flexsigmaC_OPT,Data,index,70,6,0.865088848645543
0100-dwfn-exeoFSTTGF-cf0.2-nb-qnewK-s1-o52b-o54b_0-bspm_estqsimple_softdep_fullmvprior_x0_sttgamma_flexsigmaC_OPT,Data,index,71,6,0.505850122061241
0100-dwfn-exeoFSTTGF-cf0.2-nb-qnewK-s1-o52b-o54b_0-bspm_estqsimple_softdep_fullmvprior_x0_sttgamma_flexsigmaC_OPT,Data,sigmao_mat,1,1,-999
0100-dwfn-exeoFSTTGF-cf0.2-nb-qnewK-s1-o52b-o54b_0-bspm_estqsimple_softdep_fullmvprior_x0_sttgamma_flexsigmaC_OPT,Data,sigmao_mat,2,1,-999
0100-dwfn-exeoFSTTGF-cf0.2-nb-qnewK-s1-o52b-o54b_0-bspm_estqsimple_softdep_fullmvprior_x0_sttgamma_flexsigmaC_OPT,Data,sigmao_mat,3,1,-999
0100-dwfn-exeoFSTTGF-cf0.2-nb-qnewK-s1-o52b-o54b_0-bspm_estqsimple_softdep_fullmvprior_x0_sttgamma_flexsigmaC_OPT,Data,sigmao_mat,4,1,-999
0100-dwfn-exeoFSTTGF-cf0.2-nb-qnewK-s1-o52b-o54b_0-bspm_estqsimple_softdep_fullmvprior_x0_sttgamma_flexsigmaC_OPT,Data,sigmao_mat,5,1,-999
0100-dwfn-exeoFSTTGF-cf0.2-nb-qnewK-s1-o52b-o54b_0-bspm_estqsimple_softdep_fullmvprior_x0_sttgamma_flexsigmaC_OPT,Data,sigmao_mat,6,1,-999
0100-dwfn-exeoFSTTGF-cf0.2-nb-qnewK-s1-o52b-o54b_0-bspm_estqsimple_softdep_fullmvprior_x0_sttgamma_flexsigmaC_OPT,Data,sigmao_mat,7,1,-999
0100-dwfn-exeoFSTTGF-cf0.2-nb-qnewK-s1-o52b-o54b_0-bspm_estqsimple_softdep_fullmvprior_x0_sttgamma_flexsigmaC_OPT,Data,sigmao_mat,8,1,-999
0100-dwfn-exeoFSTTGF-cf0.2-nb-qnewK-s1-o52b-o54b_0-bspm_estqsimple_softdep_fullmvprior_x0_sttgamma_flexsigmaC_OPT,Data,sigmao_mat,9,1,-999
0100-dwfn-exeoFSTTGF-cf0.2-nb-qnewK-s1-o52b-o54b_0-bspm_estqsimple_softdep_fullmvprior_x0_sttgamma_flexsigmaC_OPT,Data,sigmao_mat,10,1,-999
0100-dwfn-exeoFSTTGF-cf0.2-nb-qnewK-s1-o52b-o54b_0-bspm_estqsimple_softdep_fullmvprior_x0_sttgamma_flexsigmaC_OPT,Data,sigmao_mat,11,1,-999
0100-dwfn-exeoFSTTGF-cf0.2-nb-qnewK-s1-o52b-o54b_0-bspm_estqsimple_softdep_fullmvprior_x0_sttgamma_flexsigmaC_OPT,Data,sigmao_mat,12,1,-999
0100-dwfn-exeoFSTTGF-cf0.2-nb-qnewK-s1-o52b-o54b_0-bspm_estqsimple_softdep_fullmvprior_x0_sttgamma_flexsigmaC_OPT,Data,sigmao_mat,13,1,-999
0100-dwfn-exeoFSTTGF-cf0.2-nb-qnewK-s1-o52b-o54b_0-bspm_estqsimple_softdep_fullmvprior_x0_sttgamma_flexsigmaC_OPT,Data,sigmao_mat,14,1,-999
0100-dwfn-exeoFSTTGF-cf0.2-nb-qnewK-s1-o52b-o54b_0-bspm_estqsimple_softdep_fullmvprior_x0_sttgamma_flexsigmaC_OPT,Data,sigmao_mat,15,1,-999
0100-dwfn-exeoFSTTGF-cf0.2-nb-qnewK-s1-o52b-o54b_0-bspm_estqsimple_softdep_fullmvprior_x0_sttgamma_flexsigmaC_OPT,Data,sigmao_mat,16,1,-999
0100-dwfn-exeoFSTTGF-cf0.2-nb-qnewK-s1-o52b-o54b_0-bspm_estqsimple_softdep_fullmvprior_x0_sttgamma_flexsigmaC_OPT,Data,sigmao_mat,17,1,-999
0100-dwfn-exeoFSTTGF-cf0.2-nb-qnewK-s1-o52b-o54b_0-bspm_estqsimple_softdep_fullmvprior_x0_sttgamma_flexsigmaC_OPT,Data,sigmao_mat,18,1,-999
0100-dwfn-exeoFSTTGF-cf0.2-nb-qnewK-s1-o52b-o54b_0-bspm_estqsimple_softdep_fullmvprior_x0_sttgamma_flexsigmaC_OPT,Data,sigmao_mat,19,1,-999
0100-dwfn-exeoFSTTGF-cf0.2-nb-qnewK-s1-o52b-o54b_0-bspm_estqsimple_softdep_fullmvprior_x0_sttgamma_flexsigmaC_OPT,Data,sigmao_mat,20,1,-999
0100-dwfn-exeoFSTTGF-cf0.2-nb-qnewK-s1-o52b-o54b_0-bspm_estqsimple_softdep_fullmvprior_x0_sttgamma_flexsigmaC_OPT,Data,sigmao_mat,21,1,-999
0100-dwfn-exeoFSTTGF-cf0.2-nb-qnewK-s1-o52b-o54b_0-bspm_estqsimple_softdep_fullmvprior_x0_sttgamma_flexsigmaC_OPT,Data,sigmao_mat,22,1,-999
0100-dwfn-exeoFSTTGF-cf0.2-nb-qnewK-s1-o52b-o54b_0-bspm_estqsimple_softdep_fullmvprior_x0_sttgamma_flexsigmaC_OPT,Data,sigmao_mat,23,1,-999
0100-dwfn-exeoFSTTGF-cf0.2-nb-qnewK-s1-o52b-o54b_0-bspm_estqsimple_softdep_fullmvprior_x0_sttgamma_flexsigmaC_OPT,Data,sigmao_mat,24,1,-999
0100-dwfn-exeoFSTTGF-cf0.2-nb-qnewK-s1-o52b-o54b_0-bspm_estqsimple_softdep_fullmvprior_x0_sttgamma_flexsigmaC_OPT,Data,sigmao_mat,25,1,-999
0100-dwfn-exeoFSTTGF-cf0.2-nb-qnewK-s1-o52b-o54b_0-bspm_estqsimple_softdep_fullmvprior_x0_sttgamma_flexsigmaC_OPT,Data,sigmao_mat,26,1,-999
0100-dwfn-exeoFSTTGF-cf0.2-nb-qnewK-s1-o52b-o54b_0-bspm_estqsimple_softdep_fullmvprior_x0_sttgamma_flexsigmaC_OPT,Data,sigmao_mat,27,1,-999
0100-dwfn-exeoFSTTGF-cf0.2-nb-qnewK-s1-o52b-o54b_0-bspm_estqsimple_softdep_fullmvprior_x0_sttgamma_flexsigmaC_OPT,Data,sigmao_mat,28,1,0.85437760989953
0100-dwfn-exeoFSTTGF-cf0.2-nb-qnewK-s1-o52b-o54b_0-bspm_estqsimple_softdep_fullmvprior_x0_sttgamma_flexsigmaC_OPT,Data,sigmao_mat,29,1,0.850406411179126
0100-dwfn-exeoFSTTGF-cf0.2-nb-qnewK-s1-o52b-o54b_0-bspm_estqsimple_softdep_fullmvprior_x0_sttgamma_flexsigmaC_OPT,Data,sigmao_mat,30,1,0.850916308295794
0100-dwfn-exeoFSTTGF-cf0.2-nb-qnewK-s1-o52b-o54b_0-bspm_estqsimple_softdep_fullmvprior_x0_sttgamma_flexsigmaC_OPT,Data,sigmao_mat,31,1,0.813429872036274
0100-dwfn-exeoFSTTGF-cf0.2-nb-qnewK-s1-o52b-o54b_0-bspm_estqsimple_softdep_fullmvprior_x0_sttgamma_flexsigmaC_OPT,Data,sigmao_mat,32,1,0.836987118826342
0100-dwfn-exeoFSTTGF-cf0.2-nb-qnewK-s1-o52b-o54b_0-bspm_estqsimple_softdep_fullmvprior_x0_sttgamma_flexsigmaC_OPT,Data,sigmao_mat,33,1,0.795235543155633
0100-dwfn-exeoFSTTGF-cf0.2-nb-qnewK-s1-o52b-o54b_0-bspm_estqsimple_softdep_fullmvprior_x0_sttgamma_flexsigmaC_OPT,Data,sigmao_mat,34,1,0.786849235283844
0100-dwfn-exeoFSTTGF-cf0.2-nb-qnewK-s1-o52b-o54b_0-bspm_estqsimple_softdep_fullmvprior_x0_sttgamma_flexsigmaC_OPT,Data,sigmao_mat,35,1,0.866819099546232
0100-dwfn-exeoFSTTGF-cf0.2-nb-qnewK-s1-o52b-o54b_0-bspm_estqsimple_softdep_fullmvprior_x0_sttgamma_flexsigmaC_OPT,Data,sigmao_mat,36,1,0.930166317805239
0100-dwfn-exeoFSTTGF-cf0.2-nb-qnewK-s1-o52b-o54b_0-bspm_estqsimple_softdep_fullmvprior_x0_sttgamma_flexsigmaC_OPT,Data,sigmao_mat,37,1,1.00085605454427
0100-dwfn-exeoFSTTGF-cf0.2-nb-qnewK-s1-o52b-o54b_0-bspm_estqsimple_softdep_fullmvprior_x0_sttgamma_flexsigmaC_OPT,Data,sigmao_mat,38,1,0.779014816055979
0100-dwfn-exeoFSTTGF-cf0.2-nb-qnewK-s1-o52b-o54b_0-bspm_estqsimple_softdep_fullmvprior_x0_sttgamma_flexsigmaC_OPT,Data,sigmao_mat,39,1,0.875031442519394
0100-dwfn-exeoFSTTGF-cf0.2-nb-qnewK-s1-o52b-o54b_0-bspm_estqsimple_softdep_fullmvprior_x0_sttgamma_flexsigmaC_OPT,Data,sigmao_mat,40,1,0.929326487260139
0100-dwfn-exeoFSTTGF-cf0.2-nb-qnewK-s1-o52b-o54b_0-bspm_estqsimple_softdep_fullmvprior_x0_sttgamma_flexsigmaC_OPT,Data,sigmao_mat,41,1,1.16158762329728
0100-dwfn-exeoFSTTGF-cf0.2-nb-qnewK-s1-o52b-o54b_0-bspm_estqsimple_softdep_fullmvprior_x0_sttgamma_flexsigmaC_OPT,Data,sigmao_mat,42,1,0.948666584955881
0100-dwfn-exeoFSTTGF-cf0.2-nb-qnewK-s1-o52b-o54b_0-bspm_estqsimple_softdep_fullmvprior_x0_sttgamma_flexsigmaC_OPT,Data,sigmao_mat,43,1,0.902073986071629
0100-dwfn-exeoFSTTGF-cf0.2-nb-qnewK-s1-o52b-o54b_0-bspm_estqsimple_softdep_fullmvprior_x0_sttgamma_flexsigmaC_OPT,Data,sigmao_mat,44,1,1.00592503176291
0100-dwfn-exeoFSTTGF-cf0.2-nb-qnewK-s1-o52b-o54b_0-bspm_estqsimple_softdep_fullmvprior_x0_sttgamma_flexsigmaC_OPT,Data,sigmao_mat,45,1,0.906495094012622
0100-dwfn-exeoFSTTGF-cf0.2-nb-qnewK-s1-o52b-o54b_0-bspm_estqsimple_softdep_fullmvprior_x0_sttgamma_flexsigmaC_OPT,Data,sigmao_mat,46,1,0.944473431019986
0100-dwfn-exeoFSTTGF-cf0.2-nb-qnewK-s1-o52b-o54b_0-bspm_estqsimple_softdep_fullmvprior_x0_sttgamma_flexsigmaC_OPT,Data,sigmao_mat,47,1,0.827311071188863
0100-dwfn-exeoFSTTGF-cf0.2-nb-qnewK-s1-o52b-o54b_0-bspm_estqsimple_softdep_fullmvprior_x0_sttgamma_flexsigmaC_OPT,Data,sigmao_mat,48,1,1.07194171139741
0100-dwfn-exeoFSTTGF-cf0.2-nb-qnewK-s1-o52b-o54b_0-bspm_estqsimple_softdep_fullmvprior_x0_sttgamma_flexsigmaC_OPT,Data,sigmao_mat,49,1,1.15947005056571
0100-dwfn-exeoFSTTGF-cf0.2-nb-qnewK-s1-o52b-o54b_0-bspm_estqsimple_softdep_fullmvprior_x0_sttgamma_flexsigmaC_OPT,Data,sigmao_mat,50,1,1.13656067305329
0100-dwfn-exeoFSTTGF-cf0.2-nb-qnewK-s1-o52b-o54b_0-bspm_estqsimple_softdep_fullmvprior_x0_sttgamma_flexsigmaC_OPT,Data,sigmao_mat,51,1,1.02471923960434
0100-dwfn-exeoFSTTGF-cf0.2-nb-qnewK-s1-o52b-o54b_0-bspm_estqsimple_softdep_fullmvprior_x0_sttgamma_flexsigmaC_OPT,Data,sigmao_mat,52,1,0.925361287329343
0100-dwfn-exeoFSTTGF-cf0.2-nb-qnewK-s1-o52b-o54b_0-bspm_estqsimple_softdep_fullmvprior_x0_sttgamma_flexsigmaC_OPT,Data,sigmao_mat,53,1,0.948954526857058
0100-dwfn-exeoFSTTGF-cf0.2-nb-qnewK-s1-o52b-o54b_0-bspm_estqsimple_softdep_fullmvprior_x0_sttgamma_flexsigmaC_OPT,Data,sigmao_mat,54,1,1.04206174036066
0100-dwfn-exeoFSTTGF-cf0.2-nb-qnewK-s1-o52b-o54b_0-bspm_estqsimple_softdep_fullmvprior_x0_sttgamma_flexsigmaC_OPT,Data,sigmao_mat,55,1,1.10279348635064
0100-dwfn-exeoFSTTGF-cf0.2-nb-qnewK-s1-o52b-o54b_0-bspm_estqsimple_softdep_fullmvprior_x0_sttgamma_flexsigmaC_OPT,Data,sigmao_mat,56,1,1.03676480913692
0100-dwfn-exeoFSTTGF-cf0.2-nb-qnewK-s1-o52b-o54b_0-bspm_estqsimple_softdep_fullmvprior_x0_sttgamma_flexsigmaC_OPT,Data,sigmao_mat,57,1,1.02389140663845
0100-dwfn-exeoFSTTGF-cf0.2-nb-qnewK-s1-o52b-o54b_0-bspm_estqsimple_softdep_fullmvprior_x0_sttgamma_flexsigmaC_OPT,Data,sigmao_mat,58,1,1.13519294902269
0100-dwfn-exeoFSTTGF-cf0.2-nb-qnewK-s1-o52b-o54b_0-bspm_estqsimple_softdep_fullmvprior_x0_sttgamma_flexsigmaC_OPT,Data,sigmao_mat,59,1,1.11313539963459
0100-dwfn-exeoFSTTGF-cf0.2-nb-qnewK-s1-o52b-o54b_0-bspm_estqsimple_softdep_fullmvprior_x0_sttgamma_flexsigmaC_OPT,Data,sigmao_mat,60,1,1.13660866337015
0100-dwfn-exeoFSTTGF-cf0.2-nb-qnewK-s1-o52b-o54b_0-bspm_estqsimple_softdep_fullmvprior_x0_sttgamma_flexsigmaC_OPT,Data,sigmao_mat,61,1,1.1624394514216
0100-dwfn-exeoFSTTGF-cf0.2-nb-qnewK-s1-o52b-o54b_0-bspm_estqsimple_softdep_fullmvprior_x0_sttgamma_flexsigmaC_OPT,Data,sigmao_mat,62,1,1.18855818137422
0100-dwfn-exeoFSTTGF-cf0.2-nb-qnewK-s1-o52b-o54b_0-bspm_estqsimple_softdep_fullmvprior_x0_sttgamma_flexsigmaC_OPT,Data,sigmao_mat,63,1,1.16451503262592
0100-dwfn-exeoFSTTGF-cf0.2-nb-qnewK-s1-o52b-o54b_0-bspm_estqsimple_softdep_fullmvprior_x0_sttgamma_flexsigmaC_OPT,Data,sigmao_mat,64,1,1.1727453719679
0100-dwfn-exeoFSTTGF-cf0.2-nb-qnewK-s1-o52b-o54b_0-bspm_estqsimple_softdep_fullmvprior_x0_sttgamma_flexsigmaC_OPT,Data,sigmao_mat,65,1,1.13939810053781
0100-dwfn-exeoFSTTGF-cf0.2-nb-qnewK-s1-o52b-o54b_0-bspm_estqsimple_softdep_fullmvprior_x0_sttgamma_flexsigmaC_OPT,Data,sigmao_mat,66,1,1.05794053645267
0100-dwfn-exeoFSTTGF-cf0.2-nb-qnewK-s1-o52b-o54b_0-bspm_estqsimple_softdep_fullmvprior_x0_sttgamma_flexsigmaC_OPT,Data,sigmao_mat,67,1,1.11576886827244
0100-dwfn-exeoFSTTGF-cf0.2-nb-qnewK-s1-o52b-o54b_0-bspm_estqsimple_softdep_fullmvprior_x0_sttgamma_flexsigmaC_OPT,Data,sigmao_mat,68,1,1.02707676392023
0100-dwfn-exeoFSTTGF-cf0.2-nb-qnewK-s1-o52b-o54b_0-bspm_estqsimple_softdep_fullmvprior_x0_sttgamma_flexsigmaC_OPT,Data,sigmao_mat,69,1,1.08952416373805
0100-dwfn-exeoFSTTGF-cf0.2-nb-qnewK-s1-o52b-o54b_0-bspm_estqsimple_softdep_fullmvprior_x0_sttgamma_flexsigmaC_OPT,Data,sigmao_mat,70,1,1.00037015258603
0100-dwfn-exeoFSTTGF-cf0.2-nb-qnewK-s1-o52b-o54b_0-bspm_estqsimple_softdep_fullmvprior_x0_sttgamma_flexsigmaC_OPT,Data,sigmao_mat,71,1,1.15825829506492
0100-dwfn-exeoFSTTGF-cf0.2-nb-qnewK-s1-o52b-o54b_0-bspm_estqsimple_softdep_fullmvprior_x0_sttgamma_flexsigmaC_OPT,Data,sigmao_mat,1,2,-999
0100-dwfn-exeoFSTTGF-cf0.2-nb-qnewK-s1-o52b-o54b_0-bspm_estqsimple_softdep_fullmvprior_x0_sttgamma_flexsigmaC_OPT,Data,sigmao_mat,2,2,-999
0100-dwfn-exeoFSTTGF-cf0.2-nb-qnewK-s1-o52b-o54b_0-bspm_estqsimple_softdep_fullmvprior_x0_sttgamma_flexsigmaC_OPT,Data,sigmao_mat,3,2,-999
0100-dwfn-exeoFSTTGF-cf0.2-nb-qnewK-s1-o52b-o54b_0-bspm_estqsimple_softdep_fullmvprior_x0_sttgamma_flexsigmaC_OPT,Data,sigmao_mat,4,2,-999
0100-dwfn-exeoFSTTGF-cf0.2-nb-qnewK-s1-o52b-o54b_0-bspm_estqsimple_softdep_fullmvprior_x0_sttgamma_flexsigmaC_OPT,Data,sigmao_mat,5,2,-999
0100-dwfn-exeoFSTTGF-cf0.2-nb-qnewK-s1-o52b-o54b_0-bspm_estqsimple_softdep_fullmvprior_x0_sttgamma_flexsigmaC_OPT,Data,sigmao_mat,6,2,-999
0100-dwfn-exeoFSTTGF-cf0.2-nb-qnewK-s1-o52b-o54b_0-bspm_estqsimple_softdep_fullmvprior_x0_sttgamma_flexsigmaC_OPT,Data,sigmao_mat,7,2,-999
0100-dwfn-exeoFSTTGF-cf0.2-nb-qnewK-s1-o52b-o54b_0-bspm_estqsimple_softdep_fullmvprior_x0_sttgamma_flexsigmaC_OPT,Data,sigmao_mat,8,2,-999
0100-dwfn-exeoFSTTGF-cf0.2-nb-qnewK-s1-o52b-o54b_0-bspm_estqsimple_softdep_fullmvprior_x0_sttgamma_flexsigmaC_OPT,Data,sigmao_mat,9,2,-999
0100-dwfn-exeoFSTTGF-cf0.2-nb-qnewK-s1-o52b-o54b_0-bspm_estqsimple_softdep_fullmvprior_x0_sttgamma_flexsigmaC_OPT,Data,sigmao_mat,10,2,-999
0100-dwfn-exeoFSTTGF-cf0.2-nb-qnewK-s1-o52b-o54b_0-bspm_estqsimple_softdep_fullmvprior_x0_sttgamma_flexsigmaC_OPT,Data,sigmao_mat,11,2,-999
0100-dwfn-exeoFSTTGF-cf0.2-nb-qnewK-s1-o52b-o54b_0-bspm_estqsimple_softdep_fullmvprior_x0_sttgamma_flexsigmaC_OPT,Data,sigmao_mat,12,2,-999
0100-dwfn-exeoFSTTGF-cf0.2-nb-qnewK-s1-o52b-o54b_0-bspm_estqsimple_softdep_fullmvprior_x0_sttgamma_flexsigmaC_OPT,Data,sigmao_mat,13,2,-999
0100-dwfn-exeoFSTTGF-cf0.2-nb-qnewK-s1-o52b-o54b_0-bspm_estqsimple_softdep_fullmvprior_x0_sttgamma_flexsigmaC_OPT,Data,sigmao_mat,14,2,-999
0100-dwfn-exeoFSTTGF-cf0.2-nb-qnewK-s1-o52b-o54b_0-bspm_estqsimple_softdep_fullmvprior_x0_sttgamma_flexsigmaC_OPT,Data,sigmao_mat,15,2,-999
0100-dwfn-exeoFSTTGF-cf0.2-nb-qnewK-s1-o52b-o54b_0-bspm_estqsimple_softdep_fullmvprior_x0_sttgamma_flexsigmaC_OPT,Data,sigmao_mat,16,2,-999
0100-dwfn-exeoFSTTGF-cf0.2-nb-qnewK-s1-o52b-o54b_0-bspm_estqsimple_softdep_fullmvprior_x0_sttgamma_flexsigmaC_OPT,Data,sigmao_mat,17,2,-999
0100-dwfn-exeoFSTTGF-cf0.2-nb-qnewK-s1-o52b-o54b_0-bspm_estqsimple_softdep_fullmvprior_x0_sttgamma_flexsigmaC_OPT,Data,sigmao_mat,18,2,-999
0100-dwfn-exeoFSTTGF-cf0.2-nb-qnewK-s1-o52b-o54b_0-bspm_estqsimple_softdep_fullmvprior_x0_sttgamma_flexsigmaC_OPT,Data,sigmao_mat,19,2,-999
0100-dwfn-exeoFSTTGF-cf0.2-nb-qnewK-s1-o52b-o54b_0-bspm_estqsimple_softdep_fullmvprior_x0_sttgamma_flexsigmaC_OPT,Data,sigmao_mat,20,2,-999
0100-dwfn-exeoFSTTGF-cf0.2-nb-qnewK-s1-o52b-o54b_0-bspm_estqsimple_softdep_fullmvprior_x0_sttgamma_flexsigmaC_OPT,Data,sigmao_mat,21,2,-999
0100-dwfn-exeoFSTTGF-cf0.2-nb-qnewK-s1-o52b-o54b_0-bspm_estqsimple_softdep_fullmvprior_x0_sttgamma_flexsigmaC_OPT,Data,sigmao_mat,22,2,-999
0100-dwfn-exeoFSTTGF-cf0.2-nb-qnewK-s1-o52b-o54b_0-bspm_estqsimple_softdep_fullmvprior_x0_sttgamma_flexsigmaC_OPT,Data,sigmao_mat,23,2,-999
0100-dwfn-exeoFSTTGF-cf0.2-nb-qnewK-s1-o52b-o54b_0-bspm_estqsimple_softdep_fullmvprior_x0_sttgamma_flexsigmaC_OPT,Data,sigmao_mat,24,2,-999
0100-dwfn-exeoFSTTGF-cf0.2-nb-qnewK-s1-o52b-o54b_0-bspm_estqsimple_softdep_fullmvprior_x0_sttgamma_flexsigmaC_OPT,Data,sigmao_mat,25,2,-999
0100-dwfn-exeoFSTTGF-cf0.2-nb-qnewK-s1-o52b-o54b_0-bspm_estqsimple_softdep_fullmvprior_x0_sttgamma_flexsigmaC_OPT,Data,sigmao_mat,26,2,-999
0100-dwfn-exeoFSTTGF-cf0.2-nb-qnewK-s1-o52b-o54b_0-bspm_estqsimple_softdep_fullmvprior_x0_sttgamma_flexsigmaC_OPT,Data,sigmao_mat,27,2,-999
0100-dwfn-exeoFSTTGF-cf0.2-nb-qnewK-s1-o52b-o54b_0-bspm_estqsimple_softdep_fullmvprior_x0_sttgamma_flexsigmaC_OPT,Data,sigmao_mat,28,2,-999
0100-dwfn-exeoFSTTGF-cf0.2-nb-qnewK-s1-o52b-o54b_0-bspm_estqsimple_softdep_fullmvprior_x0_sttgamma_flexsigmaC_OPT,Data,sigmao_mat,29,2,-999
0100-dwfn-exeoFSTTGF-cf0.2-nb-qnewK-s1-o52b-o54b_0-bspm_estqsimple_softdep_fullmvprior_x0_sttgamma_flexsigmaC_OPT,Data,sigmao_mat,30,2,-999
0100-dwfn-exeoFSTTGF-cf0.2-nb-qnewK-s1-o52b-o54b_0-bspm_estqsimple_softdep_fullmvprior_x0_sttgamma_flexsigmaC_OPT,Data,sigmao_mat,31,2,-999
0100-dwfn-exeoFSTTGF-cf0.2-nb-qnewK-s1-o52b-o54b_0-bspm_estqsimple_softdep_fullmvprior_x0_sttgamma_flexsigmaC_OPT,Data,sigmao_mat,32,2,-999
0100-dwfn-exeoFSTTGF-cf0.2-nb-qnewK-s1-o52b-o54b_0-bspm_estqsimple_softdep_fullmvprior_x0_sttgamma_flexsigmaC_OPT,Data,sigmao_mat,33,2,-999
0100-dwfn-exeoFSTTGF-cf0.2-nb-qnewK-s1-o52b-o54b_0-bspm_estqsimple_softdep_fullmvprior_x0_sttgamma_flexsigmaC_OPT,Data,sigmao_mat,34,2,-999
0100-dwfn-exeoFSTTGF-cf0.2-nb-qnewK-s1-o52b-o54b_0-bspm_estqsimple_softdep_fullmvprior_x0_sttgamma_flexsigmaC_OPT,Data,sigmao_mat,35,2,-999
0100-dwfn-exeoFSTTGF-cf0.2-nb-qnewK-s1-o52b-o54b_0-bspm_estqsimple_softdep_fullmvprior_x0_sttgamma_flexsigmaC_OPT,Data,sigmao_mat,36,2,-999
0100-dwfn-exeoFSTTGF-cf0.2-nb-qnewK-s1-o52b-o54b_0-bspm_estqsimple_softdep_fullmvprior_x0_sttgamma_flexsigmaC_OPT,Data,sigmao_mat,37,2,-999
0100-dwfn-exeoFSTTGF-cf0.2-nb-qnewK-s1-o52b-o54b_0-bspm_estqsimple_softdep_fullmvprior_x0_sttgamma_flexsigmaC_OPT,Data,sigmao_mat,38,2,-999
0100-dwfn-exeoFSTTGF-cf0.2-nb-qnewK-s1-o52b-o54b_0-bspm_estqsimple_softdep_fullmvprior_x0_sttgamma_flexsigmaC_OPT,Data,sigmao_mat,39,2,-999
0100-dwfn-exeoFSTTGF-cf0.2-nb-qnewK-s1-o52b-o54b_0-bspm_estqsimple_softdep_fullmvprior_x0_sttgamma_flexsigmaC_OPT,Data,sigmao_mat,40,2,-999
0100-dwfn-exeoFSTTGF-cf0.2-nb-qnewK-s1-o52b-o54b_0-bspm_estqsimple_softdep_fullmvprior_x0_sttgamma_flexsigmaC_OPT,Data,sigmao_mat,41,2,-999
0100-dwfn-exeoFSTTGF-cf0.2-nb-qnewK-s1-o52b-o54b_0-bspm_estqsimple_softdep_fullmvprior_x0_sttgamma_flexsigmaC_OPT,Data,sigmao_mat,42,2,-999
0100-dwfn-exeoFSTTGF-cf0.2-nb-qnewK-s1-o52b-o54b_0-bspm_estqsimple_softdep_fullmvprior_x0_sttgamma_flexsigmaC_OPT,Data,sigmao_mat,43,2,-999
0100-dwfn-exeoFSTTGF-cf0.2-nb-qnewK-s1-o52b-o54b_0-bspm_estqsimple_softdep_fullmvprior_x0_sttgamma_flexsigmaC_OPT,Data,sigmao_mat,44,2,-999
0100-dwfn-exeoFSTTGF-cf0.2-nb-qnewK-s1-o52b-o54b_0-bspm_estqsimple_softdep_fullmvprior_x0_sttgamma_flexsigmaC_OPT,Data,sigmao_mat,45,2,-999
0100-dwfn-exeoFSTTGF-cf0.2-nb-qnewK-s1-o52b-o54b_0-bspm_estqsimple_softdep_fullmvprior_x0_sttgamma_flexsigmaC_OPT,Data,sigmao_mat,46,2,-999
0100-dwfn-exeoFSTTGF-cf0.2-nb-qnewK-s1-o52b-o54b_0-bspm_estqsimple_softdep_fullmvprior_x0_sttgamma_flexsigmaC_OPT,Data,sigmao_mat,47,2,1.07412097920115
0100-dwfn-exeoFSTTGF-cf0.2-nb-qnewK-s1-o52b-o54b_0-bspm_estqsimple_softdep_fullmvprior_x0_sttgamma_flexsigmaC_OPT,Data,sigmao_mat,48,2,1.05283101537808
0100-dwfn-exeoFSTTGF-cf0.2-nb-qnewK-s1-o52b-o54b_0-bspm_estqsimple_softdep_fullmvprior_x0_sttgamma_flexsigmaC_OPT,Data,sigmao_mat,49,2,0.950955052462453
0100-dwfn-exeoFSTTGF-cf0.2-nb-qnewK-s1-o52b-o54b_0-bspm_estqsimple_softdep_fullmvprior_x0_sttgamma_flexsigmaC_OPT,Data,sigmao_mat,50,2,0.943657754231057
0100-dwfn-exeoFSTTGF-cf0.2-nb-qnewK-s1-o52b-o54b_0-bspm_estqsimple_softdep_fullmvprior_x0_sttgamma_flexsigmaC_OPT,Data,sigmao_mat,51,2,0.863598109352736
0100-dwfn-exeoFSTTGF-cf0.2-nb-qnewK-s1-o52b-o54b_0-bspm_estqsimple_softdep_fullmvprior_x0_sttgamma_flexsigmaC_OPT,Data,sigmao_mat,52,2,0.860720674987794
0100-dwfn-exeoFSTTGF-cf0.2-nb-qnewK-s1-o52b-o54b_0-bspm_estqsimple_softdep_fullmvprior_x0_sttgamma_flexsigmaC_OPT,Data,sigmao_mat,53,2,0.897071480592391
0100-dwfn-exeoFSTTGF-cf0.2-nb-qnewK-s1-o52b-o54b_0-bspm_estqsimple_softdep_fullmvprior_x0_sttgamma_flexsigmaC_OPT,Data,sigmao_mat,54,2,0.878521620908521
0100-dwfn-exeoFSTTGF-cf0.2-nb-qnewK-s1-o52b-o54b_0-bspm_estqsimple_softdep_fullmvprior_x0_sttgamma_flexsigmaC_OPT,Data,sigmao_mat,55,2,0.878241282418046
0100-dwfn-exeoFSTTGF-cf0.2-nb-qnewK-s1-o52b-o54b_0-bspm_estqsimple_softdep_fullmvprior_x0_sttgamma_flexsigmaC_OPT,Data,sigmao_mat,56,2,0.990897178568408
0100-dwfn-exeoFSTTGF-cf0.2-nb-qnewK-s1-o52b-o54b_0-bspm_estqsimple_softdep_fullmvprior_x0_sttgamma_flexsigmaC_OPT,Data,sigmao_mat,57,2,1.03174886778199
0100-dwfn-exeoFSTTGF-cf0.2-nb-qnewK-s1-o52b-o54b_0-bspm_estqsimple_softdep_fullmvprior_x0_sttgamma_flexsigmaC_OPT,Data,sigmao_mat,58,2,0.954799476446586
0100-dwfn-exeoFSTTGF-cf0.2-nb-qnewK-s1-o52b-o54b_0-bspm_estqsimple_softdep_fullmvprior_x0_sttgamma_flexsigmaC_OPT,Data,sigmao_mat,59,2,0.982698951764535
0100-dwfn-exeoFSTTGF-cf0.2-nb-qnewK-s1-o52b-o54b_0-bspm_estqsimple_softdep_fullmvprior_x0_sttgamma_flexsigmaC_OPT,Data,sigmao_mat,60,2,1.06347222824649
0100-dwfn-exeoFSTTGF-cf0.2-nb-qnewK-s1-o52b-o54b_0-bspm_estqsimple_softdep_fullmvprior_x0_sttgamma_flexsigmaC_OPT,Data,sigmao_mat,61,2,0.969419154178151
0100-dwfn-exeoFSTTGF-cf0.2-nb-qnewK-s1-o52b-o54b_0-bspm_estqsimple_softdep_fullmvprior_x0_sttgamma_flexsigmaC_OPT,Data,sigmao_mat,62,2,0.990629625455379
0100-dwfn-exeoFSTTGF-cf0.2-nb-qnewK-s1-o52b-o54b_0-bspm_estqsimple_softdep_fullmvprior_x0_sttgamma_flexsigmaC_OPT,Data,sigmao_mat,63,2,1.01097264901072
0100-dwfn-exeoFSTTGF-cf0.2-nb-qnewK-s1-o52b-o54b_0-bspm_estqsimple_softdep_fullmvprior_x0_sttgamma_flexsigmaC_OPT,Data,sigmao_mat,64,2,1.17864523823936
0100-dwfn-exeoFSTTGF-cf0.2-nb-qnewK-s1-o52b-o54b_0-bspm_estqsimple_softdep_fullmvprior_x0_sttgamma_flexsigmaC_OPT,Data,sigmao_mat,65,2,1.06172515438805
0100-dwfn-exeoFSTTGF-cf0.2-nb-qnewK-s1-o52b-o54b_0-bspm_estqsimple_softdep_fullmvprior_x0_sttgamma_flexsigmaC_OPT,Data,sigmao_mat,66,2,1.02188554625501
0100-dwfn-exeoFSTTGF-cf0.2-nb-qnewK-s1-o52b-o54b_0-bspm_estqsimple_softdep_fullmvprior_x0_sttgamma_flexsigmaC_OPT,Data,sigmao_mat,67,2,1.06438758686978
0100-dwfn-exeoFSTTGF-cf0.2-nb-qnewK-s1-o52b-o54b_0-bspm_estqsimple_softdep_fullmvprior_x0_sttgamma_flexsigmaC_OPT,Data,sigmao_mat,68,2,0.917765661490003
0100-dwfn-exeoFSTTGF-cf0.2-nb-qnewK-s1-o52b-o54b_0-bspm_estqsimple_softdep_fullmvprior_x0_sttgamma_flexsigmaC_OPT,Data,sigmao_mat,69,2,0.966291239976036
0100-dwfn-exeoFSTTGF-cf0.2-nb-qnewK-s1-o52b-o54b_0-bspm_estqsimple_softdep_fullmvprior_x0_sttgamma_flexsigmaC_OPT,Data,sigmao_mat,70,2,1.08628316249958
0100-dwfn-exeoFSTTGF-cf0.2-nb-qnewK-s1-o52b-o54b_0-bspm_estqsimple_softdep_fullmvprior_x0_sttgamma_flexsigmaC_OPT,Data,sigmao_mat,71,2,1.3086603092977
0100-dwfn-exeoFSTTGF-cf0.2-nb-qnewK-s1-o52b-o54b_0-bspm_estqsimple_softdep_fullmvprior_x0_sttgamma_flexsigmaC_OPT,Data,sigmao_mat,1,3,-999
0100-dwfn-exeoFSTTGF-cf0.2-nb-qnewK-s1-o52b-o54b_0-bspm_estqsimple_softdep_fullmvprior_x0_sttgamma_flexsigmaC_OPT,Data,sigmao_mat,2,3,-999
0100-dwfn-exeoFSTTGF-cf0.2-nb-qnewK-s1-o52b-o54b_0-bspm_estqsimple_softdep_fullmvprior_x0_sttgamma_flexsigmaC_OPT,Data,sigmao_mat,3,3,-999
0100-dwfn-exeoFSTTGF-cf0.2-nb-qnewK-s1-o52b-o54b_0-bspm_estqsimple_softdep_fullmvprior_x0_sttgamma_flexsigmaC_OPT,Data,sigmao_mat,4,3,-999
0100-dwfn-exeoFSTTGF-cf0.2-nb-qnewK-s1-o52b-o54b_0-bspm_estqsimple_softdep_fullmvprior_x0_sttgamma_flexsigmaC_OPT,Data,sigmao_mat,5,3,-999
0100-dwfn-exeoFSTTGF-cf0.2-nb-qnewK-s1-o52b-o54b_0-bspm_estqsimple_softdep_fullmvprior_x0_sttgamma_flexsigmaC_OPT,Data,sigmao_mat,6,3,-999
0100-dwfn-exeoFSTTGF-cf0.2-nb-qnewK-s1-o52b-o54b_0-bspm_estqsimple_softdep_fullmvprior_x0_sttgamma_flexsigmaC_OPT,Data,sigmao_mat,7,3,-999
0100-dwfn-exeoFSTTGF-cf0.2-nb-qnewK-s1-o52b-o54b_0-bspm_estqsimple_softdep_fullmvprior_x0_sttgamma_flexsigmaC_OPT,Data,sigmao_mat,8,3,-999
0100-dwfn-exeoFSTTGF-cf0.2-nb-qnewK-s1-o52b-o54b_0-bspm_estqsimple_softdep_fullmvprior_x0_sttgamma_flexsigmaC_OPT,Data,sigmao_mat,9,3,-999
0100-dwfn-exeoFSTTGF-cf0.2-nb-qnewK-s1-o52b-o54b_0-bspm_estqsimple_softdep_fullmvprior_x0_sttgamma_flexsigmaC_OPT,Data,sigmao_mat,10,3,-999
0100-dwfn-exeoFSTTGF-cf0.2-nb-qnewK-s1-o52b-o54b_0-bspm_estqsimple_softdep_fullmvprior_x0_sttgamma_flexsigmaC_OPT,Data,sigmao_mat,11,3,-999
0100-dwfn-exeoFSTTGF-cf0.2-nb-qnewK-s1-o52b-o54b_0-bspm_estqsimple_softdep_fullmvprior_x0_sttgamma_flexsigmaC_OPT,Data,sigmao_mat,12,3,-999
0100-dwfn-exeoFSTTGF-cf0.2-nb-qnewK-s1-o52b-o54b_0-bspm_estqsimple_softdep_fullmvprior_x0_sttgamma_flexsigmaC_OPT,Data,sigmao_mat,13,3,-999
0100-dwfn-exeoFSTTGF-cf0.2-nb-qnewK-s1-o52b-o54b_0-bspm_estqsimple_softdep_fullmvprior_x0_sttgamma_flexsigmaC_OPT,Data,sigmao_mat,14,3,-999
0100-dwfn-exeoFSTTGF-cf0.2-nb-qnewK-s1-o52b-o54b_0-bspm_estqsimple_softdep_fullmvprior_x0_sttgamma_flexsigmaC_OPT,Data,sigmao_mat,15,3,-999
0100-dwfn-exeoFSTTGF-cf0.2-nb-qnewK-s1-o52b-o54b_0-bspm_estqsimple_softdep_fullmvprior_x0_sttgamma_flexsigmaC_OPT,Data,sigmao_mat,16,3,-999
0100-dwfn-exeoFSTTGF-cf0.2-nb-qnewK-s1-o52b-o54b_0-bspm_estqsimple_softdep_fullmvprior_x0_sttgamma_flexsigmaC_OPT,Data,sigmao_mat,17,3,-999
0100-dwfn-exeoFSTTGF-cf0.2-nb-qnewK-s1-o52b-o54b_0-bspm_estqsimple_softdep_fullmvprior_x0_sttgamma_flexsigmaC_OPT,Data,sigmao_mat,18,3,-999
0100-dwfn-exeoFSTTGF-cf0.2-nb-qnewK-s1-o52b-o54b_0-bspm_estqsimple_softdep_fullmvprior_x0_sttgamma_flexsigmaC_OPT,Data,sigmao_mat,19,3,-999
0100-dwfn-exeoFSTTGF-cf0.2-nb-qnewK-s1-o52b-o54b_0-bspm_estqsimple_softdep_fullmvprior_x0_sttgamma_flexsigmaC_OPT,Data,sigmao_mat,20,3,-999
0100-dwfn-exeoFSTTGF-cf0.2-nb-qnewK-s1-o52b-o54b_0-bspm_estqsimple_softdep_fullmvprior_x0_sttgamma_flexsigmaC_OPT,Data,sigmao_mat,21,3,-999
0100-dwfn-exeoFSTTGF-cf0.2-nb-qnewK-s1-o52b-o54b_0-bspm_estqsimple_softdep_fullmvprior_x0_sttgamma_flexsigmaC_OPT,Data,sigmao_mat,22,3,-999
0100-dwfn-exeoFSTTGF-cf0.2-nb-qnewK-s1-o52b-o54b_0-bspm_estqsimple_softdep_fullmvprior_x0_sttgamma_flexsigmaC_OPT,Data,sigmao_mat,23,3,-999
0100-dwfn-exeoFSTTGF-cf0.2-nb-qnewK-s1-o52b-o54b_0-bspm_estqsimple_softdep_fullmvprior_x0_sttgamma_flexsigmaC_OPT,Data,sigmao_mat,24,3,2.96709044251601
0100-dwfn-exeoFSTTGF-cf0.2-nb-qnewK-s1-o52b-o54b_0-bspm_estqsimple_softdep_fullmvprior_x0_sttgamma_flexsigmaC_OPT,Data,sigmao_mat,25,3,1.93355403631805
0100-dwfn-exeoFSTTGF-cf0.2-nb-qnewK-s1-o52b-o54b_0-bspm_estqsimple_softdep_fullmvprior_x0_sttgamma_flexsigmaC_OPT,Data,sigmao_mat,26,3,0.730650943211424
0100-dwfn-exeoFSTTGF-cf0.2-nb-qnewK-s1-o52b-o54b_0-bspm_estqsimple_softdep_fullmvprior_x0_sttgamma_flexsigmaC_OPT,Data,sigmao_mat,27,3,0.950909910086388
0100-dwfn-exeoFSTTGF-cf0.2-nb-qnewK-s1-o52b-o54b_0-bspm_estqsimple_softdep_fullmvprior_x0_sttgamma_flexsigmaC_OPT,Data,sigmao_mat,28,3,0.709377264980705
0100-dwfn-exeoFSTTGF-cf0.2-nb-qnewK-s1-o52b-o54b_0-bspm_estqsimple_softdep_fullmvprior_x0_sttgamma_flexsigmaC_OPT,Data,sigmao_mat,29,3,0.779075006366432
0100-dwfn-exeoFSTTGF-cf0.2-nb-qnewK-s1-o52b-o54b_0-bspm_estqsimple_softdep_fullmvprior_x0_sttgamma_flexsigmaC_OPT,Data,sigmao_mat,30,3,0.868107112774002
0100-dwfn-exeoFSTTGF-cf0.2-nb-qnewK-s1-o52b-o54b_0-bspm_estqsimple_softdep_fullmvprior_x0_sttgamma_flexsigmaC_OPT,Data,sigmao_mat,31,3,0.880036827361946
0100-dwfn-exeoFSTTGF-cf0.2-nb-qnewK-s1-o52b-o54b_0-bspm_estqsimple_softdep_fullmvprior_x0_sttgamma_flexsigmaC_OPT,Data,sigmao_mat,32,3,0.830202354600482
0100-dwfn-exeoFSTTGF-cf0.2-nb-qnewK-s1-o52b-o54b_0-bspm_estqsimple_softdep_fullmvprior_x0_sttgamma_flexsigmaC_OPT,Data,sigmao_mat,33,3,0.718838762757351
0100-dwfn-exeoFSTTGF-cf0.2-nb-qnewK-s1-o52b-o54b_0-bspm_estqsimple_softdep_fullmvprior_x0_sttgamma_flexsigmaC_OPT,Data,sigmao_mat,34,3,0.896139003702325
0100-dwfn-exeoFSTTGF-cf0.2-nb-qnewK-s1-o52b-o54b_0-bspm_estqsimple_softdep_fullmvprior_x0_sttgamma_flexsigmaC_OPT,Data,sigmao_mat,35,3,0.856530000587671
0100-dwfn-exeoFSTTGF-cf0.2-nb-qnewK-s1-o52b-o54b_0-bspm_estqsimple_softdep_fullmvprior_x0_sttgamma_flexsigmaC_OPT,Data,sigmao_mat,36,3,0.974828106329213
0100-dwfn-exeoFSTTGF-cf0.2-nb-qnewK-s1-o52b-o54b_0-bspm_estqsimple_softdep_fullmvprior_x0_sttgamma_flexsigmaC_OPT,Data,sigmao_mat,37,3,0.638210346921585
0100-dwfn-exeoFSTTGF-cf0.2-nb-qnewK-s1-o52b-o54b_0-bspm_estqsimple_softdep_fullmvprior_x0_sttgamma_flexsigmaC_OPT,Data,sigmao_mat,38,3,0.521910321455856
0100-dwfn-exeoFSTTGF-cf0.2-nb-qnewK-s1-o52b-o54b_0-bspm_estqsimple_softdep_fullmvprior_x0_sttgamma_flexsigmaC_OPT,Data,sigmao_mat,39,3,0.540304413406727
0100-dwfn-exeoFSTTGF-cf0.2-nb-qnewK-s1-o52b-o54b_0-bspm_estqsimple_softdep_fullmvprior_x0_sttgamma_flexsigmaC_OPT,Data,sigmao_mat,40,3,0.6360947325119
0100-dwfn-exeoFSTTGF-cf0.2-nb-qnewK-s1-o52b-o54b_0-bspm_estqsimple_softdep_fullmvprior_x0_sttgamma_flexsigmaC_OPT,Data,sigmao_mat,41,3,0.577033830241533
0100-dwfn-exeoFSTTGF-cf0.2-nb-qnewK-s1-o52b-o54b_0-bspm_estqsimple_softdep_fullmvprior_x0_sttgamma_flexsigmaC_OPT,Data,sigmao_mat,42,3,0.576211091304433
0100-dwfn-exeoFSTTGF-cf0.2-nb-qnewK-s1-o52b-o54b_0-bspm_estqsimple_softdep_fullmvprior_x0_sttgamma_flexsigmaC_OPT,Data,sigmao_mat,43,3,0.516621285431644
0100-dwfn-exeoFSTTGF-cf0.2-nb-qnewK-s1-o52b-o54b_0-bspm_estqsimple_softdep_fullmvprior_x0_sttgamma_flexsigmaC_OPT,Data,sigmao_mat,44,3,0.539599208603499
0100-dwfn-exeoFSTTGF-cf0.2-nb-qnewK-s1-o52b-o54b_0-bspm_estqsimple_softdep_fullmvprior_x0_sttgamma_flexsigmaC_OPT,Data,sigmao_mat,45,3,0.554232208270485
0100-dwfn-exeoFSTTGF-cf0.2-nb-qnewK-s1-o52b-o54b_0-bspm_estqsimple_softdep_fullmvprior_x0_sttgamma_flexsigmaC_OPT,Data,sigmao_mat,46,3,0.799525945660052
0100-dwfn-exeoFSTTGF-cf0.2-nb-qnewK-s1-o52b-o54b_0-bspm_estqsimple_softdep_fullmvprior_x0_sttgamma_flexsigmaC_OPT,Data,sigmao_mat,47,3,0.771670355932535
0100-dwfn-exeoFSTTGF-cf0.2-nb-qnewK-s1-o52b-o54b_0-bspm_estqsimple_softdep_fullmvprior_x0_sttgamma_flexsigmaC_OPT,Data,sigmao_mat,48,3,0.566808360594723
0100-dwfn-exeoFSTTGF-cf0.2-nb-qnewK-s1-o52b-o54b_0-bspm_estqsimple_softdep_fullmvprior_x0_sttgamma_flexsigmaC_OPT,Data,sigmao_mat,49,3,0.749397637563909
0100-dwfn-exeoFSTTGF-cf0.2-nb-qnewK-s1-o52b-o54b_0-bspm_estqsimple_softdep_fullmvprior_x0_sttgamma_flexsigmaC_OPT,Data,sigmao_mat,50,3,0.795823620443104
0100-dwfn-exeoFSTTGF-cf0.2-nb-qnewK-s1-o52b-o54b_0-bspm_estqsimple_softdep_fullmvprior_x0_sttgamma_flexsigmaC_OPT,Data,sigmao_mat,51,3,0.957374287449313
0100-dwfn-exeoFSTTGF-cf0.2-nb-qnewK-s1-o52b-o54b_0-bspm_estqsimple_softdep_fullmvprior_x0_sttgamma_flexsigmaC_OPT,Data,sigmao_mat,52,3,0.763501733628475
0100-dwfn-exeoFSTTGF-cf0.2-nb-qnewK-s1-o52b-o54b_0-bspm_estqsimple_softdep_fullmvprior_x0_sttgamma_flexsigmaC_OPT,Data,sigmao_mat,53,3,0.750279143567945
0100-dwfn-exeoFSTTGF-cf0.2-nb-qnewK-s1-o52b-o54b_0-bspm_estqsimple_softdep_fullmvprior_x0_sttgamma_flexsigmaC_OPT,Data,sigmao_mat,54,3,0.737644224176771
0100-dwfn-exeoFSTTGF-cf0.2-nb-qnewK-s1-o52b-o54b_0-bspm_estqsimple_softdep_fullmvprior_x0_sttgamma_flexsigmaC_OPT,Data,sigmao_mat,55,3,0.803522106211679
0100-dwfn-exeoFSTTGF-cf0.2-nb-qnewK-s1-o52b-o54b_0-bspm_estqsimple_softdep_fullmvprior_x0_sttgamma_flexsigmaC_OPT,Data,sigmao_mat,56,3,0.782777331583381
0100-dwfn-exeoFSTTGF-cf0.2-nb-qnewK-s1-o52b-o54b_0-bspm_estqsimple_softdep_fullmvprior_x0_sttgamma_flexsigmaC_OPT,Data,sigmao_mat,57,3,1.07890458187232
0100-dwfn-exeoFSTTGF-cf0.2-nb-qnewK-s1-o52b-o54b_0-bspm_estqsimple_softdep_fullmvprior_x0_sttgamma_flexsigmaC_OPT,Data,sigmao_mat,58,3,0.830966326470646
0100-dwfn-exeoFSTTGF-cf0.2-nb-qnewK-s1-o52b-o54b_0-bspm_estqsimple_softdep_fullmvprior_x0_sttgamma_flexsigmaC_OPT,Data,sigmao_mat,59,3,0.866755470234481
0100-dwfn-exeoFSTTGF-cf0.2-nb-qnewK-s1-o52b-o54b_0-bspm_estqsimple_softdep_fullmvprior_x0_sttgamma_flexsigmaC_OPT,Data,sigmao_mat,60,3,0.809986483574605
0100-dwfn-exeoFSTTGF-cf0.2-nb-qnewK-s1-o52b-o54b_0-bspm_estqsimple_softdep_fullmvprior_x0_sttgamma_flexsigmaC_OPT,Data,sigmao_mat,61,3,0.910830770436247
0100-dwfn-exeoFSTTGF-cf0.2-nb-qnewK-s1-o52b-o54b_0-bspm_estqsimple_softdep_fullmvprior_x0_sttgamma_flexsigmaC_OPT,Data,sigmao_mat,62,3,0.838077141569864
0100-dwfn-exeoFSTTGF-cf0.2-nb-qnewK-s1-o52b-o54b_0-bspm_estqsimple_softdep_fullmvprior_x0_sttgamma_flexsigmaC_OPT,Data,sigmao_mat,63,3,1.07102979490294
0100-dwfn-exeoFSTTGF-cf0.2-nb-qnewK-s1-o52b-o54b_0-bspm_estqsimple_softdep_fullmvprior_x0_sttgamma_flexsigmaC_OPT,Data,sigmao_mat,64,3,1.17445983270975
0100-dwfn-exeoFSTTGF-cf0.2-nb-qnewK-s1-o52b-o54b_0-bspm_estqsimple_softdep_fullmvprior_x0_sttgamma_flexsigmaC_OPT,Data,sigmao_mat,65,3,1.00421163979706
0100-dwfn-exeoFSTTGF-cf0.2-nb-qnewK-s1-o52b-o54b_0-bspm_estqsimple_softdep_fullmvprior_x0_sttgamma_flexsigmaC_OPT,Data,sigmao_mat,66,3,1.19426433426708
0100-dwfn-exeoFSTTGF-cf0.2-nb-qnewK-s1-o52b-o54b_0-bspm_estqsimple_softdep_fullmvprior_x0_sttgamma_flexsigmaC_OPT,Data,sigmao_mat,67,3,1.3719759446806
0100-dwfn-exeoFSTTGF-cf0.2-nb-qnewK-s1-o52b-o54b_0-bspm_estqsimple_softdep_fullmvprior_x0_sttgamma_flexsigmaC_OPT,Data,sigmao_mat,68,3,1.26025975043586
0100-dwfn-exeoFSTTGF-cf0.2-nb-qnewK-s1-o52b-o54b_0-bspm_estqsimple_softdep_fullmvprior_x0_sttgamma_flexsigmaC_OPT,Data,sigmao_mat,69,3,2.75758584889028
0100-dwfn-exeoFSTTGF-cf0.2-nb-qnewK-s1-o52b-o54b_0-bspm_estqsimple_softdep_fullmvprior_x0_sttgamma_flexsigmaC_OPT,Data,sigmao_mat,70,3,2.38494387745108
0100-dwfn-exeoFSTTGF-cf0.2-nb-qnewK-s1-o52b-o54b_0-bspm_estqsimple_softdep_fullmvprior_x0_sttgamma_flexsigmaC_OPT,Data,sigmao_mat,71,3,2.77186624615565
0100-dwfn-exeoFSTTGF-cf0.2-nb-qnewK-s1-o52b-o54b_0-bspm_estqsimple_softdep_fullmvprior_x0_sttgamma_flexsigmaC_OPT,Data,sigmao_mat,1,4,-999
0100-dwfn-exeoFSTTGF-cf0.2-nb-qnewK-s1-o52b-o54b_0-bspm_estqsimple_softdep_fullmvprior_x0_sttgamma_flexsigmaC_OPT,Data,sigmao_mat,2,4,-999
0100-dwfn-exeoFSTTGF-cf0.2-nb-qnewK-s1-o52b-o54b_0-bspm_estqsimple_softdep_fullmvprior_x0_sttgamma_flexsigmaC_OPT,Data,sigmao_mat,3,4,-999
0100-dwfn-exeoFSTTGF-cf0.2-nb-qnewK-s1-o52b-o54b_0-bspm_estqsimple_softdep_fullmvprior_x0_sttgamma_flexsigmaC_OPT,Data,sigmao_mat,4,4,-999
0100-dwfn-exeoFSTTGF-cf0.2-nb-qnewK-s1-o52b-o54b_0-bspm_estqsimple_softdep_fullmvprior_x0_sttgamma_flexsigmaC_OPT,Data,sigmao_mat,5,4,-999
0100-dwfn-exeoFSTTGF-cf0.2-nb-qnewK-s1-o52b-o54b_0-bspm_estqsimple_softdep_fullmvprior_x0_sttgamma_flexsigmaC_OPT,Data,sigmao_mat,6,4,-999
0100-dwfn-exeoFSTTGF-cf0.2-nb-qnewK-s1-o52b-o54b_0-bspm_estqsimple_softdep_fullmvprior_x0_sttgamma_flexsigmaC_OPT,Data,sigmao_mat,7,4,-999
0100-dwfn-exeoFSTTGF-cf0.2-nb-qnewK-s1-o52b-o54b_0-bspm_estqsimple_softdep_fullmvprior_x0_sttgamma_flexsigmaC_OPT,Data,sigmao_mat,8,4,-999
0100-dwfn-exeoFSTTGF-cf0.2-nb-qnewK-s1-o52b-o54b_0-bspm_estqsimple_softdep_fullmvprior_x0_sttgamma_flexsigmaC_OPT,Data,sigmao_mat,9,4,-999
0100-dwfn-exeoFSTTGF-cf0.2-nb-qnewK-s1-o52b-o54b_0-bspm_estqsimple_softdep_fullmvprior_x0_sttgamma_flexsigmaC_OPT,Data,sigmao_mat,10,4,-999
0100-dwfn-exeoFSTTGF-cf0.2-nb-qnewK-s1-o52b-o54b_0-bspm_estqsimple_softdep_fullmvprior_x0_sttgamma_flexsigmaC_OPT,Data,sigmao_mat,11,4,-999
0100-dwfn-exeoFSTTGF-cf0.2-nb-qnewK-s1-o52b-o54b_0-bspm_estqsimple_softdep_fullmvprior_x0_sttgamma_flexsigmaC_OPT,Data,sigmao_mat,12,4,-999
0100-dwfn-exeoFSTTGF-cf0.2-nb-qnewK-s1-o52b-o54b_0-bspm_estqsimple_softdep_fullmvprior_x0_sttgamma_flexsigmaC_OPT,Data,sigmao_mat,13,4,-999
0100-dwfn-exeoFSTTGF-cf0.2-nb-qnewK-s1-o52b-o54b_0-bspm_estqsimple_softdep_fullmvprior_x0_sttgamma_flexsigmaC_OPT,Data,sigmao_mat,14,4,-999
0100-dwfn-exeoFSTTGF-cf0.2-nb-qnewK-s1-o52b-o54b_0-bspm_estqsimple_softdep_fullmvprior_x0_sttgamma_flexsigmaC_OPT,Data,sigmao_mat,15,4,-999
0100-dwfn-exeoFSTTGF-cf0.2-nb-qnewK-s1-o52b-o54b_0-bspm_estqsimple_softdep_fullmvprior_x0_sttgamma_flexsigmaC_OPT,Data,sigmao_mat,16,4,-999
0100-dwfn-exeoFSTTGF-cf0.2-nb-qnewK-s1-o52b-o54b_0-bspm_estqsimple_softdep_fullmvprior_x0_sttgamma_flexsigmaC_OPT,Data,sigmao_mat,17,4,-999
0100-dwfn-exeoFSTTGF-cf0.2-nb-qnewK-s1-o52b-o54b_0-bspm_estqsimple_softdep_fullmvprior_x0_sttgamma_flexsigmaC_OPT,Data,sigmao_mat,18,4,-999
0100-dwfn-exeoFSTTGF-cf0.2-nb-qnewK-s1-o52b-o54b_0-bspm_estqsimple_softdep_fullmvprior_x0_sttgamma_flexsigmaC_OPT,Data,sigmao_mat,19,4,-999
0100-dwfn-exeoFSTTGF-cf0.2-nb-qnewK-s1-o52b-o54b_0-bspm_estqsimple_softdep_fullmvprior_x0_sttgamma_flexsigmaC_OPT,Data,sigmao_mat,20,4,-999
0100-dwfn-exeoFSTTGF-cf0.2-nb-qnewK-s1-o52b-o54b_0-bspm_estqsimple_softdep_fullmvprior_x0_sttgamma_flexsigmaC_OPT,Data,sigmao_mat,21,4,-999
0100-dwfn-exeoFSTTGF-cf0.2-nb-qnewK-s1-o52b-o54b_0-bspm_estqsimple_softdep_fullmvprior_x0_sttgamma_flexsigmaC_OPT,Data,sigmao_mat,22,4,-999
0100-dwfn-exeoFSTTGF-cf0.2-nb-qnewK-s1-o52b-o54b_0-bspm_estqsimple_softdep_fullmvprior_x0_sttgamma_flexsigmaC_OPT,Data,sigmao_mat,23,4,-999
0100-dwfn-exeoFSTTGF-cf0.2-nb-qnewK-s1-o52b-o54b_0-bspm_estqsimple_softdep_fullmvprior_x0_sttgamma_flexsigmaC_OPT,Data,sigmao_mat,24,4,-999
0100-dwfn-exeoFSTTGF-cf0.2-nb-qnewK-s1-o52b-o54b_0-bspm_estqsimple_softdep_fullmvprior_x0_sttgamma_flexsigmaC_OPT,Data,sigmao_mat,25,4,-999
0100-dwfn-exeoFSTTGF-cf0.2-nb-qnewK-s1-o52b-o54b_0-bspm_estqsimple_softdep_fullmvprior_x0_sttgamma_flexsigmaC_OPT,Data,sigmao_mat,26,4,-999
0100-dwfn-exeoFSTTGF-cf0.2-nb-qnewK-s1-o52b-o54b_0-bspm_estqsimple_softdep_fullmvprior_x0_sttgamma_flexsigmaC_OPT,Data,sigmao_mat,27,4,-999
0100-dwfn-exeoFSTTGF-cf0.2-nb-qnewK-s1-o52b-o54b_0-bspm_estqsimple_softdep_fullmvprior_x0_sttgamma_flexsigmaC_OPT,Data,sigmao_mat,28,4,-999
0100-dwfn-exeoFSTTGF-cf0.2-nb-qnewK-s1-o52b-o54b_0-bspm_estqsimple_softdep_fullmvprior_x0_sttgamma_flexsigmaC_OPT,Data,sigmao_mat,29,4,-999
0100-dwfn-exeoFSTTGF-cf0.2-nb-qnewK-s1-o52b-o54b_0-bspm_estqsimple_softdep_fullmvprior_x0_sttgamma_flexsigmaC_OPT,Data,sigmao_mat,30,4,-999
0100-dwfn-exeoFSTTGF-cf0.2-nb-qnewK-s1-o52b-o54b_0-bspm_estqsimple_softdep_fullmvprior_x0_sttgamma_flexsigmaC_OPT,Data,sigmao_mat,31,4,-999
0100-dwfn-exeoFSTTGF-cf0.2-nb-qnewK-s1-o52b-o54b_0-bspm_estqsimple_softdep_fullmvprior_x0_sttgamma_flexsigmaC_OPT,Data,sigmao_mat,32,4,-999
0100-dwfn-exeoFSTTGF-cf0.2-nb-qnewK-s1-o52b-o54b_0-bspm_estqsimple_softdep_fullmvprior_x0_sttgamma_flexsigmaC_OPT,Data,sigmao_mat,33,4,-999
0100-dwfn-exeoFSTTGF-cf0.2-nb-qnewK-s1-o52b-o54b_0-bspm_estqsimple_softdep_fullmvprior_x0_sttgamma_flexsigmaC_OPT,Data,sigmao_mat,34,4,-999
0100-dwfn-exeoFSTTGF-cf0.2-nb-qnewK-s1-o52b-o54b_0-bspm_estqsimple_softdep_fullmvprior_x0_sttgamma_flexsigmaC_OPT,Data,sigmao_mat,35,4,-999
0100-dwfn-exeoFSTTGF-cf0.2-nb-qnewK-s1-o52b-o54b_0-bspm_estqsimple_softdep_fullmvprior_x0_sttgamma_flexsigmaC_OPT,Data,sigmao_mat,36,4,-999
0100-dwfn-exeoFSTTGF-cf0.2-nb-qnewK-s1-o52b-o54b_0-bspm_estqsimple_softdep_fullmvprior_x0_sttgamma_flexsigmaC_OPT,Data,sigmao_mat,37,4,-999
0100-dwfn-exeoFSTTGF-cf0.2-nb-qnewK-s1-o52b-o54b_0-bspm_estqsimple_softdep_fullmvprior_x0_sttgamma_flexsigmaC_OPT,Data,sigmao_mat,38,4,-999
0100-dwfn-exeoFSTTGF-cf0.2-nb-qnewK-s1-o52b-o54b_0-bspm_estqsimple_softdep_fullmvprior_x0_sttgamma_flexsigmaC_OPT,Data,sigmao_mat,39,4,-999
0100-dwfn-exeoFSTTGF-cf0.2-nb-qnewK-s1-o52b-o54b_0-bspm_estqsimple_softdep_fullmvprior_x0_sttgamma_flexsigmaC_OPT,Data,sigmao_mat,40,4,-999
0100-dwfn-exeoFSTTGF-cf0.2-nb-qnewK-s1-o52b-o54b_0-bspm_estqsimple_softdep_fullmvprior_x0_sttgamma_flexsigmaC_OPT,Data,sigmao_mat,41,4,-999
0100-dwfn-exeoFSTTGF-cf0.2-nb-qnewK-s1-o52b-o54b_0-bspm_estqsimple_softdep_fullmvprior_x0_sttgamma_flexsigmaC_OPT,Data,sigmao_mat,42,4,-999
0100-dwfn-exeoFSTTGF-cf0.2-nb-qnewK-s1-o52b-o54b_0-bspm_estqsimple_softdep_fullmvprior_x0_sttgamma_flexsigmaC_OPT,Data,sigmao_mat,43,4,-999
0100-dwfn-exeoFSTTGF-cf0.2-nb-qnewK-s1-o52b-o54b_0-bspm_estqsimple_softdep_fullmvprior_x0_sttgamma_flexsigmaC_OPT,Data,sigmao_mat,44,4,-999
0100-dwfn-exeoFSTTGF-cf0.2-nb-qnewK-s1-o52b-o54b_0-bspm_estqsimple_softdep_fullmvprior_x0_sttgamma_flexsigmaC_OPT,Data,sigmao_mat,45,4,-999
0100-dwfn-exeoFSTTGF-cf0.2-nb-qnewK-s1-o52b-o54b_0-bspm_estqsimple_softdep_fullmvprior_x0_sttgamma_flexsigmaC_OPT,Data,sigmao_mat,46,4,-999
0100-dwfn-exeoFSTTGF-cf0.2-nb-qnewK-s1-o52b-o54b_0-bspm_estqsimple_softdep_fullmvprior_x0_sttgamma_flexsigmaC_OPT,Data,sigmao_mat,47,4,-999
0100-dwfn-exeoFSTTGF-cf0.2-nb-qnewK-s1-o52b-o54b_0-bspm_estqsimple_softdep_fullmvprior_x0_sttgamma_flexsigmaC_OPT,Data,sigmao_mat,48,4,-999
0100-dwfn-exeoFSTTGF-cf0.2-nb-qnewK-s1-o52b-o54b_0-bspm_estqsimple_softdep_fullmvprior_x0_sttgamma_flexsigmaC_OPT,Data,sigmao_mat,49,4,-999
0100-dwfn-exeoFSTTGF-cf0.2-nb-qnewK-s1-o52b-o54b_0-bspm_estqsimple_softdep_fullmvprior_x0_sttgamma_flexsigmaC_OPT,Data,sigmao_mat,50,4,1.18844192137688
0100-dwfn-exeoFSTTGF-cf0.2-nb-qnewK-s1-o52b-o54b_0-bspm_estqsimple_softdep_fullmvprior_x0_sttgamma_flexsigmaC_OPT,Data,sigmao_mat,51,4,1.11467404747362
0100-dwfn-exeoFSTTGF-cf0.2-nb-qnewK-s1-o52b-o54b_0-bspm_estqsimple_softdep_fullmvprior_x0_sttgamma_flexsigmaC_OPT,Data,sigmao_mat,52,4,0.957066866292934
0100-dwfn-exeoFSTTGF-cf0.2-nb-qnewK-s1-o52b-o54b_0-bspm_estqsimple_softdep_fullmvprior_x0_sttgamma_flexsigmaC_OPT,Data,sigmao_mat,53,4,0.890426241124658
0100-dwfn-exeoFSTTGF-cf0.2-nb-qnewK-s1-o52b-o54b_0-bspm_estqsimple_softdep_fullmvprior_x0_sttgamma_flexsigmaC_OPT,Data,sigmao_mat,54,4,0.878326009033462
0100-dwfn-exeoFSTTGF-cf0.2-nb-qnewK-s1-o52b-o54b_0-bspm_estqsimple_softdep_fullmvprior_x0_sttgamma_flexsigmaC_OPT,Data,sigmao_mat,55,4,1.00898970542724
0100-dwfn-exeoFSTTGF-cf0.2-nb-qnewK-s1-o52b-o54b_0-bspm_estqsimple_softdep_fullmvprior_x0_sttgamma_flexsigmaC_OPT,Data,sigmao_mat,56,4,0.934057073384799
0100-dwfn-exeoFSTTGF-cf0.2-nb-qnewK-s1-o52b-o54b_0-bspm_estqsimple_softdep_fullmvprior_x0_sttgamma_flexsigmaC_OPT,Data,sigmao_mat,57,4,0.882276223963721
0100-dwfn-exeoFSTTGF-cf0.2-nb-qnewK-s1-o52b-o54b_0-bspm_estqsimple_softdep_fullmvprior_x0_sttgamma_flexsigmaC_OPT,Data,sigmao_mat,58,4,0.856276064968778
0100-dwfn-exeoFSTTGF-cf0.2-nb-qnewK-s1-o52b-o54b_0-bspm_estqsimple_softdep_fullmvprior_x0_sttgamma_flexsigmaC_OPT,Data,sigmao_mat,59,4,0.943696608490353
0100-dwfn-exeoFSTTGF-cf0.2-nb-qnewK-s1-o52b-o54b_0-bspm_estqsimple_softdep_fullmvprior_x0_sttgamma_flexsigmaC_OPT,Data,sigmao_mat,60,4,1.03578044524582
0100-dwfn-exeoFSTTGF-cf0.2-nb-qnewK-s1-o52b-o54b_0-bspm_estqsimple_softdep_fullmvprior_x0_sttgamma_flexsigmaC_OPT,Data,sigmao_mat,61,4,1.24030515773782
0100-dwfn-exeoFSTTGF-cf0.2-nb-qnewK-s1-o52b-o54b_0-bspm_estqsimple_softdep_fullmvprior_x0_sttgamma_flexsigmaC_OPT,Data,sigmao_mat,62,4,1.00239210244058
0100-dwfn-exeoFSTTGF-cf0.2-nb-qnewK-s1-o52b-o54b_0-bspm_estqsimple_softdep_fullmvprior_x0_sttgamma_flexsigmaC_OPT,Data,sigmao_mat,63,4,1.34734723519098
0100-dwfn-exeoFSTTGF-cf0.2-nb-qnewK-s1-o52b-o54b_0-bspm_estqsimple_softdep_fullmvprior_x0_sttgamma_flexsigmaC_OPT,Data,sigmao_mat,64,4,0.922432512653634
0100-dwfn-exeoFSTTGF-cf0.2-nb-qnewK-s1-o52b-o54b_0-bspm_estqsimple_softdep_fullmvprior_x0_sttgamma_flexsigmaC_OPT,Data,sigmao_mat,65,4,1.03471297182065
0100-dwfn-exeoFSTTGF-cf0.2-nb-qnewK-s1-o52b-o54b_0-bspm_estqsimple_softdep_fullmvprior_x0_sttgamma_flexsigmaC_OPT,Data,sigmao_mat,66,4,0.807672107514451
0100-dwfn-exeoFSTTGF-cf0.2-nb-qnewK-s1-o52b-o54b_0-bspm_estqsimple_softdep_fullmvprior_x0_sttgamma_flexsigmaC_OPT,Data,sigmao_mat,67,4,0.896236203993844
0100-dwfn-exeoFSTTGF-cf0.2-nb-qnewK-s1-o52b-o54b_0-bspm_estqsimple_softdep_fullmvprior_x0_sttgamma_flexsigmaC_OPT,Data,sigmao_mat,68,4,1.03276223359519
0100-dwfn-exeoFSTTGF-cf0.2-nb-qnewK-s1-o52b-o54b_0-bspm_estqsimple_softdep_fullmvprior_x0_sttgamma_flexsigmaC_OPT,Data,sigmao_mat,69,4,0.80387228053404
0100-dwfn-exeoFSTTGF-cf0.2-nb-qnewK-s1-o52b-o54b_0-bspm_estqsimple_softdep_fullmvprior_x0_sttgamma_flexsigmaC_OPT,Data,sigmao_mat,70,4,0.893442614632621
0100-dwfn-exeoFSTTGF-cf0.2-nb-qnewK-s1-o52b-o54b_0-bspm_estqsimple_softdep_fullmvprior_x0_sttgamma_flexsigmaC_OPT,Data,sigmao_mat,71,4,0.836972857027327
0100-dwfn-exeoFSTTGF-cf0.2-nb-qnewK-s1-o52b-o54b_0-bspm_estqsimple_softdep_fullmvprior_x0_sttgamma_flexsigmaC_OPT,Data,sigmao_mat,1,5,-999
0100-dwfn-exeoFSTTGF-cf0.2-nb-qnewK-s1-o52b-o54b_0-bspm_estqsimple_softdep_fullmvprior_x0_sttgamma_flexsigmaC_OPT,Data,sigmao_mat,2,5,-999
0100-dwfn-exeoFSTTGF-cf0.2-nb-qnewK-s1-o52b-o54b_0-bspm_estqsimple_softdep_fullmvprior_x0_sttgamma_flexsigmaC_OPT,Data,sigmao_mat,3,5,-999
0100-dwfn-exeoFSTTGF-cf0.2-nb-qnewK-s1-o52b-o54b_0-bspm_estqsimple_softdep_fullmvprior_x0_sttgamma_flexsigmaC_OPT,Data,sigmao_mat,4,5,-999
0100-dwfn-exeoFSTTGF-cf0.2-nb-qnewK-s1-o52b-o54b_0-bspm_estqsimple_softdep_fullmvprior_x0_sttgamma_flexsigmaC_OPT,Data,sigmao_mat,5,5,-999
0100-dwfn-exeoFSTTGF-cf0.2-nb-qnewK-s1-o52b-o54b_0-bspm_estqsimple_softdep_fullmvprior_x0_sttgamma_flexsigmaC_OPT,Data,sigmao_mat,6,5,-999
0100-dwfn-exeoFSTTGF-cf0.2-nb-qnewK-s1-o52b-o54b_0-bspm_estqsimple_softdep_fullmvprior_x0_sttgamma_flexsigmaC_OPT,Data,sigmao_mat,7,5,-999
0100-dwfn-exeoFSTTGF-cf0.2-nb-qnewK-s1-o52b-o54b_0-bspm_estqsimple_softdep_fullmvprior_x0_sttgamma_flexsigmaC_OPT,Data,sigmao_mat,8,5,-999
0100-dwfn-exeoFSTTGF-cf0.2-nb-qnewK-s1-o52b-o54b_0-bspm_estqsimple_softdep_fullmvprior_x0_sttgamma_flexsigmaC_OPT,Data,sigmao_mat,9,5,-999
0100-dwfn-exeoFSTTGF-cf0.2-nb-qnewK-s1-o52b-o54b_0-bspm_estqsimple_softdep_fullmvprior_x0_sttgamma_flexsigmaC_OPT,Data,sigmao_mat,10,5,-999
0100-dwfn-exeoFSTTGF-cf0.2-nb-qnewK-s1-o52b-o54b_0-bspm_estqsimple_softdep_fullmvprior_x0_sttgamma_flexsigmaC_OPT,Data,sigmao_mat,11,5,-999
0100-dwfn-exeoFSTTGF-cf0.2-nb-qnewK-s1-o52b-o54b_0-bspm_estqsimple_softdep_fullmvprior_x0_sttgamma_flexsigmaC_OPT,Data,sigmao_mat,12,5,-999
0100-dwfn-exeoFSTTGF-cf0.2-nb-qnewK-s1-o52b-o54b_0-bspm_estqsimple_softdep_fullmvprior_x0_sttgamma_flexsigmaC_OPT,Data,sigmao_mat,13,5,-999
0100-dwfn-exeoFSTTGF-cf0.2-nb-qnewK-s1-o52b-o54b_0-bspm_estqsimple_softdep_fullmvprior_x0_sttgamma_flexsigmaC_OPT,Data,sigmao_mat,14,5,-999
0100-dwfn-exeoFSTTGF-cf0.2-nb-qnewK-s1-o52b-o54b_0-bspm_estqsimple_softdep_fullmvprior_x0_sttgamma_flexsigmaC_OPT,Data,sigmao_mat,15,5,-999
0100-dwfn-exeoFSTTGF-cf0.2-nb-qnewK-s1-o52b-o54b_0-bspm_estqsimple_softdep_fullmvprior_x0_sttgamma_flexsigmaC_OPT,Data,sigmao_mat,16,5,-999
0100-dwfn-exeoFSTTGF-cf0.2-nb-qnewK-s1-o52b-o54b_0-bspm_estqsimple_softdep_fullmvprior_x0_sttgamma_flexsigmaC_OPT,Data,sigmao_mat,17,5,-999
0100-dwfn-exeoFSTTGF-cf0.2-nb-qnewK-s1-o52b-o54b_0-bspm_estqsimple_softdep_fullmvprior_x0_sttgamma_flexsigmaC_OPT,Data,sigmao_mat,18,5,-999
0100-dwfn-exeoFSTTGF-cf0.2-nb-qnewK-s1-o52b-o54b_0-bspm_estqsimple_softdep_fullmvprior_x0_sttgamma_flexsigmaC_OPT,Data,sigmao_mat,19,5,-999
0100-dwfn-exeoFSTTGF-cf0.2-nb-qnewK-s1-o52b-o54b_0-bspm_estqsimple_softdep_fullmvprior_x0_sttgamma_flexsigmaC_OPT,Data,sigmao_mat,20,5,-999
0100-dwfn-exeoFSTTGF-cf0.2-nb-qnewK-s1-o52b-o54b_0-bspm_estqsimple_softdep_fullmvprior_x0_sttgamma_flexsigmaC_OPT,Data,sigmao_mat,21,5,-999
0100-dwfn-exeoFSTTGF-cf0.2-nb-qnewK-s1-o52b-o54b_0-bspm_estqsimple_softdep_fullmvprior_x0_sttgamma_flexsigmaC_OPT,Data,sigmao_mat,22,5,-999
0100-dwfn-exeoFSTTGF-cf0.2-nb-qnewK-s1-o52b-o54b_0-bspm_estqsimple_softdep_fullmvprior_x0_sttgamma_flexsigmaC_OPT,Data,sigmao_mat,23,5,-999
0100-dwfn-exeoFSTTGF-cf0.2-nb-qnewK-s1-o52b-o54b_0-bspm_estqsimple_softdep_fullmvprior_x0_sttgamma_flexsigmaC_OPT,Data,sigmao_mat,24,5,-999
0100-dwfn-exeoFSTTGF-cf0.2-nb-qnewK-s1-o52b-o54b_0-bspm_estqsimple_softdep_fullmvprior_x0_sttgamma_flexsigmaC_OPT,Data,sigmao_mat,25,5,-999
0100-dwfn-exeoFSTTGF-cf0.2-nb-qnewK-s1-o52b-o54b_0-bspm_estqsimple_softdep_fullmvprior_x0_sttgamma_flexsigmaC_OPT,Data,sigmao_mat,26,5,-999
0100-dwfn-exeoFSTTGF-cf0.2-nb-qnewK-s1-o52b-o54b_0-bspm_estqsimple_softdep_fullmvprior_x0_sttgamma_flexsigmaC_OPT,Data,sigmao_mat,27,5,-999
0100-dwfn-exeoFSTTGF-cf0.2-nb-qnewK-s1-o52b-o54b_0-bspm_estqsimple_softdep_fullmvprior_x0_sttgamma_flexsigmaC_OPT,Data,sigmao_mat,28,5,-999
0100-dwfn-exeoFSTTGF-cf0.2-nb-qnewK-s1-o52b-o54b_0-bspm_estqsimple_softdep_fullmvprior_x0_sttgamma_flexsigmaC_OPT,Data,sigmao_mat,29,5,-999
0100-dwfn-exeoFSTTGF-cf0.2-nb-qnewK-s1-o52b-o54b_0-bspm_estqsimple_softdep_fullmvprior_x0_sttgamma_flexsigmaC_OPT,Data,sigmao_mat,30,5,-999
0100-dwfn-exeoFSTTGF-cf0.2-nb-qnewK-s1-o52b-o54b_0-bspm_estqsimple_softdep_fullmvprior_x0_sttgamma_flexsigmaC_OPT,Data,sigmao_mat,31,5,-999
0100-dwfn-exeoFSTTGF-cf0.2-nb-qnewK-s1-o52b-o54b_0-bspm_estqsimple_softdep_fullmvprior_x0_sttgamma_flexsigmaC_OPT,Data,sigmao_mat,32,5,-999
0100-dwfn-exeoFSTTGF-cf0.2-nb-qnewK-s1-o52b-o54b_0-bspm_estqsimple_softdep_fullmvprior_x0_sttgamma_flexsigmaC_OPT,Data,sigmao_mat,33,5,-999
0100-dwfn-exeoFSTTGF-cf0.2-nb-qnewK-s1-o52b-o54b_0-bspm_estqsimple_softdep_fullmvprior_x0_sttgamma_flexsigmaC_OPT,Data,sigmao_mat,34,5,-999
0100-dwfn-exeoFSTTGF-cf0.2-nb-qnewK-s1-o52b-o54b_0-bspm_estqsimple_softdep_fullmvprior_x0_sttgamma_flexsigmaC_OPT,Data,sigmao_mat,35,5,-999
0100-dwfn-exeoFSTTGF-cf0.2-nb-qnewK-s1-o52b-o54b_0-bspm_estqsimple_softdep_fullmvprior_x0_sttgamma_flexsigmaC_OPT,Data,sigmao_mat,36,5,-999
0100-dwfn-exeoFSTTGF-cf0.2-nb-qnewK-s1-o52b-o54b_0-bspm_estqsimple_softdep_fullmvprior_x0_sttgamma_flexsigmaC_OPT,Data,sigmao_mat,37,5,-999
0100-dwfn-exeoFSTTGF-cf0.2-nb-qnewK-s1-o52b-o54b_0-bspm_estqsimple_softdep_fullmvprior_x0_sttgamma_flexsigmaC_OPT,Data,sigmao_mat,38,5,-999
0100-dwfn-exeoFSTTGF-cf0.2-nb-qnewK-s1-o52b-o54b_0-bspm_estqsimple_softdep_fullmvprior_x0_sttgamma_flexsigmaC_OPT,Data,sigmao_mat,39,5,-999
0100-dwfn-exeoFSTTGF-cf0.2-nb-qnewK-s1-o52b-o54b_0-bspm_estqsimple_softdep_fullmvprior_x0_sttgamma_flexsigmaC_OPT,Data,sigmao_mat,40,5,-999
0100-dwfn-exeoFSTTGF-cf0.2-nb-qnewK-s1-o52b-o54b_0-bspm_estqsimple_softdep_fullmvprior_x0_sttgamma_flexsigmaC_OPT,Data,sigmao_mat,41,5,-999
0100-dwfn-exeoFSTTGF-cf0.2-nb-qnewK-s1-o52b-o54b_0-bspm_estqsimple_softdep_fullmvprior_x0_sttgamma_flexsigmaC_OPT,Data,sigmao_mat,42,5,-999
0100-dwfn-exeoFSTTGF-cf0.2-nb-qnewK-s1-o52b-o54b_0-bspm_estqsimple_softdep_fullmvprior_x0_sttgamma_flexsigmaC_OPT,Data,sigmao_mat,43,5,-999
0100-dwfn-exeoFSTTGF-cf0.2-nb-qnewK-s1-o52b-o54b_0-bspm_estqsimple_softdep_fullmvprior_x0_sttgamma_flexsigmaC_OPT,Data,sigmao_mat,44,5,-999
0100-dwfn-exeoFSTTGF-cf0.2-nb-qnewK-s1-o52b-o54b_0-bspm_estqsimple_softdep_fullmvprior_x0_sttgamma_flexsigmaC_OPT,Data,sigmao_mat,45,5,-999
0100-dwfn-exeoFSTTGF-cf0.2-nb-qnewK-s1-o52b-o54b_0-bspm_estqsimple_softdep_fullmvprior_x0_sttgamma_flexsigmaC_OPT,Data,sigmao_mat,46,5,-999
0100-dwfn-exeoFSTTGF-cf0.2-nb-qnewK-s1-o52b-o54b_0-bspm_estqsimple_softdep_fullmvprior_x0_sttgamma_flexsigmaC_OPT,Data,sigmao_mat,47,5,-999
0100-dwfn-exeoFSTTGF-cf0.2-nb-qnewK-s1-o52b-o54b_0-bspm_estqsimple_softdep_fullmvprior_x0_sttgamma_flexsigmaC_OPT,Data,sigmao_mat,48,5,-999
0100-dwfn-exeoFSTTGF-cf0.2-nb-qnewK-s1-o52b-o54b_0-bspm_estqsimple_softdep_fullmvprior_x0_sttgamma_flexsigmaC_OPT,Data,sigmao_mat,49,5,-999
0100-dwfn-exeoFSTTGF-cf0.2-nb-qnewK-s1-o52b-o54b_0-bspm_estqsimple_softdep_fullmvprior_x0_sttgamma_flexsigmaC_OPT,Data,sigmao_mat,50,5,1.55111277016795
0100-dwfn-exeoFSTTGF-cf0.2-nb-qnewK-s1-o52b-o54b_0-bspm_estqsimple_softdep_fullmvprior_x0_sttgamma_flexsigmaC_OPT,Data,sigmao_mat,51,5,1.02163245853004
0100-dwfn-exeoFSTTGF-cf0.2-nb-qnewK-s1-o52b-o54b_0-bspm_estqsimple_softdep_fullmvprior_x0_sttgamma_flexsigmaC_OPT,Data,sigmao_mat,52,5,0.957247190438583
0100-dwfn-exeoFSTTGF-cf0.2-nb-qnewK-s1-o52b-o54b_0-bspm_estqsimple_softdep_fullmvprior_x0_sttgamma_flexsigmaC_OPT,Data,sigmao_mat,53,5,0.708634935066833
0100-dwfn-exeoFSTTGF-cf0.2-nb-qnewK-s1-o52b-o54b_0-bspm_estqsimple_softdep_fullmvprior_x0_sttgamma_flexsigmaC_OPT,Data,sigmao_mat,54,5,0.875675626016368
0100-dwfn-exeoFSTTGF-cf0.2-nb-qnewK-s1-o52b-o54b_0-bspm_estqsimple_softdep_fullmvprior_x0_sttgamma_flexsigmaC_OPT,Data,sigmao_mat,55,5,0.994618317605003
0100-dwfn-exeoFSTTGF-cf0.2-nb-qnewK-s1-o52b-o54b_0-bspm_estqsimple_softdep_fullmvprior_x0_sttgamma_flexsigmaC_OPT,Data,sigmao_mat,56,5,0.989374313509402
0100-dwfn-exeoFSTTGF-cf0.2-nb-qnewK-s1-o52b-o54b_0-bspm_estqsimple_softdep_fullmvprior_x0_sttgamma_flexsigmaC_OPT,Data,sigmao_mat,57,5,0.888151511084914
0100-dwfn-exeoFSTTGF-cf0.2-nb-qnewK-s1-o52b-o54b_0-bspm_estqsimple_softdep_fullmvprior_x0_sttgamma_flexsigmaC_OPT,Data,sigmao_mat,58,5,0.833850735941425
0100-dwfn-exeoFSTTGF-cf0.2-nb-qnewK-s1-o52b-o54b_0-bspm_estqsimple_softdep_fullmvprior_x0_sttgamma_flexsigmaC_OPT,Data,sigmao_mat,59,5,0.97766164013078
0100-dwfn-exeoFSTTGF-cf0.2-nb-qnewK-s1-o52b-o54b_0-bspm_estqsimple_softdep_fullmvprior_x0_sttgamma_flexsigmaC_OPT,Data,sigmao_mat,60,5,1.15456721120625
0100-dwfn-exeoFSTTGF-cf0.2-nb-qnewK-s1-o52b-o54b_0-bspm_estqsimple_softdep_fullmvprior_x0_sttgamma_flexsigmaC_OPT,Data,sigmao_mat,61,5,1.65665044669602
0100-dwfn-exeoFSTTGF-cf0.2-nb-qnewK-s1-o52b-o54b_0-bspm_estqsimple_softdep_fullmvprior_x0_sttgamma_flexsigmaC_OPT,Data,sigmao_mat,62,5,1.25262075342028
0100-dwfn-exeoFSTTGF-cf0.2-nb-qnewK-s1-o52b-o54b_0-bspm_estqsimple_softdep_fullmvprior_x0_sttgamma_flexsigmaC_OPT,Data,sigmao_mat,63,5,1.50083678912081
0100-dwfn-exeoFSTTGF-cf0.2-nb-qnewK-s1-o52b-o54b_0-bspm_estqsimple_softdep_fullmvprior_x0_sttgamma_flexsigmaC_OPT,Data,sigmao_mat,64,5,0.685041850725873
0100-dwfn-exeoFSTTGF-cf0.2-nb-qnewK-s1-o52b-o54b_0-bspm_estqsimple_softdep_fullmvprior_x0_sttgamma_flexsigmaC_OPT,Data,sigmao_mat,65,5,0.741297456406266
0100-dwfn-exeoFSTTGF-cf0.2-nb-qnewK-s1-o52b-o54b_0-bspm_estqsimple_softdep_fullmvprior_x0_sttgamma_flexsigmaC_OPT,Data,sigmao_mat,66,5,0.6031398236712
0100-dwfn-exeoFSTTGF-cf0.2-nb-qnewK-s1-o52b-o54b_0-bspm_estqsimple_softdep_fullmvprior_x0_sttgamma_flexsigmaC_OPT,Data,sigmao_mat,67,5,0.57981265384942
0100-dwfn-exeoFSTTGF-cf0.2-nb-qnewK-s1-o52b-o54b_0-bspm_estqsimple_softdep_fullmvprior_x0_sttgamma_flexsigmaC_OPT,Data,sigmao_mat,68,5,0.933415109304866
0100-dwfn-exeoFSTTGF-cf0.2-nb-qnewK-s1-o52b-o54b_0-bspm_estqsimple_softdep_fullmvprior_x0_sttgamma_flexsigmaC_OPT,Data,sigmao_mat,69,5,0.640440786153327
0100-dwfn-exeoFSTTGF-cf0.2-nb-qnewK-s1-o52b-o54b_0-bspm_estqsimple_softdep_fullmvprior_x0_sttgamma_flexsigmaC_OPT,Data,sigmao_mat,70,5,0.926078670242595
0100-dwfn-exeoFSTTGF-cf0.2-nb-qnewK-s1-o52b-o54b_0-bspm_estqsimple_softdep_fullmvprior_x0_sttgamma_flexsigmaC_OPT,Data,sigmao_mat,71,5,0.947166087736115
0100-dwfn-exeoFSTTGF-cf0.2-nb-qnewK-s1-o52b-o54b_0-bspm_estqsimple_softdep_fullmvprior_x0_sttgamma_flexsigmaC_OPT,Data,sigmao_mat,1,6,-999
0100-dwfn-exeoFSTTGF-cf0.2-nb-qnewK-s1-o52b-o54b_0-bspm_estqsimple_softdep_fullmvprior_x0_sttgamma_flexsigmaC_OPT,Data,sigmao_mat,2,6,-999
0100-dwfn-exeoFSTTGF-cf0.2-nb-qnewK-s1-o52b-o54b_0-bspm_estqsimple_softdep_fullmvprior_x0_sttgamma_flexsigmaC_OPT,Data,sigmao_mat,3,6,-999
0100-dwfn-exeoFSTTGF-cf0.2-nb-qnewK-s1-o52b-o54b_0-bspm_estqsimple_softdep_fullmvprior_x0_sttgamma_flexsigmaC_OPT,Data,sigmao_mat,4,6,-999
0100-dwfn-exeoFSTTGF-cf0.2-nb-qnewK-s1-o52b-o54b_0-bspm_estqsimple_softdep_fullmvprior_x0_sttgamma_flexsigmaC_OPT,Data,sigmao_mat,5,6,-999
0100-dwfn-exeoFSTTGF-cf0.2-nb-qnewK-s1-o52b-o54b_0-bspm_estqsimple_softdep_fullmvprior_x0_sttgamma_flexsigmaC_OPT,Data,sigmao_mat,6,6,-999
0100-dwfn-exeoFSTTGF-cf0.2-nb-qnewK-s1-o52b-o54b_0-bspm_estqsimple_softdep_fullmvprior_x0_sttgamma_flexsigmaC_OPT,Data,sigmao_mat,7,6,-999
0100-dwfn-exeoFSTTGF-cf0.2-nb-qnewK-s1-o52b-o54b_0-bspm_estqsimple_softdep_fullmvprior_x0_sttgamma_flexsigmaC_OPT,Data,sigmao_mat,8,6,-999
0100-dwfn-exeoFSTTGF-cf0.2-nb-qnewK-s1-o52b-o54b_0-bspm_estqsimple_softdep_fullmvprior_x0_sttgamma_flexsigmaC_OPT,Data,sigmao_mat,9,6,-999
0100-dwfn-exeoFSTTGF-cf0.2-nb-qnewK-s1-o52b-o54b_0-bspm_estqsimple_softdep_fullmvprior_x0_sttgamma_flexsigmaC_OPT,Data,sigmao_mat,10,6,-999
0100-dwfn-exeoFSTTGF-cf0.2-nb-qnewK-s1-o52b-o54b_0-bspm_estqsimple_softdep_fullmvprior_x0_sttgamma_flexsigmaC_OPT,Data,sigmao_mat,11,6,-999
0100-dwfn-exeoFSTTGF-cf0.2-nb-qnewK-s1-o52b-o54b_0-bspm_estqsimple_softdep_fullmvprior_x0_sttgamma_flexsigmaC_OPT,Data,sigmao_mat,12,6,-999
0100-dwfn-exeoFSTTGF-cf0.2-nb-qnewK-s1-o52b-o54b_0-bspm_estqsimple_softdep_fullmvprior_x0_sttgamma_flexsigmaC_OPT,Data,sigmao_mat,13,6,-999
0100-dwfn-exeoFSTTGF-cf0.2-nb-qnewK-s1-o52b-o54b_0-bspm_estqsimple_softdep_fullmvprior_x0_sttgamma_flexsigmaC_OPT,Data,sigmao_mat,14,6,-999
0100-dwfn-exeoFSTTGF-cf0.2-nb-qnewK-s1-o52b-o54b_0-bspm_estqsimple_softdep_fullmvprior_x0_sttgamma_flexsigmaC_OPT,Data,sigmao_mat,15,6,-999
0100-dwfn-exeoFSTTGF-cf0.2-nb-qnewK-s1-o52b-o54b_0-bspm_estqsimple_softdep_fullmvprior_x0_sttgamma_flexsigmaC_OPT,Data,sigmao_mat,16,6,-999
0100-dwfn-exeoFSTTGF-cf0.2-nb-qnewK-s1-o52b-o54b_0-bspm_estqsimple_softdep_fullmvprior_x0_sttgamma_flexsigmaC_OPT,Data,sigmao_mat,17,6,-999
0100-dwfn-exeoFSTTGF-cf0.2-nb-qnewK-s1-o52b-o54b_0-bspm_estqsimple_softdep_fullmvprior_x0_sttgamma_flexsigmaC_OPT,Data,sigmao_mat,18,6,-999
0100-dwfn-exeoFSTTGF-cf0.2-nb-qnewK-s1-o52b-o54b_0-bspm_estqsimple_softdep_fullmvprior_x0_sttgamma_flexsigmaC_OPT,Data,sigmao_mat,19,6,-999
0100-dwfn-exeoFSTTGF-cf0.2-nb-qnewK-s1-o52b-o54b_0-bspm_estqsimple_softdep_fullmvprior_x0_sttgamma_flexsigmaC_OPT,Data,sigmao_mat,20,6,-999
0100-dwfn-exeoFSTTGF-cf0.2-nb-qnewK-s1-o52b-o54b_0-bspm_estqsimple_softdep_fullmvprior_x0_sttgamma_flexsigmaC_OPT,Data,sigmao_mat,21,6,-999
0100-dwfn-exeoFSTTGF-cf0.2-nb-qnewK-s1-o52b-o54b_0-bspm_estqsimple_softdep_fullmvprior_x0_sttgamma_flexsigmaC_OPT,Data,sigmao_mat,22,6,-999
0100-dwfn-exeoFSTTGF-cf0.2-nb-qnewK-s1-o52b-o54b_0-bspm_estqsimple_softdep_fullmvprior_x0_sttgamma_flexsigmaC_OPT,Data,sigmao_mat,23,6,-999
0100-dwfn-exeoFSTTGF-cf0.2-nb-qnewK-s1-o52b-o54b_0-bspm_estqsimple_softdep_fullmvprior_x0_sttgamma_flexsigmaC_OPT,Data,sigmao_mat,24,6,-999
0100-dwfn-exeoFSTTGF-cf0.2-nb-qnewK-s1-o52b-o54b_0-bspm_estqsimple_softdep_fullmvprior_x0_sttgamma_flexsigmaC_OPT,Data,sigmao_mat,25,6,-999
0100-dwfn-exeoFSTTGF-cf0.2-nb-qnewK-s1-o52b-o54b_0-bspm_estqsimple_softdep_fullmvprior_x0_sttgamma_flexsigmaC_OPT,Data,sigmao_mat,26,6,-999
0100-dwfn-exeoFSTTGF-cf0.2-nb-qnewK-s1-o52b-o54b_0-bspm_estqsimple_softdep_fullmvprior_x0_sttgamma_flexsigmaC_OPT,Data,sigmao_mat,27,6,-999
0100-dwfn-exeoFSTTGF-cf0.2-nb-qnewK-s1-o52b-o54b_0-bspm_estqsimple_softdep_fullmvprior_x0_sttgamma_flexsigmaC_OPT,Data,sigmao_mat,28,6,-999
0100-dwfn-exeoFSTTGF-cf0.2-nb-qnewK-s1-o52b-o54b_0-bspm_estqsimple_softdep_fullmvprior_x0_sttgamma_flexsigmaC_OPT,Data,sigmao_mat,29,6,-999
0100-dwfn-exeoFSTTGF-cf0.2-nb-qnewK-s1-o52b-o54b_0-bspm_estqsimple_softdep_fullmvprior_x0_sttgamma_flexsigmaC_OPT,Data,sigmao_mat,30,6,-999
0100-dwfn-exeoFSTTGF-cf0.2-nb-qnewK-s1-o52b-o54b_0-bspm_estqsimple_softdep_fullmvprior_x0_sttgamma_flexsigmaC_OPT,Data,sigmao_mat,31,6,-999
0100-dwfn-exeoFSTTGF-cf0.2-nb-qnewK-s1-o52b-o54b_0-bspm_estqsimple_softdep_fullmvprior_x0_sttgamma_flexsigmaC_OPT,Data,sigmao_mat,32,6,-999
0100-dwfn-exeoFSTTGF-cf0.2-nb-qnewK-s1-o52b-o54b_0-bspm_estqsimple_softdep_fullmvprior_x0_sttgamma_flexsigmaC_OPT,Data,sigmao_mat,33,6,-999
0100-dwfn-exeoFSTTGF-cf0.2-nb-qnewK-s1-o52b-o54b_0-bspm_estqsimple_softdep_fullmvprior_x0_sttgamma_flexsigmaC_OPT,Data,sigmao_mat,34,6,-999
0100-dwfn-exeoFSTTGF-cf0.2-nb-qnewK-s1-o52b-o54b_0-bspm_estqsimple_softdep_fullmvprior_x0_sttgamma_flexsigmaC_OPT,Data,sigmao_mat,35,6,-999
0100-dwfn-exeoFSTTGF-cf0.2-nb-qnewK-s1-o52b-o54b_0-bspm_estqsimple_softdep_fullmvprior_x0_sttgamma_flexsigmaC_OPT,Data,sigmao_mat,36,6,-999
0100-dwfn-exeoFSTTGF-cf0.2-nb-qnewK-s1-o52b-o54b_0-bspm_estqsimple_softdep_fullmvprior_x0_sttgamma_flexsigmaC_OPT,Data,sigmao_mat,37,6,-999
0100-dwfn-exeoFSTTGF-cf0.2-nb-qnewK-s1-o52b-o54b_0-bspm_estqsimple_softdep_fullmvprior_x0_sttgamma_flexsigmaC_OPT,Data,sigmao_mat,38,6,-999
0100-dwfn-exeoFSTTGF-cf0.2-nb-qnewK-s1-o52b-o54b_0-bspm_estqsimple_softdep_fullmvprior_x0_sttgamma_flexsigmaC_OPT,Data,sigmao_mat,39,6,-999
0100-dwfn-exeoFSTTGF-cf0.2-nb-qnewK-s1-o52b-o54b_0-bspm_estqsimple_softdep_fullmvprior_x0_sttgamma_flexsigmaC_OPT,Data,sigmao_mat,40,6,-999
0100-dwfn-exeoFSTTGF-cf0.2-nb-qnewK-s1-o52b-o54b_0-bspm_estqsimple_softdep_fullmvprior_x0_sttgamma_flexsigmaC_OPT,Data,sigmao_mat,41,6,-999
0100-dwfn-exeoFSTTGF-cf0.2-nb-qnewK-s1-o52b-o54b_0-bspm_estqsimple_softdep_fullmvprior_x0_sttgamma_flexsigmaC_OPT,Data,sigmao_mat,42,6,-999
0100-dwfn-exeoFSTTGF-cf0.2-nb-qnewK-s1-o52b-o54b_0-bspm_estqsimple_softdep_fullmvprior_x0_sttgamma_flexsigmaC_OPT,Data,sigmao_mat,43,6,-999
0100-dwfn-exeoFSTTGF-cf0.2-nb-qnewK-s1-o52b-o54b_0-bspm_estqsimple_softdep_fullmvprior_x0_sttgamma_flexsigmaC_OPT,Data,sigmao_mat,44,6,-999
0100-dwfn-exeoFSTTGF-cf0.2-nb-qnewK-s1-o52b-o54b_0-bspm_estqsimple_softdep_fullmvprior_x0_sttgamma_flexsigmaC_OPT,Data,sigmao_mat,45,6,-999
0100-dwfn-exeoFSTTGF-cf0.2-nb-qnewK-s1-o52b-o54b_0-bspm_estqsimple_softdep_fullmvprior_x0_sttgamma_flexsigmaC_OPT,Data,sigmao_mat,46,6,-999
0100-dwfn-exeoFSTTGF-cf0.2-nb-qnewK-s1-o52b-o54b_0-bspm_estqsimple_softdep_fullmvprior_x0_sttgamma_flexsigmaC_OPT,Data,sigmao_mat,47,6,-999
0100-dwfn-exeoFSTTGF-cf0.2-nb-qnewK-s1-o52b-o54b_0-bspm_estqsimple_softdep_fullmvprior_x0_sttgamma_flexsigmaC_OPT,Data,sigmao_mat,48,6,-999
0100-dwfn-exeoFSTTGF-cf0.2-nb-qnewK-s1-o52b-o54b_0-bspm_estqsimple_softdep_fullmvprior_x0_sttgamma_flexsigmaC_OPT,Data,sigmao_mat,49,6,-999
0100-dwfn-exeoFSTTGF-cf0.2-nb-qnewK-s1-o52b-o54b_0-bspm_estqsimple_softdep_fullmvprior_x0_sttgamma_flexsigmaC_OPT,Data,sigmao_mat,50,6,-999
0100-dwfn-exeoFSTTGF-cf0.2-nb-qnewK-s1-o52b-o54b_0-bspm_estqsimple_softdep_fullmvprior_x0_sttgamma_flexsigmaC_OPT,Data,sigmao_mat,51,6,2.08112237830185
0100-dwfn-exeoFSTTGF-cf0.2-nb-qnewK-s1-o52b-o54b_0-bspm_estqsimple_softdep_fullmvprior_x0_sttgamma_flexsigmaC_OPT,Data,sigmao_mat,52,6,1.17191844276348
0100-dwfn-exeoFSTTGF-cf0.2-nb-qnewK-s1-o52b-o54b_0-bspm_estqsimple_softdep_fullmvprior_x0_sttgamma_flexsigmaC_OPT,Data,sigmao_mat,53,6,0.787181112552089
0100-dwfn-exeoFSTTGF-cf0.2-nb-qnewK-s1-o52b-o54b_0-bspm_estqsimple_softdep_fullmvprior_x0_sttgamma_flexsigmaC_OPT,Data,sigmao_mat,54,6,0.529246800773995
0100-dwfn-exeoFSTTGF-cf0.2-nb-qnewK-s1-o52b-o54b_0-bspm_estqsimple_softdep_fullmvprior_x0_sttgamma_flexsigmaC_OPT,Data,sigmao_mat,55,6,0.737344461499612
0100-dwfn-exeoFSTTGF-cf0.2-nb-qnewK-s1-o52b-o54b_0-bspm_estqsimple_softdep_fullmvprior_x0_sttgamma_flexsigmaC_OPT,Data,sigmao_mat,56,6,0.672857497194622
0100-dwfn-exeoFSTTGF-cf0.2-nb-qnewK-s1-o52b-o54b_0-bspm_estqsimple_softdep_fullmvprior_x0_sttgamma_flexsigmaC_OPT,Data,sigmao_mat,57,6,0.662219660161647
0100-dwfn-exeoFSTTGF-cf0.2-nb-qnewK-s1-o52b-o54b_0-bspm_estqsimple_softdep_fullmvprior_x0_sttgamma_flexsigmaC_OPT,Data,sigmao_mat,58,6,0.750671535778112
0100-dwfn-exeoFSTTGF-cf0.2-nb-qnewK-s1-o52b-o54b_0-bspm_estqsimple_softdep_fullmvprior_x0_sttgamma_flexsigmaC_OPT,Data,sigmao_mat,59,6,0.586734146254209
0100-dwfn-exeoFSTTGF-cf0.2-nb-qnewK-s1-o52b-o54b_0-bspm_estqsimple_softdep_fullmvprior_x0_sttgamma_flexsigmaC_OPT,Data,sigmao_mat,60,6,1.24197818520707
0100-dwfn-exeoFSTTGF-cf0.2-nb-qnewK-s1-o52b-o54b_0-bspm_estqsimple_softdep_fullmvprior_x0_sttgamma_flexsigmaC_OPT,Data,sigmao_mat,61,6,1.76861062056872
0100-dwfn-exeoFSTTGF-cf0.2-nb-qnewK-s1-o52b-o54b_0-bspm_estqsimple_softdep_fullmvprior_x0_sttgamma_flexsigmaC_OPT,Data,sigmao_mat,62,6,0.839655452151994
0100-dwfn-exeoFSTTGF-cf0.2-nb-qnewK-s1-o52b-o54b_0-bspm_estqsimple_softdep_fullmvprior_x0_sttgamma_flexsigmaC_OPT,Data,sigmao_mat,63,6,1.9563905534127
0100-dwfn-exeoFSTTGF-cf0.2-nb-qnewK-s1-o52b-o54b_0-bspm_estqsimple_softdep_fullmvprior_x0_sttgamma_flexsigmaC_OPT,Data,sigmao_mat,64,6,-999
0100-dwfn-exeoFSTTGF-cf0.2-nb-qnewK-s1-o52b-o54b_0-bspm_estqsimple_softdep_fullmvprior_x0_sttgamma_flexsigmaC_OPT,Data,sigmao_mat,65,6,1.00612303425449
0100-dwfn-exeoFSTTGF-cf0.2-nb-qnewK-s1-o52b-o54b_0-bspm_estqsimple_softdep_fullmvprior_x0_sttgamma_flexsigmaC_OPT,Data,sigmao_mat,66,6,0.630912465865837
0100-dwfn-exeoFSTTGF-cf0.2-nb-qnewK-s1-o52b-o54b_0-bspm_estqsimple_softdep_fullmvprior_x0_sttgamma_flexsigmaC_OPT,Data,sigmao_mat,67,6,1.90318012420934
0100-dwfn-exeoFSTTGF-cf0.2-nb-qnewK-s1-o52b-o54b_0-bspm_estqsimple_softdep_fullmvprior_x0_sttgamma_flexsigmaC_OPT,Data,sigmao_mat,68,6,0.992990052506125
0100-dwfn-exeoFSTTGF-cf0.2-nb-qnewK-s1-o52b-o54b_0-bspm_estqsimple_softdep_fullmvprior_x0_sttgamma_flexsigmaC_OPT,Data,sigmao_mat,69,6,0.561339487779487
0100-dwfn-exeoFSTTGF-cf0.2-nb-qnewK-s1-o52b-o54b_0-bspm_estqsimple_softdep_fullmvprior_x0_sttgamma_flexsigmaC_OPT,Data,sigmao_mat,70,6,0.607274524394779
0100-dwfn-exeoFSTTGF-cf0.2-nb-qnewK-s1-o52b-o54b_0-bspm_estqsimple_softdep_fullmvprior_x0_sttgamma_flexsigmaC_OPT,Data,sigmao_mat,71,6,0.387981077724517
0100-dwfn-exeoFSTTGF-cf0.2-nb-qnewK-s1-o52b-o54b_0-bspm_estqsimple_softdep_fullmvprior_x0_sttgamma_flexsigmaC_OPT,Data,lambdas,1,,1
0100-dwfn-exeoFSTTGF-cf0.2-nb-qnewK-s1-o52b-o54b_0-bspm_estqsimple_softdep_fullmvprior_x0_sttgamma_flexsigmaC_OPT,Data,lambdas,2,,0
0100-dwfn-exeoFSTTGF-cf0.2-nb-qnewK-s1-o52b-o54b_0-bspm_estqsimple_softdep_fullmvprior_x0_sttgamma_flexsigmaC_OPT,Data,lambdas,3,,0
0100-dwfn-exeoFSTTGF-cf0.2-nb-qnewK-s1-o52b-o54b_0-bspm_estqsimple_softdep_fullmvprior_x0_sttgamma_flexsigmaC_OPT,Data,lambdas,4,,0
0100-dwfn-exeoFSTTGF-cf0.2-nb-qnewK-s1-o52b-o54b_0-bspm_estqsimple_softdep_fullmvprior_x0_sttgamma_flexsigmaC_OPT,Data,lambdas,5,,0
0100-dwfn-exeoFSTTGF-cf0.2-nb-qnewK-s1-o52b-o54b_0-bspm_estqsimple_softdep_fullmvprior_x0_sttgamma_flexsigmaC_OPT,Data,lambdas,6,,0
0100-dwfn-exeoFSTTGF-cf0.2-nb-qnewK-s1-o52b-o54b_0-bspm_estqsimple_softdep_fullmvprior_x0_sttgamma_flexsigmaC_OPT,Data,t_dep,,,37
0100-dwfn-exeoFSTTGF-cf0.2-nb-qnewK-s1-o52b-o54b_0-bspm_estqsimple_softdep_fullmvprior_x0_sttgamma_flexsigmaC_OPT,Data,use_depletion_prior,,,0
0100-dwfn-exeoFSTTGF-cf0.2-nb-qnewK-s1-o52b-o54b_0-bspm_estqsimple_softdep_fullmvprior_x0_sttgamma_flexsigmaC_OPT,Data,fit_to_data,,,1
0100-dwfn-exeoFSTTGF-cf0.2-nb-qnewK-s1-o52b-o54b_0-bspm_estqsimple_softdep_fullmvprior_x0_sttgamma_flexsigmaC_OPT,Data,epsilon,,,1e-10
0100-dwfn-exeoFSTTGF-cf0.2-nb-qnewK-s1-o52b-o54b_0-bspm_estqsimple_softdep_fullmvprior_x0_sttgamma_flexsigmaC_OPT,Data,effort,1,,0.02566222
0100-dwfn-exeoFSTTGF-cf0.2-nb-qnewK-s1-o52b-o54b_0-bspm_estqsimple_softdep_fullmvprior_x0_sttgamma_flexsigmaC_OPT,Data,effort,2,,0.04323857
0100-dwfn-exeoFSTTGF-cf0.2-nb-qnewK-s1-o52b-o54b_0-bspm_estqsimple_softdep_fullmvprior_x0_sttgamma_flexsigmaC_OPT,Data,effort,3,,0.18844764
0100-dwfn-exeoFSTTGF-cf0.2-nb-qnewK-s1-o52b-o54b_0-bspm_estqsimple_softdep_fullmvprior_x0_sttgamma_flexsigmaC_OPT,Data,effort,4,,0.08481222
0100-dwfn-exeoFSTTGF-cf0.2-nb-qnewK-s1-o52b-o54b_0-bspm_estqsimple_softdep_fullmvprior_x0_sttgamma_flexsigmaC_OPT,Data,effort,5,,0.11287367
0100-dwfn-exeoFSTTGF-cf0.2-nb-qnewK-s1-o52b-o54b_0-bspm_estqsimple_softdep_fullmvprior_x0_sttgamma_flexsigmaC_OPT,Data,effort,6,,0.23467825
0100-dwfn-exeoFSTTGF-cf0.2-nb-qnewK-s1-o52b-o54b_0-bspm_estqsimple_softdep_fullmvprior_x0_sttgamma_flexsigmaC_OPT,Data,effort,7,,0.25284622
0100-dwfn-exeoFSTTGF-cf0.2-nb-qnewK-s1-o52b-o54b_0-bspm_estqsimple_softdep_fullmvprior_x0_sttgamma_flexsigmaC_OPT,Data,effort,8,,0.24184469
0100-dwfn-exeoFSTTGF-cf0.2-nb-qnewK-s1-o52b-o54b_0-bspm_estqsimple_softdep_fullmvprior_x0_sttgamma_flexsigmaC_OPT,Data,effort,9,,0.28912043
0100-dwfn-exeoFSTTGF-cf0.2-nb-qnewK-s1-o52b-o54b_0-bspm_estqsimple_softdep_fullmvprior_x0_sttgamma_flexsigmaC_OPT,Data,effort,10,,0.38840379
0100-dwfn-exeoFSTTGF-cf0.2-nb-qnewK-s1-o52b-o54b_0-bspm_estqsimple_softdep_fullmvprior_x0_sttgamma_flexsigmaC_OPT,Data,effort,11,,0.46816426
0100-dwfn-exeoFSTTGF-cf0.2-nb-qnewK-s1-o52b-o54b_0-bspm_estqsimple_softdep_fullmvprior_x0_sttgamma_flexsigmaC_OPT,Data,effort,12,,0.5178205
0100-dwfn-exeoFSTTGF-cf0.2-nb-qnewK-s1-o52b-o54b_0-bspm_estqsimple_softdep_fullmvprior_x0_sttgamma_flexsigmaC_OPT,Data,effort,13,,0.32384495
0100-dwfn-exeoFSTTGF-cf0.2-nb-qnewK-s1-o52b-o54b_0-bspm_estqsimple_softdep_fullmvprior_x0_sttgamma_flexsigmaC_OPT,Data,effort,14,,0.48317333
0100-dwfn-exeoFSTTGF-cf0.2-nb-qnewK-s1-o52b-o54b_0-bspm_estqsimple_softdep_fullmvprior_x0_sttgamma_flexsigmaC_OPT,Data,effort,15,,0.94104687
0100-dwfn-exeoFSTTGF-cf0.2-nb-qnewK-s1-o52b-o54b_0-bspm_estqsimple_softdep_fullmvprior_x0_sttgamma_flexsigmaC_OPT,Data,effort,16,,0.51124366
0100-dwfn-exeoFSTTGF-cf0.2-nb-qnewK-s1-o52b-o54b_0-bspm_estqsimple_softdep_fullmvprior_x0_sttgamma_flexsigmaC_OPT,Data,effort,17,,0.63933518
0100-dwfn-exeoFSTTGF-cf0.2-nb-qnewK-s1-o52b-o54b_0-bspm_estqsimple_softdep_fullmvprior_x0_sttgamma_flexsigmaC_OPT,Data,effort,18,,0.64111061
0100-dwfn-exeoFSTTGF-cf0.2-nb-qnewK-s1-o52b-o54b_0-bspm_estqsimple_softdep_fullmvprior_x0_sttgamma_flexsigmaC_OPT,Data,effort,19,,0.74194781
0100-dwfn-exeoFSTTGF-cf0.2-nb-qnewK-s1-o52b-o54b_0-bspm_estqsimple_softdep_fullmvprior_x0_sttgamma_flexsigmaC_OPT,Data,effort,20,,1.12799704
0100-dwfn-exeoFSTTGF-cf0.2-nb-qnewK-s1-o52b-o54b_0-bspm_estqsimple_softdep_fullmvprior_x0_sttgamma_flexsigmaC_OPT,Data,effort,21,,1.34168173
0100-dwfn-exeoFSTTGF-cf0.2-nb-qnewK-s1-o52b-o54b_0-bspm_estqsimple_softdep_fullmvprior_x0_sttgamma_flexsigmaC_OPT,Data,effort,22,,1.60782017
0100-dwfn-exeoFSTTGF-cf0.2-nb-qnewK-s1-o52b-o54b_0-bspm_estqsimple_softdep_fullmvprior_x0_sttgamma_flexsigmaC_OPT,Data,effort,23,,1.84881989
0100-dwfn-exeoFSTTGF-cf0.2-nb-qnewK-s1-o52b-o54b_0-bspm_estqsimple_softdep_fullmvprior_x0_sttgamma_flexsigmaC_OPT,Data,effort,24,,0.84247851
0100-dwfn-exeoFSTTGF-cf0.2-nb-qnewK-s1-o52b-o54b_0-bspm_estqsimple_softdep_fullmvprior_x0_sttgamma_flexsigmaC_OPT,Data,effort,25,,1.03319439
0100-dwfn-exeoFSTTGF-cf0.2-nb-qnewK-s1-o52b-o54b_0-bspm_estqsimple_softdep_fullmvprior_x0_sttgamma_flexsigmaC_OPT,Data,effort,26,,1.11535963
0100-dwfn-exeoFSTTGF-cf0.2-nb-qnewK-s1-o52b-o54b_0-bspm_estqsimple_softdep_fullmvprior_x0_sttgamma_flexsigmaC_OPT,Data,effort,27,,0.78302397
0100-dwfn-exeoFSTTGF-cf0.2-nb-qnewK-s1-o52b-o54b_0-bspm_estqsimple_softdep_fullmvprior_x0_sttgamma_flexsigmaC_OPT,Data,effort,28,,1.07682979
0100-dwfn-exeoFSTTGF-cf0.2-nb-qnewK-s1-o52b-o54b_0-bspm_estqsimple_softdep_fullmvprior_x0_sttgamma_flexsigmaC_OPT,Data,effort,29,,1.67976575
0100-dwfn-exeoFSTTGF-cf0.2-nb-qnewK-s1-o52b-o54b_0-bspm_estqsimple_softdep_fullmvprior_x0_sttgamma_flexsigmaC_OPT,Data,effort,30,,1.69949843
0100-dwfn-exeoFSTTGF-cf0.2-nb-qnewK-s1-o52b-o54b_0-bspm_estqsimple_softdep_fullmvprior_x0_sttgamma_flexsigmaC_OPT,Data,effort,31,,1.36098737
0100-dwfn-exeoFSTTGF-cf0.2-nb-qnewK-s1-o52b-o54b_0-bspm_estqsimple_softdep_fullmvprior_x0_sttgamma_flexsigmaC_OPT,Data,effort,32,,1.03351497
0100-dwfn-exeoFSTTGF-cf0.2-nb-qnewK-s1-o52b-o54b_0-bspm_estqsimple_softdep_fullmvprior_x0_sttgamma_flexsigmaC_OPT,Data,effort,33,,1.04292926
0100-dwfn-exeoFSTTGF-cf0.2-nb-qnewK-s1-o52b-o54b_0-bspm_estqsimple_softdep_fullmvprior_x0_sttgamma_flexsigmaC_OPT,Data,effort,34,,1.30666628
0100-dwfn-exeoFSTTGF-cf0.2-nb-qnewK-s1-o52b-o54b_0-bspm_estqsimple_softdep_fullmvprior_x0_sttgamma_flexsigmaC_OPT,Data,effort,35,,0.9883128
0100-dwfn-exeoFSTTGF-cf0.2-nb-qnewK-s1-o52b-o54b_0-bspm_estqsimple_softdep_fullmvprior_x0_sttgamma_flexsigmaC_OPT,Data,effort,36,,0.96400606
0100-dwfn-exeoFSTTGF-cf0.2-nb-qnewK-s1-o52b-o54b_0-bspm_estqsimple_softdep_fullmvprior_x0_sttgamma_flexsigmaC_OPT,Data,effort,37,,1.77728208
0100-dwfn-exeoFSTTGF-cf0.2-nb-qnewK-s1-o52b-o54b_0-bspm_estqsimple_softdep_fullmvprior_x0_sttgamma_flexsigmaC_OPT,Data,effort,38,,1.53698159
0100-dwfn-exeoFSTTGF-cf0.2-nb-qnewK-s1-o52b-o54b_0-bspm_estqsimple_softdep_fullmvprior_x0_sttgamma_flexsigmaC_OPT,Data,effort,39,,1.4906224
0100-dwfn-exeoFSTTGF-cf0.2-nb-qnewK-s1-o52b-o54b_0-bspm_estqsimple_softdep_fullmvprior_x0_sttgamma_flexsigmaC_OPT,Data,effort,40,,1.46506219
0100-dwfn-exeoFSTTGF-cf0.2-nb-qnewK-s1-o52b-o54b_0-bspm_estqsimple_softdep_fullmvprior_x0_sttgamma_flexsigmaC_OPT,Data,effort,41,,1.58689198
0100-dwfn-exeoFSTTGF-cf0.2-nb-qnewK-s1-o52b-o54b_0-bspm_estqsimple_softdep_fullmvprior_x0_sttgamma_flexsigmaC_OPT,Data,effort,42,,1.34676807
0100-dwfn-exeoFSTTGF-cf0.2-nb-qnewK-s1-o52b-o54b_0-bspm_estqsimple_softdep_fullmvprior_x0_sttgamma_flexsigmaC_OPT,Data,effort,43,,1.61468532
0100-dwfn-exeoFSTTGF-cf0.2-nb-qnewK-s1-o52b-o54b_0-bspm_estqsimple_softdep_fullmvprior_x0_sttgamma_flexsigmaC_OPT,Data,effort,44,,1.52241485
0100-dwfn-exeoFSTTGF-cf0.2-nb-qnewK-s1-o52b-o54b_0-bspm_estqsimple_softdep_fullmvprior_x0_sttgamma_flexsigmaC_OPT,Data,effort,45,,1.13363119
0100-dwfn-exeoFSTTGF-cf0.2-nb-qnewK-s1-o52b-o54b_0-bspm_estqsimple_softdep_fullmvprior_x0_sttgamma_flexsigmaC_OPT,Data,effort,46,,1.26762023
0100-dwfn-exeoFSTTGF-cf0.2-nb-qnewK-s1-o52b-o54b_0-bspm_estqsimple_softdep_fullmvprior_x0_sttgamma_flexsigmaC_OPT,Data,effort,47,,1.81360613
0100-dwfn-exeoFSTTGF-cf0.2-nb-qnewK-s1-o52b-o54b_0-bspm_estqsimple_softdep_fullmvprior_x0_sttgamma_flexsigmaC_OPT,Data,effort,48,,1.94876948
0100-dwfn-exeoFSTTGF-cf0.2-nb-qnewK-s1-o52b-o54b_0-bspm_estqsimple_softdep_fullmvprior_x0_sttgamma_flexsigmaC_OPT,Data,effort,49,,2.1667166
0100-dwfn-exeoFSTTGF-cf0.2-nb-qnewK-s1-o52b-o54b_0-bspm_estqsimple_softdep_fullmvprior_x0_sttgamma_flexsigmaC_OPT,Data,effort,50,,2.58448524
0100-dwfn-exeoFSTTGF-cf0.2-nb-qnewK-s1-o52b-o54b_0-bspm_estqsimple_softdep_fullmvprior_x0_sttgamma_flexsigmaC_OPT,Data,effort,51,,3.13383086
0100-dwfn-exeoFSTTGF-cf0.2-nb-qnewK-s1-o52b-o54b_0-bspm_estqsimple_softdep_fullmvprior_x0_sttgamma_flexsigmaC_OPT,Data,effort,52,,3.53162071
0100-dwfn-exeoFSTTGF-cf0.2-nb-qnewK-s1-o52b-o54b_0-bspm_estqsimple_softdep_fullmvprior_x0_sttgamma_flexsigmaC_OPT,Data,effort,53,,3.38316665
0100-dwfn-exeoFSTTGF-cf0.2-nb-qnewK-s1-o52b-o54b_0-bspm_estqsimple_softdep_fullmvprior_x0_sttgamma_flexsigmaC_OPT,Data,effort,54,,3.05021108
0100-dwfn-exeoFSTTGF-cf0.2-nb-qnewK-s1-o52b-o54b_0-bspm_estqsimple_softdep_fullmvprior_x0_sttgamma_flexsigmaC_OPT,Data,effort,55,,2.84948297
0100-dwfn-exeoFSTTGF-cf0.2-nb-qnewK-s1-o52b-o54b_0-bspm_estqsimple_softdep_fullmvprior_x0_sttgamma_flexsigmaC_OPT,Data,effort,56,,2.82626171
0100-dwfn-exeoFSTTGF-cf0.2-nb-qnewK-s1-o52b-o54b_0-bspm_estqsimple_softdep_fullmvprior_x0_sttgamma_flexsigmaC_OPT,Data,effort,57,,2.90304884
0100-dwfn-exeoFSTTGF-cf0.2-nb-qnewK-s1-o52b-o54b_0-bspm_estqsimple_softdep_fullmvprior_x0_sttgamma_flexsigmaC_OPT,Data,effort,58,,3.33414792
0100-dwfn-exeoFSTTGF-cf0.2-nb-qnewK-s1-o52b-o54b_0-bspm_estqsimple_softdep_fullmvprior_x0_sttgamma_flexsigmaC_OPT,Data,effort,59,,4.24776638
0100-dwfn-exeoFSTTGF-cf0.2-nb-qnewK-s1-o52b-o54b_0-bspm_estqsimple_softdep_fullmvprior_x0_sttgamma_flexsigmaC_OPT,Data,effort,60,,4.12450641
0100-dwfn-exeoFSTTGF-cf0.2-nb-qnewK-s1-o52b-o54b_0-bspm_estqsimple_softdep_fullmvprior_x0_sttgamma_flexsigmaC_OPT,Data,effort,61,,4.49393857
0100-dwfn-exeoFSTTGF-cf0.2-nb-qnewK-s1-o52b-o54b_0-bspm_estqsimple_softdep_fullmvprior_x0_sttgamma_flexsigmaC_OPT,Data,effort,62,,3.96534559
0100-dwfn-exeoFSTTGF-cf0.2-nb-qnewK-s1-o52b-o54b_0-bspm_estqsimple_softdep_fullmvprior_x0_sttgamma_flexsigmaC_OPT,Data,effort,63,,4.0686071
0100-dwfn-exeoFSTTGF-cf0.2-nb-qnewK-s1-o52b-o54b_0-bspm_estqsimple_softdep_fullmvprior_x0_sttgamma_flexsigmaC_OPT,Data,effort,64,,4.1141394
0100-dwfn-exeoFSTTGF-cf0.2-nb-qnewK-s1-o52b-o54b_0-bspm_estqsimple_softdep_fullmvprior_x0_sttgamma_flexsigmaC_OPT,Data,effort,65,,3.32803775
0100-dwfn-exeoFSTTGF-cf0.2-nb-qnewK-s1-o52b-o54b_0-bspm_estqsimple_softdep_fullmvprior_x0_sttgamma_flexsigmaC_OPT,Data,effort,66,,3.46609944
0100-dwfn-exeoFSTTGF-cf0.2-nb-qnewK-s1-o52b-o54b_0-bspm_estqsimple_softdep_fullmvprior_x0_sttgamma_flexsigmaC_OPT,Data,effort,67,,3.59055084
0100-dwfn-exeoFSTTGF-cf0.2-nb-qnewK-s1-o52b-o54b_0-bspm_estqsimple_softdep_fullmvprior_x0_sttgamma_flexsigmaC_OPT,Data,effort,68,,4.05913395
0100-dwfn-exeoFSTTGF-cf0.2-nb-qnewK-s1-o52b-o54b_0-bspm_estqsimple_softdep_fullmvprior_x0_sttgamma_flexsigmaC_OPT,Data,effort,69,,3.73587208
0100-dwfn-exeoFSTTGF-cf0.2-nb-qnewK-s1-o52b-o54b_0-bspm_estqsimple_softdep_fullmvprior_x0_sttgamma_flexsigmaC_OPT,Data,effort,70,,3.18559941
0100-dwfn-exeoFSTTGF-cf0.2-nb-qnewK-s1-o52b-o54b_0-bspm_estqsimple_softdep_fullmvprior_x0_sttgamma_flexsigmaC_OPT,Data,effort,71,,3.28591569
0100-dwfn-exeoFSTTGF-cf0.2-nb-qnewK-s1-o52b-o54b_0-bspm_estqsimple_softdep_fullmvprior_x0_sttgamma_flexsigmaC_OPT,Data,n_step,,,1
0100-dwfn-exeoFSTTGF-cf0.2-nb-qnewK-s1-o52b-o54b_0-bspm_estqsimple_softdep_fullmvprior_x0_sttgamma_flexsigmaC_OPT,Data,n_periods,,,70
0100-dwfn-exeoFSTTGF-cf0.2-nb-qnewK-s1-o52b-o54b_0-bspm_estqsimple_softdep_fullmvprior_x0_sttgamma_flexsigmaC_OPT,Data,sigmao_input,,,0.166700295454545
0100-dwfn-exeoFSTTGF-cf0.2-nb-qnewK-s1-o52b-o54b_0-bspm_estqsimple_softdep_fullmvprior_x0_sttgamma_flexsigmaC_OPT,Data,obs_removals,1,,640
0100-dwfn-exeoFSTTGF-cf0.2-nb-qnewK-s1-o52b-o54b_0-bspm_estqsimple_softdep_fullmvprior_x0_sttgamma_flexsigmaC_OPT,Data,obs_removals,2,,13703
0100-dwfn-exeoFSTTGF-cf0.2-nb-qnewK-s1-o52b-o54b_0-bspm_estqsimple_softdep_fullmvprior_x0_sttgamma_flexsigmaC_OPT,Data,obs_removals,3,,79580
0100-dwfn-exeoFSTTGF-cf0.2-nb-qnewK-s1-o52b-o54b_0-bspm_estqsimple_softdep_fullmvprior_x0_sttgamma_flexsigmaC_OPT,Data,obs_removals,4,,33403
0100-dwfn-exeoFSTTGF-cf0.2-nb-qnewK-s1-o52b-o54b_0-bspm_estqsimple_softdep_fullmvprior_x0_sttgamma_flexsigmaC_OPT,Data,obs_removals,5,,26390
0100-dwfn-exeoFSTTGF-cf0.2-nb-qnewK-s1-o52b-o54b_0-bspm_estqsimple_softdep_fullmvprior_x0_sttgamma_flexsigmaC_OPT,Data,obs_removals,6,,22927
0100-dwfn-exeoFSTTGF-cf0.2-nb-qnewK-s1-o52b-o54b_0-bspm_estqsimple_softdep_fullmvprior_x0_sttgamma_flexsigmaC_OPT,Data,obs_removals,7,,38187
0100-dwfn-exeoFSTTGF-cf0.2-nb-qnewK-s1-o52b-o54b_0-bspm_estqsimple_softdep_fullmvprior_x0_sttgamma_flexsigmaC_OPT,Data,obs_removals,8,,28551
0100-dwfn-exeoFSTTGF-cf0.2-nb-qnewK-s1-o52b-o54b_0-bspm_estqsimple_softdep_fullmvprior_x0_sttgamma_flexsigmaC_OPT,Data,obs_removals,9,,29858
0100-dwfn-exeoFSTTGF-cf0.2-nb-qnewK-s1-o52b-o54b_0-bspm_estqsimple_softdep_fullmvprior_x0_sttgamma_flexsigmaC_OPT,Data,obs_removals,10,,46954
0100-dwfn-exeoFSTTGF-cf0.2-nb-qnewK-s1-o52b-o54b_0-bspm_estqsimple_softdep_fullmvprior_x0_sttgamma_flexsigmaC_OPT,Data,obs_removals,11,,37198
0100-dwfn-exeoFSTTGF-cf0.2-nb-qnewK-s1-o52b-o54b_0-bspm_estqsimple_softdep_fullmvprior_x0_sttgamma_flexsigmaC_OPT,Data,obs_removals,12,,38292
0100-dwfn-exeoFSTTGF-cf0.2-nb-qnewK-s1-o52b-o54b_0-bspm_estqsimple_softdep_fullmvprior_x0_sttgamma_flexsigmaC_OPT,Data,obs_removals,13,,19117
0100-dwfn-exeoFSTTGF-cf0.2-nb-qnewK-s1-o52b-o54b_0-bspm_estqsimple_softdep_fullmvprior_x0_sttgamma_flexsigmaC_OPT,Data,obs_removals,14,,25721
0100-dwfn-exeoFSTTGF-cf0.2-nb-qnewK-s1-o52b-o54b_0-bspm_estqsimple_softdep_fullmvprior_x0_sttgamma_flexsigmaC_OPT,Data,obs_removals,15,,28486
0100-dwfn-exeoFSTTGF-cf0.2-nb-qnewK-s1-o52b-o54b_0-bspm_estqsimple_softdep_fullmvprior_x0_sttgamma_flexsigmaC_OPT,Data,obs_removals,16,,18147
0100-dwfn-exeoFSTTGF-cf0.2-nb-qnewK-s1-o52b-o54b_0-bspm_estqsimple_softdep_fullmvprior_x0_sttgamma_flexsigmaC_OPT,Data,obs_removals,17,,14657
0100-dwfn-exeoFSTTGF-cf0.2-nb-qnewK-s1-o52b-o54b_0-bspm_estqsimple_softdep_fullmvprior_x0_sttgamma_flexsigmaC_OPT,Data,obs_removals,18,,14527
0100-dwfn-exeoFSTTGF-cf0.2-nb-qnewK-s1-o52b-o54b_0-bspm_estqsimple_softdep_fullmvprior_x0_sttgamma_flexsigmaC_OPT,Data,obs_removals,19,,34797
0100-dwfn-exeoFSTTGF-cf0.2-nb-qnewK-s1-o52b-o54b_0-bspm_estqsimple_softdep_fullmvprior_x0_sttgamma_flexsigmaC_OPT,Data,obs_removals,20,,37675
0100-dwfn-exeoFSTTGF-cf0.2-nb-qnewK-s1-o52b-o54b_0-bspm_estqsimple_softdep_fullmvprior_x0_sttgamma_flexsigmaC_OPT,Data,obs_removals,21,,29671
0100-dwfn-exeoFSTTGF-cf0.2-nb-qnewK-s1-o52b-o54b_0-bspm_estqsimple_softdep_fullmvprior_x0_sttgamma_flexsigmaC_OPT,Data,obs_removals,22,,27181
0100-dwfn-exeoFSTTGF-cf0.2-nb-qnewK-s1-o52b-o54b_0-bspm_estqsimple_softdep_fullmvprior_x0_sttgamma_flexsigmaC_OPT,Data,obs_removals,23,,24777
0100-dwfn-exeoFSTTGF-cf0.2-nb-qnewK-s1-o52b-o54b_0-bspm_estqsimple_softdep_fullmvprior_x0_sttgamma_flexsigmaC_OPT,Data,obs_removals,24,,22708
0100-dwfn-exeoFSTTGF-cf0.2-nb-qnewK-s1-o52b-o54b_0-bspm_estqsimple_softdep_fullmvprior_x0_sttgamma_flexsigmaC_OPT,Data,obs_removals,25,,21682
0100-dwfn-exeoFSTTGF-cf0.2-nb-qnewK-s1-o52b-o54b_0-bspm_estqsimple_softdep_fullmvprior_x0_sttgamma_flexsigmaC_OPT,Data,obs_removals,26,,13039
0100-dwfn-exeoFSTTGF-cf0.2-nb-qnewK-s1-o52b-o54b_0-bspm_estqsimple_softdep_fullmvprior_x0_sttgamma_flexsigmaC_OPT,Data,obs_removals,27,,31281
0100-dwfn-exeoFSTTGF-cf0.2-nb-qnewK-s1-o52b-o54b_0-bspm_estqsimple_softdep_fullmvprior_x0_sttgamma_flexsigmaC_OPT,Data,obs_removals,28,,26084
0100-dwfn-exeoFSTTGF-cf0.2-nb-qnewK-s1-o52b-o54b_0-bspm_estqsimple_softdep_fullmvprior_x0_sttgamma_flexsigmaC_OPT,Data,obs_removals,29,,18582
0100-dwfn-exeoFSTTGF-cf0.2-nb-qnewK-s1-o52b-o54b_0-bspm_estqsimple_softdep_fullmvprior_x0_sttgamma_flexsigmaC_OPT,Data,obs_removals,30,,38406
0100-dwfn-exeoFSTTGF-cf0.2-nb-qnewK-s1-o52b-o54b_0-bspm_estqsimple_softdep_fullmvprior_x0_sttgamma_flexsigmaC_OPT,Data,obs_removals,31,,35594
0100-dwfn-exeoFSTTGF-cf0.2-nb-qnewK-s1-o52b-o54b_0-bspm_estqsimple_softdep_fullmvprior_x0_sttgamma_flexsigmaC_OPT,Data,obs_removals,32,,20765
0100-dwfn-exeoFSTTGF-cf0.2-nb-qnewK-s1-o52b-o54b_0-bspm_estqsimple_softdep_fullmvprior_x0_sttgamma_flexsigmaC_OPT,Data,obs_removals,33,,23809
0100-dwfn-exeoFSTTGF-cf0.2-nb-qnewK-s1-o52b-o54b_0-bspm_estqsimple_softdep_fullmvprior_x0_sttgamma_flexsigmaC_OPT,Data,obs_removals,34,,23319
0100-dwfn-exeoFSTTGF-cf0.2-nb-qnewK-s1-o52b-o54b_0-bspm_estqsimple_softdep_fullmvprior_x0_sttgamma_flexsigmaC_OPT,Data,obs_removals,35,,20332
0100-dwfn-exeoFSTTGF-cf0.2-nb-qnewK-s1-o52b-o54b_0-bspm_estqsimple_softdep_fullmvprior_x0_sttgamma_flexsigmaC_OPT,Data,obs_removals,36,,19807
0100-dwfn-exeoFSTTGF-cf0.2-nb-qnewK-s1-o52b-o54b_0-bspm_estqsimple_softdep_fullmvprior_x0_sttgamma_flexsigmaC_OPT,Data,obs_removals,37,,28005
0100-dwfn-exeoFSTTGF-cf0.2-nb-qnewK-s1-o52b-o54b_0-bspm_estqsimple_softdep_fullmvprior_x0_sttgamma_flexsigmaC_OPT,Data,obs_removals,38,,35674
0100-dwfn-exeoFSTTGF-cf0.2-nb-qnewK-s1-o52b-o54b_0-bspm_estqsimple_softdep_fullmvprior_x0_sttgamma_flexsigmaC_OPT,Data,obs_removals,39,,23667
0100-dwfn-exeoFSTTGF-cf0.2-nb-qnewK-s1-o52b-o54b_0-bspm_estqsimple_softdep_fullmvprior_x0_sttgamma_flexsigmaC_OPT,Data,obs_removals,40,,19585
0100-dwfn-exeoFSTTGF-cf0.2-nb-qnewK-s1-o52b-o54b_0-bspm_estqsimple_softdep_fullmvprior_x0_sttgamma_flexsigmaC_OPT,Data,obs_removals,41,,19435
0100-dwfn-exeoFSTTGF-cf0.2-nb-qnewK-s1-o52b-o54b_0-bspm_estqsimple_softdep_fullmvprior_x0_sttgamma_flexsigmaC_OPT,Data,obs_removals,42,,23991
0100-dwfn-exeoFSTTGF-cf0.2-nb-qnewK-s1-o52b-o54b_0-bspm_estqsimple_softdep_fullmvprior_x0_sttgamma_flexsigmaC_OPT,Data,obs_removals,43,,38190
0100-dwfn-exeoFSTTGF-cf0.2-nb-qnewK-s1-o52b-o54b_0-bspm_estqsimple_softdep_fullmvprior_x0_sttgamma_flexsigmaC_OPT,Data,obs_removals,44,,28469
0100-dwfn-exeoFSTTGF-cf0.2-nb-qnewK-s1-o52b-o54b_0-bspm_estqsimple_softdep_fullmvprior_x0_sttgamma_flexsigmaC_OPT,Data,obs_removals,45,,26466
0100-dwfn-exeoFSTTGF-cf0.2-nb-qnewK-s1-o52b-o54b_0-bspm_estqsimple_softdep_fullmvprior_x0_sttgamma_flexsigmaC_OPT,Data,obs_removals,46,,29603
0100-dwfn-exeoFSTTGF-cf0.2-nb-qnewK-s1-o52b-o54b_0-bspm_estqsimple_softdep_fullmvprior_x0_sttgamma_flexsigmaC_OPT,Data,obs_removals,47,,43878
0100-dwfn-exeoFSTTGF-cf0.2-nb-qnewK-s1-o52b-o54b_0-bspm_estqsimple_softdep_fullmvprior_x0_sttgamma_flexsigmaC_OPT,Data,obs_removals,48,,41922
0100-dwfn-exeoFSTTGF-cf0.2-nb-qnewK-s1-o52b-o54b_0-bspm_estqsimple_softdep_fullmvprior_x0_sttgamma_flexsigmaC_OPT,Data,obs_removals,49,,34547
0100-dwfn-exeoFSTTGF-cf0.2-nb-qnewK-s1-o52b-o54b_0-bspm_estqsimple_softdep_fullmvprior_x0_sttgamma_flexsigmaC_OPT,Data,obs_removals,50,,30412
0100-dwfn-exeoFSTTGF-cf0.2-nb-qnewK-s1-o52b-o54b_0-bspm_estqsimple_softdep_fullmvprior_x0_sttgamma_flexsigmaC_OPT,Data,obs_removals,51,,33233
0100-dwfn-exeoFSTTGF-cf0.2-nb-qnewK-s1-o52b-o54b_0-bspm_estqsimple_softdep_fullmvprior_x0_sttgamma_flexsigmaC_OPT,Data,obs_removals,52,,42132
0100-dwfn-exeoFSTTGF-cf0.2-nb-qnewK-s1-o52b-o54b_0-bspm_estqsimple_softdep_fullmvprior_x0_sttgamma_flexsigmaC_OPT,Data,obs_removals,53,,36168
0100-dwfn-exeoFSTTGF-cf0.2-nb-qnewK-s1-o52b-o54b_0-bspm_estqsimple_softdep_fullmvprior_x0_sttgamma_flexsigmaC_OPT,Data,obs_removals,54,,27178
0100-dwfn-exeoFSTTGF-cf0.2-nb-qnewK-s1-o52b-o54b_0-bspm_estqsimple_softdep_fullmvprior_x0_sttgamma_flexsigmaC_OPT,Data,obs_removals,55,,23701
0100-dwfn-exeoFSTTGF-cf0.2-nb-qnewK-s1-o52b-o54b_0-bspm_estqsimple_softdep_fullmvprior_x0_sttgamma_flexsigmaC_OPT,Data,obs_removals,56,,22000
0100-dwfn-exeoFSTTGF-cf0.2-nb-qnewK-s1-o52b-o54b_0-bspm_estqsimple_softdep_fullmvprior_x0_sttgamma_flexsigmaC_OPT,Data,obs_removals,57,,26453
0100-dwfn-exeoFSTTGF-cf0.2-nb-qnewK-s1-o52b-o54b_0-bspm_estqsimple_softdep_fullmvprior_x0_sttgamma_flexsigmaC_OPT,Data,obs_removals,58,,25556
0100-dwfn-exeoFSTTGF-cf0.2-nb-qnewK-s1-o52b-o54b_0-bspm_estqsimple_softdep_fullmvprior_x0_sttgamma_flexsigmaC_OPT,Data,obs_removals,59,,24713
0100-dwfn-exeoFSTTGF-cf0.2-nb-qnewK-s1-o52b-o54b_0-bspm_estqsimple_softdep_fullmvprior_x0_sttgamma_flexsigmaC_OPT,Data,obs_removals,60,,27498
0100-dwfn-exeoFSTTGF-cf0.2-nb-qnewK-s1-o52b-o54b_0-bspm_estqsimple_softdep_fullmvprior_x0_sttgamma_flexsigmaC_OPT,Data,obs_removals,61,,26997
0100-dwfn-exeoFSTTGF-cf0.2-nb-qnewK-s1-o52b-o54b_0-bspm_estqsimple_softdep_fullmvprior_x0_sttgamma_flexsigmaC_OPT,Data,obs_removals,62,,18897
0100-dwfn-exeoFSTTGF-cf0.2-nb-qnewK-s1-o52b-o54b_0-bspm_estqsimple_softdep_fullmvprior_x0_sttgamma_flexsigmaC_OPT,Data,obs_removals,63,,28068
0100-dwfn-exeoFSTTGF-cf0.2-nb-qnewK-s1-o52b-o54b_0-bspm_estqsimple_softdep_fullmvprior_x0_sttgamma_flexsigmaC_OPT,Data,obs_removals,64,,24031
0100-dwfn-exeoFSTTGF-cf0.2-nb-qnewK-s1-o52b-o54b_0-bspm_estqsimple_softdep_fullmvprior_x0_sttgamma_flexsigmaC_OPT,Data,obs_removals,65,,17785
0100-dwfn-exeoFSTTGF-cf0.2-nb-qnewK-s1-o52b-o54b_0-bspm_estqsimple_softdep_fullmvprior_x0_sttgamma_flexsigmaC_OPT,Data,obs_removals,66,,17548
0100-dwfn-exeoFSTTGF-cf0.2-nb-qnewK-s1-o52b-o54b_0-bspm_estqsimple_softdep_fullmvprior_x0_sttgamma_flexsigmaC_OPT,Data,obs_removals,67,,21487
0100-dwfn-exeoFSTTGF-cf0.2-nb-qnewK-s1-o52b-o54b_0-bspm_estqsimple_softdep_fullmvprior_x0_sttgamma_flexsigmaC_OPT,Data,obs_removals,68,,19006
0100-dwfn-exeoFSTTGF-cf0.2-nb-qnewK-s1-o52b-o54b_0-bspm_estqsimple_softdep_fullmvprior_x0_sttgamma_flexsigmaC_OPT,Data,obs_removals,69,,19847
0100-dwfn-exeoFSTTGF-cf0.2-nb-qnewK-s1-o52b-o54b_0-bspm_estqsimple_softdep_fullmvprior_x0_sttgamma_flexsigmaC_OPT,Data,obs_removals,70,,21642
0100-dwfn-exeoFSTTGF-cf0.2-nb-qnewK-s1-o52b-o54b_0-bspm_estqsimple_softdep_fullmvprior_x0_sttgamma_flexsigmaC_OPT,Data,obs_removals,71,,17770
0100-dwfn-exeoFSTTGF-cf0.2-nb-qnewK-s1-o52b-o54b_0-bspm_estqsimple_softdep_fullmvprior_x0_sttgamma_flexsigmaC_OPT,Data,sigmac,1,,0.2
0100-dwfn-exeoFSTTGF-cf0.2-nb-qnewK-s1-o52b-o54b_0-bspm_estqsimple_softdep_fullmvprior_x0_sttgamma_flexsigmaC_OPT,Data,sigmac,2,,0.2
0100-dwfn-exeoFSTTGF-cf0.2-nb-qnewK-s1-o52b-o54b_0-bspm_estqsimple_softdep_fullmvprior_x0_sttgamma_flexsigmaC_OPT,Data,sigmac,3,,0.2
0100-dwfn-exeoFSTTGF-cf0.2-nb-qnewK-s1-o52b-o54b_0-bspm_estqsimple_softdep_fullmvprior_x0_sttgamma_flexsigmaC_OPT,Data,sigmac,4,,0.2
0100-dwfn-exeoFSTTGF-cf0.2-nb-qnewK-s1-o52b-o54b_0-bspm_estqsimple_softdep_fullmvprior_x0_sttgamma_flexsigmaC_OPT,Data,sigmac,5,,0.2
0100-dwfn-exeoFSTTGF-cf0.2-nb-qnewK-s1-o52b-o54b_0-bspm_estqsimple_softdep_fullmvprior_x0_sttgamma_flexsigmaC_OPT,Data,sigmac,6,,0.2
0100-dwfn-exeoFSTTGF-cf0.2-nb-qnewK-s1-o52b-o54b_0-bspm_estqsimple_softdep_fullmvprior_x0_sttgamma_flexsigmaC_OPT,Data,sigmac,7,,0.2
0100-dwfn-exeoFSTTGF-cf0.2-nb-qnewK-s1-o52b-o54b_0-bspm_estqsimple_softdep_fullmvprior_x0_sttgamma_flexsigmaC_OPT,Data,sigmac,8,,0.2
0100-dwfn-exeoFSTTGF-cf0.2-nb-qnewK-s1-o52b-o54b_0-bspm_estqsimple_softdep_fullmvprior_x0_sttgamma_flexsigmaC_OPT,Data,sigmac,9,,0.2
0100-dwfn-exeoFSTTGF-cf0.2-nb-qnewK-s1-o52b-o54b_0-bspm_estqsimple_softdep_fullmvprior_x0_sttgamma_flexsigmaC_OPT,Data,sigmac,10,,0.2
0100-dwfn-exeoFSTTGF-cf0.2-nb-qnewK-s1-o52b-o54b_0-bspm_estqsimple_softdep_fullmvprior_x0_sttgamma_flexsigmaC_OPT,Data,sigmac,11,,0.2
0100-dwfn-exeoFSTTGF-cf0.2-nb-qnewK-s1-o52b-o54b_0-bspm_estqsimple_softdep_fullmvprior_x0_sttgamma_flexsigmaC_OPT,Data,sigmac,12,,0.2
0100-dwfn-exeoFSTTGF-cf0.2-nb-qnewK-s1-o52b-o54b_0-bspm_estqsimple_softdep_fullmvprior_x0_sttgamma_flexsigmaC_OPT,Data,sigmac,13,,0.2
0100-dwfn-exeoFSTTGF-cf0.2-nb-qnewK-s1-o52b-o54b_0-bspm_estqsimple_softdep_fullmvprior_x0_sttgamma_flexsigmaC_OPT,Data,sigmac,14,,0.2
0100-dwfn-exeoFSTTGF-cf0.2-nb-qnewK-s1-o52b-o54b_0-bspm_estqsimple_softdep_fullmvprior_x0_sttgamma_flexsigmaC_OPT,Data,sigmac,15,,0.2
0100-dwfn-exeoFSTTGF-cf0.2-nb-qnewK-s1-o52b-o54b_0-bspm_estqsimple_softdep_fullmvprior_x0_sttgamma_flexsigmaC_OPT,Data,sigmac,16,,0.2
0100-dwfn-exeoFSTTGF-cf0.2-nb-qnewK-s1-o52b-o54b_0-bspm_estqsimple_softdep_fullmvprior_x0_sttgamma_flexsigmaC_OPT,Data,sigmac,17,,0.2
0100-dwfn-exeoFSTTGF-cf0.2-nb-qnewK-s1-o52b-o54b_0-bspm_estqsimple_softdep_fullmvprior_x0_sttgamma_flexsigmaC_OPT,Data,sigmac,18,,0.2
0100-dwfn-exeoFSTTGF-cf0.2-nb-qnewK-s1-o52b-o54b_0-bspm_estqsimple_softdep_fullmvprior_x0_sttgamma_flexsigmaC_OPT,Data,sigmac,19,,0.2
0100-dwfn-exeoFSTTGF-cf0.2-nb-qnewK-s1-o52b-o54b_0-bspm_estqsimple_softdep_fullmvprior_x0_sttgamma_flexsigmaC_OPT,Data,sigmac,20,,0.2
0100-dwfn-exeoFSTTGF-cf0.2-nb-qnewK-s1-o52b-o54b_0-bspm_estqsimple_softdep_fullmvprior_x0_sttgamma_flexsigmaC_OPT,Data,sigmac,21,,0.2
0100-dwfn-exeoFSTTGF-cf0.2-nb-qnewK-s1-o52b-o54b_0-bspm_estqsimple_softdep_fullmvprior_x0_sttgamma_flexsigmaC_OPT,Data,sigmac,22,,0.2
0100-dwfn-exeoFSTTGF-cf0.2-nb-qnewK-s1-o52b-o54b_0-bspm_estqsimple_softdep_fullmvprior_x0_sttgamma_flexsigmaC_OPT,Data,sigmac,23,,0.2
0100-dwfn-exeoFSTTGF-cf0.2-nb-qnewK-s1-o52b-o54b_0-bspm_estqsimple_softdep_fullmvprior_x0_sttgamma_flexsigmaC_OPT,Data,sigmac,24,,0.2
0100-dwfn-exeoFSTTGF-cf0.2-nb-qnewK-s1-o52b-o54b_0-bspm_estqsimple_softdep_fullmvprior_x0_sttgamma_flexsigmaC_OPT,Data,sigmac,25,,0.2
0100-dwfn-exeoFSTTGF-cf0.2-nb-qnewK-s1-o52b-o54b_0-bspm_estqsimple_softdep_fullmvprior_x0_sttgamma_flexsigmaC_OPT,Data,sigmac,26,,0.2
0100-dwfn-exeoFSTTGF-cf0.2-nb-qnewK-s1-o52b-o54b_0-bspm_estqsimple_softdep_fullmvprior_x0_sttgamma_flexsigmaC_OPT,Data,sigmac,27,,0.2
0100-dwfn-exeoFSTTGF-cf0.2-nb-qnewK-s1-o52b-o54b_0-bspm_estqsimple_softdep_fullmvprior_x0_sttgamma_flexsigmaC_OPT,Data,sigmac,28,,0.2
0100-dwfn-exeoFSTTGF-cf0.2-nb-qnewK-s1-o52b-o54b_0-bspm_estqsimple_softdep_fullmvprior_x0_sttgamma_flexsigmaC_OPT,Data,sigmac,29,,0.2
0100-dwfn-exeoFSTTGF-cf0.2-nb-qnewK-s1-o52b-o54b_0-bspm_estqsimple_softdep_fullmvprior_x0_sttgamma_flexsigmaC_OPT,Data,sigmac,30,,0.2
0100-dwfn-exeoFSTTGF-cf0.2-nb-qnewK-s1-o52b-o54b_0-bspm_estqsimple_softdep_fullmvprior_x0_sttgamma_flexsigmaC_OPT,Data,sigmac,31,,0.2
0100-dwfn-exeoFSTTGF-cf0.2-nb-qnewK-s1-o52b-o54b_0-bspm_estqsimple_softdep_fullmvprior_x0_sttgamma_flexsigmaC_OPT,Data,sigmac,32,,0.2
0100-dwfn-exeoFSTTGF-cf0.2-nb-qnewK-s1-o52b-o54b_0-bspm_estqsimple_softdep_fullmvprior_x0_sttgamma_flexsigmaC_OPT,Data,sigmac,33,,0.2
0100-dwfn-exeoFSTTGF-cf0.2-nb-qnewK-s1-o52b-o54b_0-bspm_estqsimple_softdep_fullmvprior_x0_sttgamma_flexsigmaC_OPT,Data,sigmac,34,,0.2
0100-dwfn-exeoFSTTGF-cf0.2-nb-qnewK-s1-o52b-o54b_0-bspm_estqsimple_softdep_fullmvprior_x0_sttgamma_flexsigmaC_OPT,Data,sigmac,35,,0.2
0100-dwfn-exeoFSTTGF-cf0.2-nb-qnewK-s1-o52b-o54b_0-bspm_estqsimple_softdep_fullmvprior_x0_sttgamma_flexsigmaC_OPT,Data,sigmac,36,,0.2
0100-dwfn-exeoFSTTGF-cf0.2-nb-qnewK-s1-o52b-o54b_0-bspm_estqsimple_softdep_fullmvprior_x0_sttgamma_flexsigmaC_OPT,Data,sigmac,37,,0.2
0100-dwfn-exeoFSTTGF-cf0.2-nb-qnewK-s1-o52b-o54b_0-bspm_estqsimple_softdep_fullmvprior_x0_sttgamma_flexsigmaC_OPT,Data,sigmac,38,,0.2
0100-dwfn-exeoFSTTGF-cf0.2-nb-qnewK-s1-o52b-o54b_0-bspm_estqsimple_softdep_fullmvprior_x0_sttgamma_flexsigmaC_OPT,Data,sigmac,39,,0.2
0100-dwfn-exeoFSTTGF-cf0.2-nb-qnewK-s1-o52b-o54b_0-bspm_estqsimple_softdep_fullmvprior_x0_sttgamma_flexsigmaC_OPT,Data,sigmac,40,,0.2
0100-dwfn-exeoFSTTGF-cf0.2-nb-qnewK-s1-o52b-o54b_0-bspm_estqsimple_softdep_fullmvprior_x0_sttgamma_flexsigmaC_OPT,Data,sigmac,41,,0.2
0100-dwfn-exeoFSTTGF-cf0.2-nb-qnewK-s1-o52b-o54b_0-bspm_estqsimple_softdep_fullmvprior_x0_sttgamma_flexsigmaC_OPT,Data,sigmac,42,,0.2
0100-dwfn-exeoFSTTGF-cf0.2-nb-qnewK-s1-o52b-o54b_0-bspm_estqsimple_softdep_fullmvprior_x0_sttgamma_flexsigmaC_OPT,Data,sigmac,43,,0.2
0100-dwfn-exeoFSTTGF-cf0.2-nb-qnewK-s1-o52b-o54b_0-bspm_estqsimple_softdep_fullmvprior_x0_sttgamma_flexsigmaC_OPT,Data,sigmac,44,,0.2
0100-dwfn-exeoFSTTGF-cf0.2-nb-qnewK-s1-o52b-o54b_0-bspm_estqsimple_softdep_fullmvprior_x0_sttgamma_flexsigmaC_OPT,Data,sigmac,45,,0.2
0100-dwfn-exeoFSTTGF-cf0.2-nb-qnewK-s1-o52b-o54b_0-bspm_estqsimple_softdep_fullmvprior_x0_sttgamma_flexsigmaC_OPT,Data,sigmac,46,,0.2
0100-dwfn-exeoFSTTGF-cf0.2-nb-qnewK-s1-o52b-o54b_0-bspm_estqsimple_softdep_fullmvprior_x0_sttgamma_flexsigmaC_OPT,Data,sigmac,47,,0.2
0100-dwfn-exeoFSTTGF-cf0.2-nb-qnewK-s1-o52b-o54b_0-bspm_estqsimple_softdep_fullmvprior_x0_sttgamma_flexsigmaC_OPT,Data,sigmac,48,,0.2
0100-dwfn-exeoFSTTGF-cf0.2-nb-qnewK-s1-o52b-o54b_0-bspm_estqsimple_softdep_fullmvprior_x0_sttgamma_flexsigmaC_OPT,Data,sigmac,49,,0.2
0100-dwfn-exeoFSTTGF-cf0.2-nb-qnewK-s1-o52b-o54b_0-bspm_estqsimple_softdep_fullmvprior_x0_sttgamma_flexsigmaC_OPT,Data,sigmac,50,,0.2
0100-dwfn-exeoFSTTGF-cf0.2-nb-qnewK-s1-o52b-o54b_0-bspm_estqsimple_softdep_fullmvprior_x0_sttgamma_flexsigmaC_OPT,Data,sigmac,51,,0.2
0100-dwfn-exeoFSTTGF-cf0.2-nb-qnewK-s1-o52b-o54b_0-bspm_estqsimple_softdep_fullmvprior_x0_sttgamma_flexsigmaC_OPT,Data,sigmac,52,,0.2
0100-dwfn-exeoFSTTGF-cf0.2-nb-qnewK-s1-o52b-o54b_0-bspm_estqsimple_softdep_fullmvprior_x0_sttgamma_flexsigmaC_OPT,Data,sigmac,53,,0.2
0100-dwfn-exeoFSTTGF-cf0.2-nb-qnewK-s1-o52b-o54b_0-bspm_estqsimple_softdep_fullmvprior_x0_sttgamma_flexsigmaC_OPT,Data,sigmac,54,,0.2
0100-dwfn-exeoFSTTGF-cf0.2-nb-qnewK-s1-o52b-o54b_0-bspm_estqsimple_softdep_fullmvprior_x0_sttgamma_flexsigmaC_OPT,Data,sigmac,55,,0.2
0100-dwfn-exeoFSTTGF-cf0.2-nb-qnewK-s1-o52b-o54b_0-bspm_estqsimple_softdep_fullmvprior_x0_sttgamma_flexsigmaC_OPT,Data,sigmac,56,,0.2
0100-dwfn-exeoFSTTGF-cf0.2-nb-qnewK-s1-o52b-o54b_0-bspm_estqsimple_softdep_fullmvprior_x0_sttgamma_flexsigmaC_OPT,Data,sigmac,57,,0.2
0100-dwfn-exeoFSTTGF-cf0.2-nb-qnewK-s1-o52b-o54b_0-bspm_estqsimple_softdep_fullmvprior_x0_sttgamma_flexsigmaC_OPT,Data,sigmac,58,,0.2
0100-dwfn-exeoFSTTGF-cf0.2-nb-qnewK-s1-o52b-o54b_0-bspm_estqsimple_softdep_fullmvprior_x0_sttgamma_flexsigmaC_OPT,Data,sigmac,59,,0.2
0100-dwfn-exeoFSTTGF-cf0.2-nb-qnewK-s1-o52b-o54b_0-bspm_estqsimple_softdep_fullmvprior_x0_sttgamma_flexsigmaC_OPT,Data,sigmac,60,,0.2
0100-dwfn-exeoFSTTGF-cf0.2-nb-qnewK-s1-o52b-o54b_0-bspm_estqsimple_softdep_fullmvprior_x0_sttgamma_flexsigmaC_OPT,Data,sigmac,61,,0.2
0100-dwfn-exeoFSTTGF-cf0.2-nb-qnewK-s1-o52b-o54b_0-bspm_estqsimple_softdep_fullmvprior_x0_sttgamma_flexsigmaC_OPT,Data,sigmac,62,,0.2
0100-dwfn-exeoFSTTGF-cf0.2-nb-qnewK-s1-o52b-o54b_0-bspm_estqsimple_softdep_fullmvprior_x0_sttgamma_flexsigmaC_OPT,Data,sigmac,63,,0.2
0100-dwfn-exeoFSTTGF-cf0.2-nb-qnewK-s1-o52b-o54b_0-bspm_estqsimple_softdep_fullmvprior_x0_sttgamma_flexsigmaC_OPT,Data,sigmac,64,,0.2
0100-dwfn-exeoFSTTGF-cf0.2-nb-qnewK-s1-o52b-o54b_0-bspm_estqsimple_softdep_fullmvprior_x0_sttgamma_flexsigmaC_OPT,Data,sigmac,65,,0.2
0100-dwfn-exeoFSTTGF-cf0.2-nb-qnewK-s1-o52b-o54b_0-bspm_estqsimple_softdep_fullmvprior_x0_sttgamma_flexsigmaC_OPT,Data,sigmac,66,,0.2
0100-dwfn-exeoFSTTGF-cf0.2-nb-qnewK-s1-o52b-o54b_0-bspm_estqsimple_softdep_fullmvprior_x0_sttgamma_flexsigmaC_OPT,Data,sigmac,67,,0.2
0100-dwfn-exeoFSTTGF-cf0.2-nb-qnewK-s1-o52b-o54b_0-bspm_estqsimple_softdep_fullmvprior_x0_sttgamma_flexsigmaC_OPT,Data,sigmac,68,,0.2
0100-dwfn-exeoFSTTGF-cf0.2-nb-qnewK-s1-o52b-o54b_0-bspm_estqsimple_softdep_fullmvprior_x0_sttgamma_flexsigmaC_OPT,Data,sigmac,69,,0.2
0100-dwfn-exeoFSTTGF-cf0.2-nb-qnewK-s1-o52b-o54b_0-bspm_estqsimple_softdep_fullmvprior_x0_sttgamma_flexsigmaC_OPT,Data,sigmac,70,,0.2
0100-dwfn-exeoFSTTGF-cf0.2-nb-qnewK-s1-o52b-o54b_0-bspm_estqsimple_softdep_fullmvprior_x0_sttgamma_flexsigmaC_OPT,Data,sigmac,71,,0.2
0100-dwfn-exeoFSTTGF-cf0.2-nb-qnewK-s1-o52b-o54b_0-bspm_estqsimple_softdep_fullmvprior_x0_sttgamma_flexsigmaC_OPT,Data,mv_prior_mean,1,,13.9203502872535
0100-dwfn-exeoFSTTGF-cf0.2-nb-qnewK-s1-o52b-o54b_0-bspm_estqsimple_softdep_fullmvprior_x0_sttgamma_flexsigmaC_OPT,Data,mv_prior_mean,2,,-0.477087496356418
0100-dwfn-exeoFSTTGF-cf0.2-nb-qnewK-s1-o52b-o54b_0-bspm_estqsimple_softdep_fullmvprior_x0_sttgamma_flexsigmaC_OPT,Data,mv_prior_mean,3,,0.148497416946253
0100-dwfn-exeoFSTTGF-cf0.2-nb-qnewK-s1-o52b-o54b_0-bspm_estqsimple_softdep_fullmvprior_x0_sttgamma_flexsigmaC_OPT,Data,mv_prior_mean,4,,0
0100-dwfn-exeoFSTTGF-cf0.2-nb-qnewK-s1-o52b-o54b_0-bspm_estqsimple_softdep_fullmvprior_x0_sttgamma_flexsigmaC_OPT,Data,mv_prior_mean,5,,-0.689388412866147
0100-dwfn-exeoFSTTGF-cf0.2-nb-qnewK-s1-o52b-o54b_0-bspm_estqsimple_softdep_fullmvprior_x0_sttgamma_flexsigmaC_OPT,Data,mv_prior_mean,6,,2.33157877738149
0100-dwfn-exeoFSTTGF-cf0.2-nb-qnewK-s1-o52b-o54b_0-bspm_estqsimple_softdep_fullmvprior_x0_sttgamma_flexsigmaC_OPT,Data,mv_prior_mean,7,,0.481607658661174
0100-dwfn-exeoFSTTGF-cf0.2-nb-qnewK-s1-o52b-o54b_0-bspm_estqsimple_softdep_fullmvprior_x0_sttgamma_flexsigmaC_OPT,Data,mv_prior_sd,1,,0.593057465918114
0100-dwfn-exeoFSTTGF-cf0.2-nb-qnewK-s1-o52b-o54b_0-bspm_estqsimple_softdep_fullmvprior_x0_sttgamma_flexsigmaC_OPT,Data,mv_prior_sd,2,,0.576973470798277
0100-dwfn-exeoFSTTGF-cf0.2-nb-qnewK-s1-o52b-o54b_0-bspm_estqsimple_softdep_fullmvprior_x0_sttgamma_flexsigmaC_OPT,Data,mv_prior_sd,3,,0.537542215412777
0100-dwfn-exeoFSTTGF-cf0.2-nb-qnewK-s1-o52b-o54b_0-bspm_estqsimple_softdep_fullmvprior_x0_sttgamma_flexsigmaC_OPT,Data,mv_prior_sd,4,,0.025
0100-dwfn-exeoFSTTGF-cf0.2-nb-qnewK-s1-o52b-o54b_0-bspm_estqsimple_softdep_fullmvprior_x0_sttgamma_flexsigmaC_OPT,Data,mv_prior_sd,5,,0.947698241059337
0100-dwfn-exeoFSTTGF-cf0.2-nb-qnewK-s1-o52b-o54b_0-bspm_estqsimple_softdep_fullmvprior_x0_sttgamma_flexsigmaC_OPT,Data,mv_prior_sd,6,,0.617081725879609
0100-dwfn-exeoFSTTGF-cf0.2-nb-qnewK-s1-o52b-o54b_0-bspm_estqsimple_softdep_fullmvprior_x0_sttgamma_flexsigmaC_OPT,Data,mv_prior_sd,7,,0.300166484419554
0100-dwfn-exeoFSTTGF-cf0.2-nb-qnewK-s1-o52b-o54b_0-bspm_estqsimple_softdep_fullmvprior_x0_sttgamma_flexsigmaC_OPT,Data,mv_prior_corr,1,1,1
0100-dwfn-exeoFSTTGF-cf0.2-nb-qnewK-s1-o52b-o54b_0-bspm_estqsimple_softdep_fullmvprior_x0_sttgamma_flexsigmaC_OPT,Data,mv_prior_corr,2,1,-0.220187560556936
0100-dwfn-exeoFSTTGF-cf0.2-nb-qnewK-s1-o52b-o54b_0-bspm_estqsimple_softdep_fullmvprior_x0_sttgamma_flexsigmaC_OPT,Data,mv_prior_corr,3,1,0.171283634248391
0100-dwfn-exeoFSTTGF-cf0.2-nb-qnewK-s1-o52b-o54b_0-bspm_estqsimple_softdep_fullmvprior_x0_sttgamma_flexsigmaC_OPT,Data,mv_prior_corr,4,1,0
0100-dwfn-exeoFSTTGF-cf0.2-nb-qnewK-s1-o52b-o54b_0-bspm_estqsimple_softdep_fullmvprior_x0_sttgamma_flexsigmaC_OPT,Data,mv_prior_corr,5,1,-0.241131415768315
0100-dwfn-exeoFSTTGF-cf0.2-nb-qnewK-s1-o52b-o54b_0-bspm_estqsimple_softdep_fullmvprior_x0_sttgamma_flexsigmaC_OPT,Data,mv_prior_corr,6,1,0.192530612324351
0100-dwfn-exeoFSTTGF-cf0.2-nb-qnewK-s1-o52b-o54b_0-bspm_estqsimple_softdep_fullmvprior_x0_sttgamma_flexsigmaC_OPT,Data,mv_prior_corr,7,1,0.201935704687694
0100-dwfn-exeoFSTTGF-cf0.2-nb-qnewK-s1-o52b-o54b_0-bspm_estqsimple_softdep_fullmvprior_x0_sttgamma_flexsigmaC_OPT,Data,mv_prior_corr,1,2,-0.220187560556936
0100-dwfn-exeoFSTTGF-cf0.2-nb-qnewK-s1-o52b-o54b_0-bspm_estqsimple_softdep_fullmvprior_x0_sttgamma_flexsigmaC_OPT,Data,mv_prior_corr,2,2,1
0100-dwfn-exeoFSTTGF-cf0.2-nb-qnewK-s1-o52b-o54b_0-bspm_estqsimple_softdep_fullmvprior_x0_sttgamma_flexsigmaC_OPT,Data,mv_prior_corr,3,2,-0.880746153004668
0100-dwfn-exeoFSTTGF-cf0.2-nb-qnewK-s1-o52b-o54b_0-bspm_estqsimple_softdep_fullmvprior_x0_sttgamma_flexsigmaC_OPT,Data,mv_prior_corr,4,2,0
0100-dwfn-exeoFSTTGF-cf0.2-nb-qnewK-s1-o52b-o54b_0-bspm_estqsimple_softdep_fullmvprior_x0_sttgamma_flexsigmaC_OPT,Data,mv_prior_corr,5,2,0
0100-dwfn-exeoFSTTGF-cf0.2-nb-qnewK-s1-o52b-o54b_0-bspm_estqsimple_softdep_fullmvprior_x0_sttgamma_flexsigmaC_OPT,Data,mv_prior_corr,6,2,0
0100-dwfn-exeoFSTTGF-cf0.2-nb-qnewK-s1-o52b-o54b_0-bspm_estqsimple_softdep_fullmvprior_x0_sttgamma_flexsigmaC_OPT,Data,mv_prior_corr,7,2,0
0100-dwfn-exeoFSTTGF-cf0.2-nb-qnewK-s1-o52b-o54b_0-bspm_estqsimple_softdep_fullmvprior_x0_sttgamma_flexsigmaC_OPT,Data,mv_prior_corr,1,3,0.171283634248391
0100-dwfn-exeoFSTTGF-cf0.2-nb-qnewK-s1-o52b-o54b_0-bspm_estqsimple_softdep_fullmvprior_x0_sttgamma_flexsigmaC_OPT,Data,mv_prior_corr,2,3,-0.880746153004668
0100-dwfn-exeoFSTTGF-cf0.2-nb-qnewK-s1-o52b-o54b_0-bspm_estqsimple_softdep_fullmvprior_x0_sttgamma_flexsigmaC_OPT,Data,mv_prior_corr,3,3,1
0100-dwfn-exeoFSTTGF-cf0.2-nb-qnewK-s1-o52b-o54b_0-bspm_estqsimple_softdep_fullmvprior_x0_sttgamma_flexsigmaC_OPT,Data,mv_prior_corr,4,3,0
0100-dwfn-exeoFSTTGF-cf0.2-nb-qnewK-s1-o52b-o54b_0-bspm_estqsimple_softdep_fullmvprior_x0_sttgamma_flexsigmaC_OPT,Data,mv_prior_corr,5,3,0
0100-dwfn-exeoFSTTGF-cf0.2-nb-qnewK-s1-o52b-o54b_0-bspm_estqsimple_softdep_fullmvprior_x0_sttgamma_flexsigmaC_OPT,Data,mv_prior_corr,6,3,0
0100-dwfn-exeoFSTTGF-cf0.2-nb-qnewK-s1-o52b-o54b_0-bspm_estqsimple_softdep_fullmvprior_x0_sttgamma_flexsigmaC_OPT,Data,mv_prior_corr,7,3,0
0100-dwfn-exeoFSTTGF-cf0.2-nb-qnewK-s1-o52b-o54b_0-bspm_estqsimple_softdep_fullmvprior_x0_sttgamma_flexsigmaC_OPT,Data,mv_prior_corr,1,4,0
0100-dwfn-exeoFSTTGF-cf0.2-nb-qnewK-s1-o52b-o54b_0-bspm_estqsimple_softdep_fullmvprior_x0_sttgamma_flexsigmaC_OPT,Data,mv_prior_corr,2,4,0
0100-dwfn-exeoFSTTGF-cf0.2-nb-qnewK-s1-o52b-o54b_0-bspm_estqsimple_softdep_fullmvprior_x0_sttgamma_flexsigmaC_OPT,Data,mv_prior_corr,3,4,0
0100-dwfn-exeoFSTTGF-cf0.2-nb-qnewK-s1-o52b-o54b_0-bspm_estqsimple_softdep_fullmvprior_x0_sttgamma_flexsigmaC_OPT,Data,mv_prior_corr,4,4,1
0100-dwfn-exeoFSTTGF-cf0.2-nb-qnewK-s1-o52b-o54b_0-bspm_estqsimple_softdep_fullmvprior_x0_sttgamma_flexsigmaC_OPT,Data,mv_prior_corr,5,4,0
0100-dwfn-exeoFSTTGF-cf0.2-nb-qnewK-s1-o52b-o54b_0-bspm_estqsimple_softdep_fullmvprior_x0_sttgamma_flexsigmaC_OPT,Data,mv_prior_corr,6,4,0
0100-dwfn-exeoFSTTGF-cf0.2-nb-qnewK-s1-o52b-o54b_0-bspm_estqsimple_softdep_fullmvprior_x0_sttgamma_flexsigmaC_OPT,Data,mv_prior_corr,7,4,0
0100-dwfn-exeoFSTTGF-cf0.2-nb-qnewK-s1-o52b-o54b_0-bspm_estqsimple_softdep_fullmvprior_x0_sttgamma_flexsigmaC_OPT,Data,mv_prior_corr,1,5,-0.241131415768315
0100-dwfn-exeoFSTTGF-cf0.2-nb-qnewK-s1-o52b-o54b_0-bspm_estqsimple_softdep_fullmvprior_x0_sttgamma_flexsigmaC_OPT,Data,mv_prior_corr,2,5,0
0100-dwfn-exeoFSTTGF-cf0.2-nb-qnewK-s1-o52b-o54b_0-bspm_estqsimple_softdep_fullmvprior_x0_sttgamma_flexsigmaC_OPT,Data,mv_prior_corr,3,5,0
0100-dwfn-exeoFSTTGF-cf0.2-nb-qnewK-s1-o52b-o54b_0-bspm_estqsimple_softdep_fullmvprior_x0_sttgamma_flexsigmaC_OPT,Data,mv_prior_corr,4,5,0
0100-dwfn-exeoFSTTGF-cf0.2-nb-qnewK-s1-o52b-o54b_0-bspm_estqsimple_softdep_fullmvprior_x0_sttgamma_flexsigmaC_OPT,Data,mv_prior_corr,5,5,1
0100-dwfn-exeoFSTTGF-cf0.2-nb-qnewK-s1-o52b-o54b_0-bspm_estqsimple_softdep_fullmvprior_x0_sttgamma_flexsigmaC_OPT,Data,mv_prior_corr,6,5,0.243242637964405
0100-dwfn-exeoFSTTGF-cf0.2-nb-qnewK-s1-o52b-o54b_0-bspm_estqsimple_softdep_fullmvprior_x0_sttgamma_flexsigmaC_OPT,Data,mv_prior_corr,7,5,0.55946941619141
0100-dwfn-exeoFSTTGF-cf0.2-nb-qnewK-s1-o52b-o54b_0-bspm_estqsimple_softdep_fullmvprior_x0_sttgamma_flexsigmaC_OPT,Data,mv_prior_corr,1,6,0.192530612324351
0100-dwfn-exeoFSTTGF-cf0.2-nb-qnewK-s1-o52b-o54b_0-bspm_estqsimple_softdep_fullmvprior_x0_sttgamma_flexsigmaC_OPT,Data,mv_prior_corr,2,6,0
0100-dwfn-exeoFSTTGF-cf0.2-nb-qnewK-s1-o52b-o54b_0-bspm_estqsimple_softdep_fullmvprior_x0_sttgamma_flexsigmaC_OPT,Data,mv_prior_corr,3,6,0
0100-dwfn-exeoFSTTGF-cf0.2-nb-qnewK-s1-o52b-o54b_0-bspm_estqsimple_softdep_fullmvprior_x0_sttgamma_flexsigmaC_OPT,Data,mv_prior_corr,4,6,0
0100-dwfn-exeoFSTTGF-cf0.2-nb-qnewK-s1-o52b-o54b_0-bspm_estqsimple_softdep_fullmvprior_x0_sttgamma_flexsigmaC_OPT,Data,mv_prior_corr,5,6,0.243242637964405
0100-dwfn-exeoFSTTGF-cf0.2-nb-qnewK-s1-o52b-o54b_0-bspm_estqsimple_softdep_fullmvprior_x0_sttgamma_flexsigmaC_OPT,Data,mv_prior_corr,6,6,1
0100-dwfn-exeoFSTTGF-cf0.2-nb-qnewK-s1-o52b-o54b_0-bspm_estqsimple_softdep_fullmvprior_x0_sttgamma_flexsigmaC_OPT,Data,mv_prior_corr,7,6,0.147801117912636
0100-dwfn-exeoFSTTGF-cf0.2-nb-qnewK-s1-o52b-o54b_0-bspm_estqsimple_softdep_fullmvprior_x0_sttgamma_flexsigmaC_OPT,Data,mv_prior_corr,1,7,0.201935704687694
0100-dwfn-exeoFSTTGF-cf0.2-nb-qnewK-s1-o52b-o54b_0-bspm_estqsimple_softdep_fullmvprior_x0_sttgamma_flexsigmaC_OPT,Data,mv_prior_corr,2,7,0
0100-dwfn-exeoFSTTGF-cf0.2-nb-qnewK-s1-o52b-o54b_0-bspm_estqsimple_softdep_fullmvprior_x0_sttgamma_flexsigmaC_OPT,Data,mv_prior_corr,3,7,0
0100-dwfn-exeoFSTTGF-cf0.2-nb-qnewK-s1-o52b-o54b_0-bspm_estqsimple_softdep_fullmvprior_x0_sttgamma_flexsigmaC_OPT,Data,mv_prior_corr,4,7,0
0100-dwfn-exeoFSTTGF-cf0.2-nb-qnewK-s1-o52b-o54b_0-bspm_estqsimple_softdep_fullmvprior_x0_sttgamma_flexsigmaC_OPT,Data,mv_prior_corr,5,7,0.55946941619141
0100-dwfn-exeoFSTTGF-cf0.2-nb-qnewK-s1-o52b-o54b_0-bspm_estqsimple_softdep_fullmvprior_x0_sttgamma_flexsigmaC_OPT,Data,mv_prior_corr,6,7,0.147801117912636
0100-dwfn-exeoFSTTGF-cf0.2-nb-qnewK-s1-o52b-o54b_0-bspm_estqsimple_softdep_fullmvprior_x0_sttgamma_flexsigmaC_OPT,Data,mv_prior_corr,7,7,1
0100-dwfn-exeoFSTTGF-cf0.2-nb-qnewK-s1-o52b-o54b_0-bspm_estqsimple_softdep_fullmvprior_x0_sttgamma_flexsigmaC_OPT,Data,mv_qdev_prior_mean,1,,2.33157890953823
0100-dwfn-exeoFSTTGF-cf0.2-nb-qnewK-s1-o52b-o54b_0-bspm_estqsimple_softdep_fullmvprior_x0_sttgamma_flexsigmaC_OPT,Data,mv_qdev_prior_mean,2,,0.481608386571686
0100-dwfn-exeoFSTTGF-cf0.2-nb-qnewK-s1-o52b-o54b_0-bspm_estqsimple_softdep_fullmvprior_x0_sttgamma_flexsigmaC_OPT,Data,mv_qdev_prior_sd,1,,0.617080003789612
0100-dwfn-exeoFSTTGF-cf0.2-nb-qnewK-s1-o52b-o54b_0-bspm_estqsimple_softdep_fullmvprior_x0_sttgamma_flexsigmaC_OPT,Data,mv_qdev_prior_sd,2,,0.300166351032631
0100-dwfn-exeoFSTTGF-cf0.2-nb-qnewK-s1-o52b-o54b_0-bspm_estqsimple_softdep_fullmvprior_x0_sttgamma_flexsigmaC_OPT,Data,mv_qdev_prior_corr,1,1,1
0100-dwfn-exeoFSTTGF-cf0.2-nb-qnewK-s1-o52b-o54b_0-bspm_estqsimple_softdep_fullmvprior_x0_sttgamma_flexsigmaC_OPT,Data,mv_qdev_prior_corr,2,1,0.147799005323017
0100-dwfn-exeoFSTTGF-cf0.2-nb-qnewK-s1-o52b-o54b_0-bspm_estqsimple_softdep_fullmvprior_x0_sttgamma_flexsigmaC_OPT,Data,mv_qdev_prior_corr,1,2,0.147799005323017
0100-dwfn-exeoFSTTGF-cf0.2-nb-qnewK-s1-o52b-o54b_0-bspm_estqsimple_softdep_fullmvprior_x0_sttgamma_flexsigmaC_OPT,Data,mv_qdev_prior_corr,2,2,1
0100-dwfn-exeoFSTTGF-cf0.2-nb-qnewK-s1-o52b-o54b_0-bspm_estqsimple_softdep_fullmvprior_x0_sttgamma_flexsigmaC_OPT,PriorMean,logsigmap,,,-2.9311037
0100-dwfn-exeoFSTTGF-cf0.2-nb-qnewK-s1-o52b-o54b_0-bspm_estqsimple_softdep_fullmvprior_x0_sttgamma_flexsigmaC_OPT,PriorSD,logsigmap,,,0.2661089
0100-dwfn-exeoFSTTGF-cf0.2-nb-qnewK-s1-o52b-o54b_0-bspm_estqsimple_softdep_fullmvprior_x0_sttgamma_flexsigmaC_OPT,PriorSD,sigmao_add,,,0.2
0100-dwfn-exeoFSTTGF-cf0.2-nb-qnewK-s1-o52b-o54b_0-bspm_estqsimple_softdep_fullmvprior_x0_sttgamma_flexsigmaC_OPT,Data,prior_depletion_meanlog,,,0
0100-dwfn-exeoFSTTGF-cf0.2-nb-qnewK-s1-o52b-o54b_0-bspm_estqsimple_softdep_fullmvprior_x0_sttgamma_flexsigmaC_OPT,Data,prior_depletion_sdlog,,,1
0100-dwfn-exeoFSTTGF-cf0.2-nb-qnewK-s1-o52b-o54b_0-bspm_estqsimple_softdep_fullmvprior_x0_sttgamma_flexsigmaC_OPT,Data,full_mv_prior_mean,1,,13.9203502872535
0100-dwfn-exeoFSTTGF-cf0.2-nb-qnewK-s1-o52b-o54b_0-bspm_estqsimple_softdep_fullmvprior_x0_sttgamma_flexsigmaC_OPT,Data,full_mv_prior_mean,2,,-0.477087496356418
0100-dwfn-exeoFSTTGF-cf0.2-nb-qnewK-s1-o52b-o54b_0-bspm_estqsimple_softdep_fullmvprior_x0_sttgamma_flexsigmaC_OPT,Data,full_mv_prior_mean,3,,0.148497416946253
0100-dwfn-exeoFSTTGF-cf0.2-nb-qnewK-s1-o52b-o54b_0-bspm_estqsimple_softdep_fullmvprior_x0_sttgamma_flexsigmaC_OPT,Data,full_mv_prior_mean,4,,0.00171691690658116
0100-dwfn-exeoFSTTGF-cf0.2-nb-qnewK-s1-o52b-o54b_0-bspm_estqsimple_softdep_fullmvprior_x0_sttgamma_flexsigmaC_OPT,Data,full_mv_prior_mean,5,,-0.689388412866147
0100-dwfn-exeoFSTTGF-cf0.2-nb-qnewK-s1-o52b-o54b_0-bspm_estqsimple_softdep_fullmvprior_x0_sttgamma_flexsigmaC_OPT,Data,full_mv_prior_mean,6,,2.33157877738149
0100-dwfn-exeoFSTTGF-cf0.2-nb-qnewK-s1-o52b-o54b_0-bspm_estqsimple_softdep_fullmvprior_x0_sttgamma_flexsigmaC_OPT,Data,full_mv_prior_mean,7,,0.481607658661174
0100-dwfn-exeoFSTTGF-cf0.2-nb-qnewK-s1-o52b-o54b_0-bspm_estqsimple_softdep_fullmvprior_x0_sttgamma_flexsigmaC_OPT,Data,full_mv_prior_sd,1,,0.593057465918114
0100-dwfn-exeoFSTTGF-cf0.2-nb-qnewK-s1-o52b-o54b_0-bspm_estqsimple_softdep_fullmvprior_x0_sttgamma_flexsigmaC_OPT,Data,full_mv_prior_sd,2,,0.576973470798277
0100-dwfn-exeoFSTTGF-cf0.2-nb-qnewK-s1-o52b-o54b_0-bspm_estqsimple_softdep_fullmvprior_x0_sttgamma_flexsigmaC_OPT,Data,full_mv_prior_sd,3,,0.537542215412777
0100-dwfn-exeoFSTTGF-cf0.2-nb-qnewK-s1-o52b-o54b_0-bspm_estqsimple_softdep_fullmvprior_x0_sttgamma_flexsigmaC_OPT,Data,full_mv_prior_sd,4,,0.0240477840136711
0100-dwfn-exeoFSTTGF-cf0.2-nb-qnewK-s1-o52b-o54b_0-bspm_estqsimple_softdep_fullmvprior_x0_sttgamma_flexsigmaC_OPT,Data,full_mv_prior_sd,5,,0.947698241059337
0100-dwfn-exeoFSTTGF-cf0.2-nb-qnewK-s1-o52b-o54b_0-bspm_estqsimple_softdep_fullmvprior_x0_sttgamma_flexsigmaC_OPT,Data,full_mv_prior_sd,6,,0.617081725879609
0100-dwfn-exeoFSTTGF-cf0.2-nb-qnewK-s1-o52b-o54b_0-bspm_estqsimple_softdep_fullmvprior_x0_sttgamma_flexsigmaC_OPT,Data,full_mv_prior_sd,7,,0.300166484419554
0100-dwfn-exeoFSTTGF-cf0.2-nb-qnewK-s1-o52b-o54b_0-bspm_estqsimple_softdep_fullmvprior_x0_sttgamma_flexsigmaC_OPT,Data,full_mv_prior_corr,1,1,1
0100-dwfn-exeoFSTTGF-cf0.2-nb-qnewK-s1-o52b-o54b_0-bspm_estqsimple_softdep_fullmvprior_x0_sttgamma_flexsigmaC_OPT,Data,full_mv_prior_corr,2,1,-0.220187560556936
0100-dwfn-exeoFSTTGF-cf0.2-nb-qnewK-s1-o52b-o54b_0-bspm_estqsimple_softdep_fullmvprior_x0_sttgamma_flexsigmaC_OPT,Data,full_mv_prior_corr,3,1,0.171283634248391
0100-dwfn-exeoFSTTGF-cf0.2-nb-qnewK-s1-o52b-o54b_0-bspm_estqsimple_softdep_fullmvprior_x0_sttgamma_flexsigmaC_OPT,Data,full_mv_prior_corr,4,1,0
0100-dwfn-exeoFSTTGF-cf0.2-nb-qnewK-s1-o52b-o54b_0-bspm_estqsimple_softdep_fullmvprior_x0_sttgamma_flexsigmaC_OPT,Data,full_mv_prior_corr,5,1,-0.241131415768315
0100-dwfn-exeoFSTTGF-cf0.2-nb-qnewK-s1-o52b-o54b_0-bspm_estqsimple_softdep_fullmvprior_x0_sttgamma_flexsigmaC_OPT,Data,full_mv_prior_corr,6,1,0.192530612324351
0100-dwfn-exeoFSTTGF-cf0.2-nb-qnewK-s1-o52b-o54b_0-bspm_estqsimple_softdep_fullmvprior_x0_sttgamma_flexsigmaC_OPT,Data,full_mv_prior_corr,7,1,0.201935704687694
0100-dwfn-exeoFSTTGF-cf0.2-nb-qnewK-s1-o52b-o54b_0-bspm_estqsimple_softdep_fullmvprior_x0_sttgamma_flexsigmaC_OPT,Data,full_mv_prior_corr,1,2,-0.220187560556936
0100-dwfn-exeoFSTTGF-cf0.2-nb-qnewK-s1-o52b-o54b_0-bspm_estqsimple_softdep_fullmvprior_x0_sttgamma_flexsigmaC_OPT,Data,full_mv_prior_corr,2,2,1
0100-dwfn-exeoFSTTGF-cf0.2-nb-qnewK-s1-o52b-o54b_0-bspm_estqsimple_softdep_fullmvprior_x0_sttgamma_flexsigmaC_OPT,Data,full_mv_prior_corr,3,2,-0.880746153004668
0100-dwfn-exeoFSTTGF-cf0.2-nb-qnewK-s1-o52b-o54b_0-bspm_estqsimple_softdep_fullmvprior_x0_sttgamma_flexsigmaC_OPT,Data,full_mv_prior_corr,4,2,0
0100-dwfn-exeoFSTTGF-cf0.2-nb-qnewK-s1-o52b-o54b_0-bspm_estqsimple_softdep_fullmvprior_x0_sttgamma_flexsigmaC_OPT,Data,full_mv_prior_corr,5,2,0
0100-dwfn-exeoFSTTGF-cf0.2-nb-qnewK-s1-o52b-o54b_0-bspm_estqsimple_softdep_fullmvprior_x0_sttgamma_flexsigmaC_OPT,Data,full_mv_prior_corr,6,2,0
0100-dwfn-exeoFSTTGF-cf0.2-nb-qnewK-s1-o52b-o54b_0-bspm_estqsimple_softdep_fullmvprior_x0_sttgamma_flexsigmaC_OPT,Data,full_mv_prior_corr,7,2,0
0100-dwfn-exeoFSTTGF-cf0.2-nb-qnewK-s1-o52b-o54b_0-bspm_estqsimple_softdep_fullmvprior_x0_sttgamma_flexsigmaC_OPT,Data,full_mv_prior_corr,1,3,0.171283634248391
0100-dwfn-exeoFSTTGF-cf0.2-nb-qnewK-s1-o52b-o54b_0-bspm_estqsimple_softdep_fullmvprior_x0_sttgamma_flexsigmaC_OPT,Data,full_mv_prior_corr,2,3,-0.880746153004668
0100-dwfn-exeoFSTTGF-cf0.2-nb-qnewK-s1-o52b-o54b_0-bspm_estqsimple_softdep_fullmvprior_x0_sttgamma_flexsigmaC_OPT,Data,full_mv_prior_corr,3,3,1
0100-dwfn-exeoFSTTGF-cf0.2-nb-qnewK-s1-o52b-o54b_0-bspm_estqsimple_softdep_fullmvprior_x0_sttgamma_flexsigmaC_OPT,Data,full_mv_prior_corr,4,3,0
0100-dwfn-exeoFSTTGF-cf0.2-nb-qnewK-s1-o52b-o54b_0-bspm_estqsimple_softdep_fullmvprior_x0_sttgamma_flexsigmaC_OPT,Data,full_mv_prior_corr,5,3,0
0100-dwfn-exeoFSTTGF-cf0.2-nb-qnewK-s1-o52b-o54b_0-bspm_estqsimple_softdep_fullmvprior_x0_sttgamma_flexsigmaC_OPT,Data,full_mv_prior_corr,6,3,0
0100-dwfn-exeoFSTTGF-cf0.2-nb-qnewK-s1-o52b-o54b_0-bspm_estqsimple_softdep_fullmvprior_x0_sttgamma_flexsigmaC_OPT,Data,full_mv_prior_corr,7,3,0
0100-dwfn-exeoFSTTGF-cf0.2-nb-qnewK-s1-o52b-o54b_0-bspm_estqsimple_softdep_fullmvprior_x0_sttgamma_flexsigmaC_OPT,Data,full_mv_prior_corr,1,4,0
0100-dwfn-exeoFSTTGF-cf0.2-nb-qnewK-s1-o52b-o54b_0-bspm_estqsimple_softdep_fullmvprior_x0_sttgamma_flexsigmaC_OPT,Data,full_mv_prior_corr,2,4,0
0100-dwfn-exeoFSTTGF-cf0.2-nb-qnewK-s1-o52b-o54b_0-bspm_estqsimple_softdep_fullmvprior_x0_sttgamma_flexsigmaC_OPT,Data,full_mv_prior_corr,3,4,0
0100-dwfn-exeoFSTTGF-cf0.2-nb-qnewK-s1-o52b-o54b_0-bspm_estqsimple_softdep_fullmvprior_x0_sttgamma_flexsigmaC_OPT,Data,full_mv_prior_corr,4,4,1
0100-dwfn-exeoFSTTGF-cf0.2-nb-qnewK-s1-o52b-o54b_0-bspm_estqsimple_softdep_fullmvprior_x0_sttgamma_flexsigmaC_OPT,Data,full_mv_prior_corr,5,4,0
0100-dwfn-exeoFSTTGF-cf0.2-nb-qnewK-s1-o52b-o54b_0-bspm_estqsimple_softdep_fullmvprior_x0_sttgamma_flexsigmaC_OPT,Data,full_mv_prior_corr,6,4,0
0100-dwfn-exeoFSTTGF-cf0.2-nb-qnewK-s1-o52b-o54b_0-bspm_estqsimple_softdep_fullmvprior_x0_sttgamma_flexsigmaC_OPT,Data,full_mv_prior_corr,7,4,0
0100-dwfn-exeoFSTTGF-cf0.2-nb-qnewK-s1-o52b-o54b_0-bspm_estqsimple_softdep_fullmvprior_x0_sttgamma_flexsigmaC_OPT,Data,full_mv_prior_corr,1,5,-0.241131415768315
0100-dwfn-exeoFSTTGF-cf0.2-nb-qnewK-s1-o52b-o54b_0-bspm_estqsimple_softdep_fullmvprior_x0_sttgamma_flexsigmaC_OPT,Data,full_mv_prior_corr,2,5,0
0100-dwfn-exeoFSTTGF-cf0.2-nb-qnewK-s1-o52b-o54b_0-bspm_estqsimple_softdep_fullmvprior_x0_sttgamma_flexsigmaC_OPT,Data,full_mv_prior_corr,3,5,0
0100-dwfn-exeoFSTTGF-cf0.2-nb-qnewK-s1-o52b-o54b_0-bspm_estqsimple_softdep_fullmvprior_x0_sttgamma_flexsigmaC_OPT,Data,full_mv_prior_corr,4,5,0
0100-dwfn-exeoFSTTGF-cf0.2-nb-qnewK-s1-o52b-o54b_0-bspm_estqsimple_softdep_fullmvprior_x0_sttgamma_flexsigmaC_OPT,Data,full_mv_prior_corr,5,5,1
0100-dwfn-exeoFSTTGF-cf0.2-nb-qnewK-s1-o52b-o54b_0-bspm_estqsimple_softdep_fullmvprior_x0_sttgamma_flexsigmaC_OPT,Data,full_mv_prior_corr,6,5,0.243242637964405
0100-dwfn-exeoFSTTGF-cf0.2-nb-qnewK-s1-o52b-o54b_0-bspm_estqsimple_softdep_fullmvprior_x0_sttgamma_flexsigmaC_OPT,Data,full_mv_prior_corr,7,5,0.55946941619141
0100-dwfn-exeoFSTTGF-cf0.2-nb-qnewK-s1-o52b-o54b_0-bspm_estqsimple_softdep_fullmvprior_x0_sttgamma_flexsigmaC_OPT,Data,full_mv_prior_corr,1,6,0.192530612324351
0100-dwfn-exeoFSTTGF-cf0.2-nb-qnewK-s1-o52b-o54b_0-bspm_estqsimple_softdep_fullmvprior_x0_sttgamma_flexsigmaC_OPT,Data,full_mv_prior_corr,2,6,0
0100-dwfn-exeoFSTTGF-cf0.2-nb-qnewK-s1-o52b-o54b_0-bspm_estqsimple_softdep_fullmvprior_x0_sttgamma_flexsigmaC_OPT,Data,full_mv_prior_corr,3,6,0
0100-dwfn-exeoFSTTGF-cf0.2-nb-qnewK-s1-o52b-o54b_0-bspm_estqsimple_softdep_fullmvprior_x0_sttgamma_flexsigmaC_OPT,Data,full_mv_prior_corr,4,6,0
0100-dwfn-exeoFSTTGF-cf0.2-nb-qnewK-s1-o52b-o54b_0-bspm_estqsimple_softdep_fullmvprior_x0_sttgamma_flexsigmaC_OPT,Data,full_mv_prior_corr,5,6,0.243242637964405
0100-dwfn-exeoFSTTGF-cf0.2-nb-qnewK-s1-o52b-o54b_0-bspm_estqsimple_softdep_fullmvprior_x0_sttgamma_flexsigmaC_OPT,Data,full_mv_prior_corr,6,6,1
0100-dwfn-exeoFSTTGF-cf0.2-nb-qnewK-s1-o52b-o54b_0-bspm_estqsimple_softdep_fullmvprior_x0_sttgamma_flexsigmaC_OPT,Data,full_mv_prior_corr,7,6,0.147801117912636
0100-dwfn-exeoFSTTGF-cf0.2-nb-qnewK-s1-o52b-o54b_0-bspm_estqsimple_softdep_fullmvprior_x0_sttgamma_flexsigmaC_OPT,Data,full_mv_prior_corr,1,7,0.201935704687694
0100-dwfn-exeoFSTTGF-cf0.2-nb-qnewK-s1-o52b-o54b_0-bspm_estqsimple_softdep_fullmvprior_x0_sttgamma_flexsigmaC_OPT,Data,full_mv_prior_corr,2,7,0
0100-dwfn-exeoFSTTGF-cf0.2-nb-qnewK-s1-o52b-o54b_0-bspm_estqsimple_softdep_fullmvprior_x0_sttgamma_flexsigmaC_OPT,Data,full_mv_prior_corr,3,7,0
0100-dwfn-exeoFSTTGF-cf0.2-nb-qnewK-s1-o52b-o54b_0-bspm_estqsimple_softdep_fullmvprior_x0_sttgamma_flexsigmaC_OPT,Data,full_mv_prior_corr,4,7,0
0100-dwfn-exeoFSTTGF-cf0.2-nb-qnewK-s1-o52b-o54b_0-bspm_estqsimple_softdep_fullmvprior_x0_sttgamma_flexsigmaC_OPT,Data,full_mv_prior_corr,5,7,0.55946941619141
0100-dwfn-exeoFSTTGF-cf0.2-nb-qnewK-s1-o52b-o54b_0-bspm_estqsimple_softdep_fullmvprior_x0_sttgamma_flexsigmaC_OPT,Data,full_mv_prior_corr,6,7,0.147801117912636
0100-dwfn-exeoFSTTGF-cf0.2-nb-qnewK-s1-o52b-o54b_0-bspm_estqsimple_softdep_fullmvprior_x0_sttgamma_flexsigmaC_OPT,Data,full_mv_prior_corr,7,7,1
0100-dwfn-exeoFSTTGF-cf0.2-nb-qnewK-s1-o52b-o54b_0-bspm_estqsimple_softdep_fullmvprior_x0_sttgamma_flexsigmaC_OPT,Data,nu_catch_gamma_shape,,,2
0100-dwfn-exeoFSTTGF-cf0.2-nb-qnewK-s1-o52b-o54b_0-bspm_estqsimple_softdep_fullmvprior_x0_sttgamma_flexsigmaC_OPT,Data,nu_catch_gamma_rate,,,0.1
